// Validating benchmarks:
// ***** BenchmarkRunner: Start   *****
// ***** Found 70 benchmark(s) in total *****
// ***** Building 1 exe(s) in Parallel: Start   *****
// start dotnet  restore --nodeReuse:false /p:UseSharedCompilation=false /p:Deterministic=true /p:Optimize=true /p:ArtifactsPath="C:\git\ScrubJay\ScrubJay.Text\benchmarks\bin\Release\net10.0\ScrubJay.Text.Benchmarks-ShortRun-1/" /p:OutDir="C:\git\ScrubJay\ScrubJay.Text\benchmarks\bin\Release\net10.0\ScrubJay.Text.Benchmarks-ShortRun-1\bin\Release\net10.0/" /p:OutputPath="C:\git\ScrubJay\ScrubJay.Text\benchmarks\bin\Release\net10.0\ScrubJay.Text.Benchmarks-ShortRun-1\bin\Release\net10.0/" /p:PublishDir="C:\git\ScrubJay\ScrubJay.Text\benchmarks\bin\Release\net10.0\ScrubJay.Text.Benchmarks-ShortRun-1\publish/" in C:\git\ScrubJay\ScrubJay.Text\benchmarks\bin\Release\net10.0\ScrubJay.Text.Benchmarks-ShortRun-1
// command took 4.43 sec and exited with 0
// start dotnet  build -c Release --no-restore --nodeReuse:false /p:UseSharedCompilation=false /p:Deterministic=true /p:Optimize=true /p:ArtifactsPath="C:\git\ScrubJay\ScrubJay.Text\benchmarks\bin\Release\net10.0\ScrubJay.Text.Benchmarks-ShortRun-1/" /p:OutDir="C:\git\ScrubJay\ScrubJay.Text\benchmarks\bin\Release\net10.0\ScrubJay.Text.Benchmarks-ShortRun-1\bin\Release\net10.0/" /p:OutputPath="C:\git\ScrubJay\ScrubJay.Text\benchmarks\bin\Release\net10.0\ScrubJay.Text.Benchmarks-ShortRun-1\bin\Release\net10.0/" /p:PublishDir="C:\git\ScrubJay\ScrubJay.Text\benchmarks\bin\Release\net10.0\ScrubJay.Text.Benchmarks-ShortRun-1\publish/" --output "C:\git\ScrubJay\ScrubJay.Text\benchmarks\bin\Release\net10.0\ScrubJay.Text.Benchmarks-ShortRun-1\bin\Release\net10.0/" in C:\git\ScrubJay\ScrubJay.Text\benchmarks\bin\Release\net10.0\ScrubJay.Text.Benchmarks-ShortRun-1
// command took 25.33 sec and exited with 0
// ***** Done, took 00:00:29 (29.94 sec)   *****
// ***** Building 1 exe(s) in Sequential: Start   *****
// start dotnet  restore --nodeReuse:false /p:UseSharedCompilation=false /p:Deterministic=true /p:Optimize=true /p:ArtifactsPath="C:\git\ScrubJay\ScrubJay.Text\benchmarks\bin\Release\net10.0\ScrubJay.Text.Benchmarks-ShortRun-2/" /p:OutDir="C:\git\ScrubJay\ScrubJay.Text\benchmarks\bin\Release\net10.0\ScrubJay.Text.Benchmarks-ShortRun-2\bin\Release\net6.0/" /p:OutputPath="C:\git\ScrubJay\ScrubJay.Text\benchmarks\bin\Release\net10.0\ScrubJay.Text.Benchmarks-ShortRun-2\bin\Release\net6.0/" /p:PublishDir="C:\git\ScrubJay\ScrubJay.Text\benchmarks\bin\Release\net10.0\ScrubJay.Text.Benchmarks-ShortRun-2\publish/" in C:\git\ScrubJay\ScrubJay.Text\benchmarks\bin\Release\net10.0\ScrubJay.Text.Benchmarks-ShortRun-2
// command took 4.46 sec and exited with 0
// start dotnet  build -c Release --no-restore --nodeReuse:false /p:UseSharedCompilation=false /p:Deterministic=true /p:Optimize=true /p:ArtifactsPath="C:\git\ScrubJay\ScrubJay.Text\benchmarks\bin\Release\net10.0\ScrubJay.Text.Benchmarks-ShortRun-2/" /p:OutDir="C:\git\ScrubJay\ScrubJay.Text\benchmarks\bin\Release\net10.0\ScrubJay.Text.Benchmarks-ShortRun-2\bin\Release\net6.0/" /p:OutputPath="C:\git\ScrubJay\ScrubJay.Text\benchmarks\bin\Release\net10.0\ScrubJay.Text.Benchmarks-ShortRun-2\bin\Release\net6.0/" /p:PublishDir="C:\git\ScrubJay\ScrubJay.Text\benchmarks\bin\Release\net10.0\ScrubJay.Text.Benchmarks-ShortRun-2\publish/" --output "C:\git\ScrubJay\ScrubJay.Text\benchmarks\bin\Release\net10.0\ScrubJay.Text.Benchmarks-ShortRun-2\bin\Release\net6.0/" in C:\git\ScrubJay\ScrubJay.Text\benchmarks\bin\Release\net10.0\ScrubJay.Text.Benchmarks-ShortRun-2
// command took 19.44 sec and exited with 0
// ***** Done, took 00:00:24 (24.02 sec)   *****
// Found 70 benchmarks:
//   StringCopyToCharArrayBenchmarks.CopyToCharArray: ShortRun(Runtime=.NET 10.0, IterationCount=3, LaunchCount=1, WarmupCount=3) [source=,, destination=Char[17]]
//   StringCopyToCharArrayBenchmarks.CopyToCharArray: ShortRun(Runtime=.NET 10.0, IterationCount=3, LaunchCount=1, WarmupCount=3) [source=\r\n, destination=Char[18]]
//   StringCopyToCharArrayBenchmarks.CopyToCharArray: ShortRun(Runtime=.NET 10.0, IterationCount=3, LaunchCount=1, WarmupCount=3) [source=Sphin(...) vow! [37], destination=Char[53]]
//   StringCopyToCharArrayBenchmarks.CopyToCharArray: ShortRun(Runtime=.NET 10.0, IterationCount=3, LaunchCount=1, WarmupCount=3) [source='"\\\0(...){]}\\ [512], destination=Char[528]]
//   StringCopyToCharArrayBenchmarks.CopyToCharArray: ShortRun(Runtime=.NET 10.0, IterationCount=3, LaunchCount=1, WarmupCount=3) [source='"\\\0(...)~!@# [4096], destination=Char[4112]]
//   StringCopyToCharArrayBenchmarks.CopyToCharArray: ShortRun(Runtime=.NET 6.0, IterationCount=3, LaunchCount=1, WarmupCount=3) [source=,, destination=Char[17]]
//   StringCopyToCharArrayBenchmarks.CopyToCharArray: ShortRun(Runtime=.NET 6.0, IterationCount=3, LaunchCount=1, WarmupCount=3) [source=\r\n, destination=Char[18]]
//   StringCopyToCharArrayBenchmarks.CopyToCharArray: ShortRun(Runtime=.NET 6.0, IterationCount=3, LaunchCount=1, WarmupCount=3) [source=Sphin(...) vow! [37], destination=Char[53]]
//   StringCopyToCharArrayBenchmarks.CopyToCharArray: ShortRun(Runtime=.NET 6.0, IterationCount=3, LaunchCount=1, WarmupCount=3) [source='"\\\0(...){]}\\ [512], destination=Char[528]]
//   StringCopyToCharArrayBenchmarks.CopyToCharArray: ShortRun(Runtime=.NET 6.0, IterationCount=3, LaunchCount=1, WarmupCount=3) [source='"\\\0(...)~!@# [4096], destination=Char[4112]]
//   StringCopyToCharArrayBenchmarks.AsSpanCopyToAsSpan: ShortRun(Runtime=.NET 10.0, IterationCount=3, LaunchCount=1, WarmupCount=3) [source=,, destination=Char[17]]
//   StringCopyToCharArrayBenchmarks.AsSpanCopyToAsSpan: ShortRun(Runtime=.NET 10.0, IterationCount=3, LaunchCount=1, WarmupCount=3) [source=\r\n, destination=Char[18]]
//   StringCopyToCharArrayBenchmarks.AsSpanCopyToAsSpan: ShortRun(Runtime=.NET 10.0, IterationCount=3, LaunchCount=1, WarmupCount=3) [source=Sphin(...) vow! [37], destination=Char[53]]
//   StringCopyToCharArrayBenchmarks.AsSpanCopyToAsSpan: ShortRun(Runtime=.NET 10.0, IterationCount=3, LaunchCount=1, WarmupCount=3) [source='"\\\0(...){]}\\ [512], destination=Char[528]]
//   StringCopyToCharArrayBenchmarks.AsSpanCopyToAsSpan: ShortRun(Runtime=.NET 10.0, IterationCount=3, LaunchCount=1, WarmupCount=3) [source='"\\\0(...)~!@# [4096], destination=Char[4112]]
//   StringCopyToCharArrayBenchmarks.AsSpanCopyToAsSpan: ShortRun(Runtime=.NET 6.0, IterationCount=3, LaunchCount=1, WarmupCount=3) [source=,, destination=Char[17]]
//   StringCopyToCharArrayBenchmarks.AsSpanCopyToAsSpan: ShortRun(Runtime=.NET 6.0, IterationCount=3, LaunchCount=1, WarmupCount=3) [source=\r\n, destination=Char[18]]
//   StringCopyToCharArrayBenchmarks.AsSpanCopyToAsSpan: ShortRun(Runtime=.NET 6.0, IterationCount=3, LaunchCount=1, WarmupCount=3) [source=Sphin(...) vow! [37], destination=Char[53]]
//   StringCopyToCharArrayBenchmarks.AsSpanCopyToAsSpan: ShortRun(Runtime=.NET 6.0, IterationCount=3, LaunchCount=1, WarmupCount=3) [source='"\\\0(...){]}\\ [512], destination=Char[528]]
//   StringCopyToCharArrayBenchmarks.AsSpanCopyToAsSpan: ShortRun(Runtime=.NET 6.0, IterationCount=3, LaunchCount=1, WarmupCount=3) [source='"\\\0(...)~!@# [4096], destination=Char[4112]]
//   StringCopyToCharArrayBenchmarks.Emit_Cpblk: ShortRun(Runtime=.NET 10.0, IterationCount=3, LaunchCount=1, WarmupCount=3) [source=,, destination=Char[17]]
//   StringCopyToCharArrayBenchmarks.Emit_Cpblk: ShortRun(Runtime=.NET 10.0, IterationCount=3, LaunchCount=1, WarmupCount=3) [source=\r\n, destination=Char[18]]
//   StringCopyToCharArrayBenchmarks.Emit_Cpblk: ShortRun(Runtime=.NET 10.0, IterationCount=3, LaunchCount=1, WarmupCount=3) [source=Sphin(...) vow! [37], destination=Char[53]]
//   StringCopyToCharArrayBenchmarks.Emit_Cpblk: ShortRun(Runtime=.NET 10.0, IterationCount=3, LaunchCount=1, WarmupCount=3) [source='"\\\0(...){]}\\ [512], destination=Char[528]]
//   StringCopyToCharArrayBenchmarks.Emit_Cpblk: ShortRun(Runtime=.NET 10.0, IterationCount=3, LaunchCount=1, WarmupCount=3) [source='"\\\0(...)~!@# [4096], destination=Char[4112]]
//   StringCopyToCharArrayBenchmarks.Emit_Cpblk: ShortRun(Runtime=.NET 6.0, IterationCount=3, LaunchCount=1, WarmupCount=3) [source=,, destination=Char[17]]
//   StringCopyToCharArrayBenchmarks.Emit_Cpblk: ShortRun(Runtime=.NET 6.0, IterationCount=3, LaunchCount=1, WarmupCount=3) [source=\r\n, destination=Char[18]]
//   StringCopyToCharArrayBenchmarks.Emit_Cpblk: ShortRun(Runtime=.NET 6.0, IterationCount=3, LaunchCount=1, WarmupCount=3) [source=Sphin(...) vow! [37], destination=Char[53]]
//   StringCopyToCharArrayBenchmarks.Emit_Cpblk: ShortRun(Runtime=.NET 6.0, IterationCount=3, LaunchCount=1, WarmupCount=3) [source='"\\\0(...){]}\\ [512], destination=Char[528]]
//   StringCopyToCharArrayBenchmarks.Emit_Cpblk: ShortRun(Runtime=.NET 6.0, IterationCount=3, LaunchCount=1, WarmupCount=3) [source='"\\\0(...)~!@# [4096], destination=Char[4112]]
//   StringCopyToCharArrayBenchmarks.Buffer_MemoryCopy: ShortRun(Runtime=.NET 10.0, IterationCount=3, LaunchCount=1, WarmupCount=3) [source=,, destination=Char[17]]
//   StringCopyToCharArrayBenchmarks.Buffer_MemoryCopy: ShortRun(Runtime=.NET 10.0, IterationCount=3, LaunchCount=1, WarmupCount=3) [source=\r\n, destination=Char[18]]
//   StringCopyToCharArrayBenchmarks.Buffer_MemoryCopy: ShortRun(Runtime=.NET 10.0, IterationCount=3, LaunchCount=1, WarmupCount=3) [source=Sphin(...) vow! [37], destination=Char[53]]
//   StringCopyToCharArrayBenchmarks.Buffer_MemoryCopy: ShortRun(Runtime=.NET 10.0, IterationCount=3, LaunchCount=1, WarmupCount=3) [source='"\\\0(...){]}\\ [512], destination=Char[528]]
//   StringCopyToCharArrayBenchmarks.Buffer_MemoryCopy: ShortRun(Runtime=.NET 10.0, IterationCount=3, LaunchCount=1, WarmupCount=3) [source='"\\\0(...)~!@# [4096], destination=Char[4112]]
//   StringCopyToCharArrayBenchmarks.Buffer_MemoryCopy: ShortRun(Runtime=.NET 6.0, IterationCount=3, LaunchCount=1, WarmupCount=3) [source=,, destination=Char[17]]
//   StringCopyToCharArrayBenchmarks.Buffer_MemoryCopy: ShortRun(Runtime=.NET 6.0, IterationCount=3, LaunchCount=1, WarmupCount=3) [source=\r\n, destination=Char[18]]
//   StringCopyToCharArrayBenchmarks.Buffer_MemoryCopy: ShortRun(Runtime=.NET 6.0, IterationCount=3, LaunchCount=1, WarmupCount=3) [source=Sphin(...) vow! [37], destination=Char[53]]
//   StringCopyToCharArrayBenchmarks.Buffer_MemoryCopy: ShortRun(Runtime=.NET 6.0, IterationCount=3, LaunchCount=1, WarmupCount=3) [source='"\\\0(...){]}\\ [512], destination=Char[528]]
//   StringCopyToCharArrayBenchmarks.Buffer_MemoryCopy: ShortRun(Runtime=.NET 6.0, IterationCount=3, LaunchCount=1, WarmupCount=3) [source='"\\\0(...)~!@# [4096], destination=Char[4112]]
//   StringCopyToCharArrayBenchmarks.Unsafe_CopyBlock: ShortRun(Runtime=.NET 10.0, IterationCount=3, LaunchCount=1, WarmupCount=3) [source=,, destination=Char[17]]
//   StringCopyToCharArrayBenchmarks.Unsafe_CopyBlock: ShortRun(Runtime=.NET 10.0, IterationCount=3, LaunchCount=1, WarmupCount=3) [source=\r\n, destination=Char[18]]
//   StringCopyToCharArrayBenchmarks.Unsafe_CopyBlock: ShortRun(Runtime=.NET 10.0, IterationCount=3, LaunchCount=1, WarmupCount=3) [source=Sphin(...) vow! [37], destination=Char[53]]
//   StringCopyToCharArrayBenchmarks.Unsafe_CopyBlock: ShortRun(Runtime=.NET 10.0, IterationCount=3, LaunchCount=1, WarmupCount=3) [source='"\\\0(...){]}\\ [512], destination=Char[528]]
//   StringCopyToCharArrayBenchmarks.Unsafe_CopyBlock: ShortRun(Runtime=.NET 10.0, IterationCount=3, LaunchCount=1, WarmupCount=3) [source='"\\\0(...)~!@# [4096], destination=Char[4112]]
//   StringCopyToCharArrayBenchmarks.Unsafe_CopyBlock: ShortRun(Runtime=.NET 6.0, IterationCount=3, LaunchCount=1, WarmupCount=3) [source=,, destination=Char[17]]
//   StringCopyToCharArrayBenchmarks.Unsafe_CopyBlock: ShortRun(Runtime=.NET 6.0, IterationCount=3, LaunchCount=1, WarmupCount=3) [source=\r\n, destination=Char[18]]
//   StringCopyToCharArrayBenchmarks.Unsafe_CopyBlock: ShortRun(Runtime=.NET 6.0, IterationCount=3, LaunchCount=1, WarmupCount=3) [source=Sphin(...) vow! [37], destination=Char[53]]
//   StringCopyToCharArrayBenchmarks.Unsafe_CopyBlock: ShortRun(Runtime=.NET 6.0, IterationCount=3, LaunchCount=1, WarmupCount=3) [source='"\\\0(...){]}\\ [512], destination=Char[528]]
//   StringCopyToCharArrayBenchmarks.Unsafe_CopyBlock: ShortRun(Runtime=.NET 6.0, IterationCount=3, LaunchCount=1, WarmupCount=3) [source='"\\\0(...)~!@# [4096], destination=Char[4112]]
//   StringCopyToCharArrayBenchmarks.DllImport_Memcpy: ShortRun(Runtime=.NET 10.0, IterationCount=3, LaunchCount=1, WarmupCount=3) [source=,, destination=Char[17]]
//   StringCopyToCharArrayBenchmarks.DllImport_Memcpy: ShortRun(Runtime=.NET 10.0, IterationCount=3, LaunchCount=1, WarmupCount=3) [source=\r\n, destination=Char[18]]
//   StringCopyToCharArrayBenchmarks.DllImport_Memcpy: ShortRun(Runtime=.NET 10.0, IterationCount=3, LaunchCount=1, WarmupCount=3) [source=Sphin(...) vow! [37], destination=Char[53]]
//   StringCopyToCharArrayBenchmarks.DllImport_Memcpy: ShortRun(Runtime=.NET 10.0, IterationCount=3, LaunchCount=1, WarmupCount=3) [source='"\\\0(...){]}\\ [512], destination=Char[528]]
//   StringCopyToCharArrayBenchmarks.DllImport_Memcpy: ShortRun(Runtime=.NET 10.0, IterationCount=3, LaunchCount=1, WarmupCount=3) [source='"\\\0(...)~!@# [4096], destination=Char[4112]]
//   StringCopyToCharArrayBenchmarks.DllImport_Memcpy: ShortRun(Runtime=.NET 6.0, IterationCount=3, LaunchCount=1, WarmupCount=3) [source=,, destination=Char[17]]
//   StringCopyToCharArrayBenchmarks.DllImport_Memcpy: ShortRun(Runtime=.NET 6.0, IterationCount=3, LaunchCount=1, WarmupCount=3) [source=\r\n, destination=Char[18]]
//   StringCopyToCharArrayBenchmarks.DllImport_Memcpy: ShortRun(Runtime=.NET 6.0, IterationCount=3, LaunchCount=1, WarmupCount=3) [source=Sphin(...) vow! [37], destination=Char[53]]
//   StringCopyToCharArrayBenchmarks.DllImport_Memcpy: ShortRun(Runtime=.NET 6.0, IterationCount=3, LaunchCount=1, WarmupCount=3) [source='"\\\0(...){]}\\ [512], destination=Char[528]]
//   StringCopyToCharArrayBenchmarks.DllImport_Memcpy: ShortRun(Runtime=.NET 6.0, IterationCount=3, LaunchCount=1, WarmupCount=3) [source='"\\\0(...)~!@# [4096], destination=Char[4112]]
//   StringCopyToCharArrayBenchmarks.DllImport_Memmove: ShortRun(Runtime=.NET 10.0, IterationCount=3, LaunchCount=1, WarmupCount=3) [source=,, destination=Char[17]]
//   StringCopyToCharArrayBenchmarks.DllImport_Memmove: ShortRun(Runtime=.NET 10.0, IterationCount=3, LaunchCount=1, WarmupCount=3) [source=\r\n, destination=Char[18]]
//   StringCopyToCharArrayBenchmarks.DllImport_Memmove: ShortRun(Runtime=.NET 10.0, IterationCount=3, LaunchCount=1, WarmupCount=3) [source=Sphin(...) vow! [37], destination=Char[53]]
//   StringCopyToCharArrayBenchmarks.DllImport_Memmove: ShortRun(Runtime=.NET 10.0, IterationCount=3, LaunchCount=1, WarmupCount=3) [source='"\\\0(...){]}\\ [512], destination=Char[528]]
//   StringCopyToCharArrayBenchmarks.DllImport_Memmove: ShortRun(Runtime=.NET 10.0, IterationCount=3, LaunchCount=1, WarmupCount=3) [source='"\\\0(...)~!@# [4096], destination=Char[4112]]
//   StringCopyToCharArrayBenchmarks.DllImport_Memmove: ShortRun(Runtime=.NET 6.0, IterationCount=3, LaunchCount=1, WarmupCount=3) [source=,, destination=Char[17]]
//   StringCopyToCharArrayBenchmarks.DllImport_Memmove: ShortRun(Runtime=.NET 6.0, IterationCount=3, LaunchCount=1, WarmupCount=3) [source=\r\n, destination=Char[18]]
//   StringCopyToCharArrayBenchmarks.DllImport_Memmove: ShortRun(Runtime=.NET 6.0, IterationCount=3, LaunchCount=1, WarmupCount=3) [source=Sphin(...) vow! [37], destination=Char[53]]
//   StringCopyToCharArrayBenchmarks.DllImport_Memmove: ShortRun(Runtime=.NET 6.0, IterationCount=3, LaunchCount=1, WarmupCount=3) [source='"\\\0(...){]}\\ [512], destination=Char[528]]
//   StringCopyToCharArrayBenchmarks.DllImport_Memmove: ShortRun(Runtime=.NET 6.0, IterationCount=3, LaunchCount=1, WarmupCount=3) [source='"\\\0(...)~!@# [4096], destination=Char[4112]]

Setup power plan (GUID: 8c5e7fda-e8bf-4a96-9a85-a6e23a8c635c FriendlyName: High performance)
// **************************
// Benchmark: StringCopyToCharArrayBenchmarks.CopyToCharArray: ShortRun(Runtime=.NET 10.0, IterationCount=3, LaunchCount=1, WarmupCount=3) [source=,, destination=Char[17]]
// *** Execute ***
// Launch: 1 / 1
// Execute: dotnet ScrubJay.Text.Benchmarks-ShortRun-1.dll --anonymousPipes 2520 2144 --benchmarkName "ScrubJay.Text.Benchmarks.CopyTo.StringCopyToCharArrayBenchmarks.CopyToCharArray(source: \",\", destination: ['\0', '\0', '\0', '\0', '\0', ...])" --job ShortRun --benchmarkId 0 in C:\git\ScrubJay\ScrubJay.Text\benchmarks\bin\Release\net10.0\ScrubJay.Text.Benchmarks-ShortRun-1\bin\Release\net10.0
// BeforeAnythingElse

// Benchmark Process Environment Information:
// BenchmarkDotNet v0.15.8
// Runtime=.NET 10.0.4 (10.0.4, 10.0.426.12010), X64 RyuJIT x86-64-v3
// GC=Concurrent Workstation
// HardwareIntrinsics=AVX2+BMI1+BMI2+F16C+FMA+LZCNT+MOVBE,AVX,SSE3+SSSE3+SSE4.1+SSE4.2+POPCNT,X86Base+SSE+SSE2,AES+PCLMUL VectorSize=256
// Job: ShortRun(IterationCount=3, LaunchCount=1, WarmupCount=3)

OverheadJitting  1: 1 op, 222300.00 ns, 222.3000 us/op
WorkloadJitting  1: 1 op, 649600.00 ns, 649.6000 us/op

OverheadJitting  2: 16 op, 391900.00 ns, 24.4938 us/op
WorkloadJitting  2: 16 op, 440700.00 ns, 27.5438 us/op

WorkloadPilot    1: 16 op, 2000.00 ns, 125.0000 ns/op
WorkloadPilot    2: 32 op, 3000.00 ns, 93.7500 ns/op
WorkloadPilot    3: 64 op, 3200.00 ns, 50.0000 ns/op
WorkloadPilot    4: 128 op, 6200.00 ns, 48.4375 ns/op
WorkloadPilot    5: 256 op, 8300.00 ns, 32.4219 ns/op
WorkloadPilot    6: 512 op, 10600.00 ns, 20.7031 ns/op
WorkloadPilot    7: 1024 op, 25900.00 ns, 25.2930 ns/op
WorkloadPilot    8: 2048 op, 47900.00 ns, 23.3887 ns/op
WorkloadPilot    9: 4096 op, 83800.00 ns, 20.4590 ns/op
WorkloadPilot   10: 8192 op, 157900.00 ns, 19.2749 ns/op
WorkloadPilot   11: 16384 op, 346600.00 ns, 21.1548 ns/op
WorkloadPilot   12: 32768 op, 733500.00 ns, 22.3846 ns/op
WorkloadPilot   13: 65536 op, 1350800.00 ns, 20.6116 ns/op
WorkloadPilot   14: 131072 op, 3459100.00 ns, 26.3908 ns/op
WorkloadPilot   15: 262144 op, 3649600.00 ns, 13.9221 ns/op
WorkloadPilot   16: 524288 op, 7070100.00 ns, 13.4851 ns/op
WorkloadPilot   17: 1048576 op, 17291400.00 ns, 16.4904 ns/op
WorkloadPilot   18: 2097152 op, 30344100.00 ns, 14.4692 ns/op
WorkloadPilot   19: 4194304 op, 58728900.00 ns, 14.0021 ns/op
WorkloadPilot   20: 8388608 op, 55706100.00 ns, 6.6407 ns/op
WorkloadPilot   21: 16777216 op, 110015800.00 ns, 6.5575 ns/op
WorkloadPilot   22: 33554432 op, 217065500.00 ns, 6.4691 ns/op
WorkloadPilot   23: 67108864 op, 427742800.00 ns, 6.3739 ns/op
WorkloadPilot   24: 134217728 op, 856410700.00 ns, 6.3808 ns/op

OverheadWarmup   1: 134217728 op, 312439300.00 ns, 2.3279 ns/op
OverheadWarmup   2: 134217728 op, 262408100.00 ns, 1.9551 ns/op
OverheadWarmup   3: 134217728 op, 262870500.00 ns, 1.9585 ns/op
OverheadWarmup   4: 134217728 op, 261513000.00 ns, 1.9484 ns/op
OverheadWarmup   5: 134217728 op, 264279200.00 ns, 1.9690 ns/op
OverheadWarmup   6: 134217728 op, 261937600.00 ns, 1.9516 ns/op

OverheadActual   1: 134217728 op, 263496100.00 ns, 1.9632 ns/op
OverheadActual   2: 134217728 op, 261715800.00 ns, 1.9499 ns/op
OverheadActual   3: 134217728 op, 261063100.00 ns, 1.9451 ns/op
OverheadActual   4: 134217728 op, 260717300.00 ns, 1.9425 ns/op
OverheadActual   5: 134217728 op, 261293300.00 ns, 1.9468 ns/op
OverheadActual   6: 134217728 op, 271927500.00 ns, 2.0260 ns/op
OverheadActual   7: 134217728 op, 317547100.00 ns, 2.3659 ns/op
OverheadActual   8: 134217728 op, 263721500.00 ns, 1.9649 ns/op
OverheadActual   9: 134217728 op, 260041500.00 ns, 1.9375 ns/op
OverheadActual  10: 134217728 op, 260376300.00 ns, 1.9400 ns/op
OverheadActual  11: 134217728 op, 262649200.00 ns, 1.9569 ns/op
OverheadActual  12: 134217728 op, 260512800.00 ns, 1.9410 ns/op
OverheadActual  13: 134217728 op, 261684600.00 ns, 1.9497 ns/op
OverheadActual  14: 134217728 op, 260776000.00 ns, 1.9429 ns/op
OverheadActual  15: 134217728 op, 261625500.00 ns, 1.9493 ns/op

WorkloadWarmup   1: 134217728 op, 853255400.00 ns, 6.3572 ns/op
WorkloadWarmup   2: 134217728 op, 855418000.00 ns, 6.3734 ns/op
WorkloadWarmup   3: 134217728 op, 855281500.00 ns, 6.3723 ns/op

// BeforeActualRun
WorkloadActual   1: 134217728 op, 861960700.00 ns, 6.4221 ns/op
WorkloadActual   2: 134217728 op, 857237900.00 ns, 6.3869 ns/op
WorkloadActual   3: 134217728 op, 860039600.00 ns, 6.4078 ns/op

// AfterActualRun
WorkloadResult   1: 134217728 op, 600335200.00 ns, 4.4728 ns/op
WorkloadResult   2: 134217728 op, 595612400.00 ns, 4.4377 ns/op
WorkloadResult   3: 134217728 op, 598414100.00 ns, 4.4585 ns/op
// GC:  0 0 0 0 134217728
// Threading:  0 0 134217728

// AfterAll
// Benchmark Process 7364 has exited with code 0.

Mean = 4.456 ns, StdErr = 0.010 ns (0.23%), N = 3, StdDev = 0.018 ns
Min = 4.438 ns, Q1 = 4.448 ns, Median = 4.459 ns, Q3 = 4.466 ns, Max = 4.473 ns
IQR = 0.018 ns, LowerFence = 4.422 ns, UpperFence = 4.492 ns
ConfidenceInterval = [4.134 ns; 4.779 ns] (CI 99.9%), Margin = 0.323 ns (7.24% of Mean)
Skewness = -0.12, Kurtosis = 0.67, MValue = 2

// ** Remained 69 (98.6%) benchmark(s) to run. Estimated finish 2026-03-22 17:28 (0h 16m from now) **
Setup power plan (GUID: 8c5e7fda-e8bf-4a96-9a85-a6e23a8c635c FriendlyName: High performance)
// **************************
// Benchmark: StringCopyToCharArrayBenchmarks.CopyToCharArray: ShortRun(Runtime=.NET 10.0, IterationCount=3, LaunchCount=1, WarmupCount=3) [source=\r\n, destination=Char[18]]
// *** Execute ***
// Launch: 1 / 1
// Execute: dotnet ScrubJay.Text.Benchmarks-ShortRun-1.dll --anonymousPipes 736 780 --benchmarkName "ScrubJay.Text.Benchmarks.CopyTo.StringCopyToCharArrayBenchmarks.CopyToCharArray(source: \"\r\n\", destination: ['\0', '\0', '\0', '\0', '\0', ...])" --job ShortRun --benchmarkId 1 in C:\git\ScrubJay\ScrubJay.Text\benchmarks\bin\Release\net10.0\ScrubJay.Text.Benchmarks-ShortRun-1\bin\Release\net10.0
// BeforeAnythingElse

// Benchmark Process Environment Information:
// BenchmarkDotNet v0.15.8
// Runtime=.NET 10.0.4 (10.0.4, 10.0.426.12010), X64 RyuJIT x86-64-v3
// GC=Concurrent Workstation
// HardwareIntrinsics=AVX2+BMI1+BMI2+F16C+FMA+LZCNT+MOVBE,AVX,SSE3+SSSE3+SSE4.1+SSE4.2+POPCNT,X86Base+SSE+SSE2,AES+PCLMUL VectorSize=256
// Job: ShortRun(IterationCount=3, LaunchCount=1, WarmupCount=3)

OverheadJitting  1: 1 op, 312600.00 ns, 312.6000 us/op
WorkloadJitting  1: 1 op, 397400.00 ns, 397.4000 us/op

OverheadJitting  2: 16 op, 374200.00 ns, 23.3875 us/op
WorkloadJitting  2: 16 op, 493200.00 ns, 30.8250 us/op

WorkloadPilot    1: 16 op, 1700.00 ns, 106.2500 ns/op
WorkloadPilot    2: 32 op, 1900.00 ns, 59.3750 ns/op
WorkloadPilot    3: 64 op, 1800.00 ns, 28.1250 ns/op
WorkloadPilot    4: 128 op, 4100.00 ns, 32.0313 ns/op
WorkloadPilot    5: 256 op, 7600.00 ns, 29.6875 ns/op
WorkloadPilot    6: 512 op, 12600.00 ns, 24.6094 ns/op
WorkloadPilot    7: 1024 op, 31200.00 ns, 30.4688 ns/op
WorkloadPilot    8: 2048 op, 50700.00 ns, 24.7559 ns/op
WorkloadPilot    9: 4096 op, 93000.00 ns, 22.7051 ns/op
WorkloadPilot   10: 8192 op, 142700.00 ns, 17.4194 ns/op
WorkloadPilot   11: 16384 op, 288700.00 ns, 17.6208 ns/op
WorkloadPilot   12: 32768 op, 829800.00 ns, 25.3235 ns/op
WorkloadPilot   13: 65536 op, 1536400.00 ns, 23.4436 ns/op
WorkloadPilot   14: 131072 op, 1835900.00 ns, 14.0068 ns/op
WorkloadPilot   15: 262144 op, 3373500.00 ns, 12.8689 ns/op
WorkloadPilot   16: 524288 op, 6733500.00 ns, 12.8431 ns/op
WorkloadPilot   17: 1048576 op, 14000000.00 ns, 13.3514 ns/op
WorkloadPilot   18: 2097152 op, 28379500.00 ns, 13.5324 ns/op
WorkloadPilot   19: 4194304 op, 56236400.00 ns, 13.4078 ns/op
WorkloadPilot   20: 8388608 op, 77898300.00 ns, 9.2862 ns/op
WorkloadPilot   21: 16777216 op, 108389400.00 ns, 6.4605 ns/op
WorkloadPilot   22: 33554432 op, 210626300.00 ns, 6.2772 ns/op
WorkloadPilot   23: 67108864 op, 422024000.00 ns, 6.2886 ns/op
WorkloadPilot   24: 134217728 op, 868680200.00 ns, 6.4722 ns/op

OverheadWarmup   1: 134217728 op, 326236500.00 ns, 2.4307 ns/op
OverheadWarmup   2: 134217728 op, 275443900.00 ns, 2.0522 ns/op
OverheadWarmup   3: 134217728 op, 268613900.00 ns, 2.0013 ns/op
OverheadWarmup   4: 134217728 op, 286837400.00 ns, 2.1371 ns/op
OverheadWarmup   5: 134217728 op, 265601100.00 ns, 1.9789 ns/op
OverheadWarmup   6: 134217728 op, 261321500.00 ns, 1.9470 ns/op
OverheadWarmup   7: 134217728 op, 262605200.00 ns, 1.9566 ns/op
OverheadWarmup   8: 134217728 op, 268969300.00 ns, 2.0040 ns/op
OverheadWarmup   9: 134217728 op, 265943300.00 ns, 1.9814 ns/op

OverheadActual   1: 134217728 op, 260273100.00 ns, 1.9392 ns/op
OverheadActual   2: 134217728 op, 281579000.00 ns, 2.0979 ns/op
OverheadActual   3: 134217728 op, 269847000.00 ns, 2.0105 ns/op
OverheadActual   4: 134217728 op, 261567300.00 ns, 1.9488 ns/op
OverheadActual   5: 134217728 op, 261978100.00 ns, 1.9519 ns/op
OverheadActual   6: 134217728 op, 259856500.00 ns, 1.9361 ns/op
OverheadActual   7: 134217728 op, 262322100.00 ns, 1.9545 ns/op
OverheadActual   8: 134217728 op, 260769800.00 ns, 1.9429 ns/op
OverheadActual   9: 134217728 op, 259270200.00 ns, 1.9317 ns/op
OverheadActual  10: 134217728 op, 262242200.00 ns, 1.9539 ns/op
OverheadActual  11: 134217728 op, 260783500.00 ns, 1.9430 ns/op
OverheadActual  12: 134217728 op, 260863800.00 ns, 1.9436 ns/op
OverheadActual  13: 134217728 op, 261120900.00 ns, 1.9455 ns/op
OverheadActual  14: 134217728 op, 263701000.00 ns, 1.9647 ns/op
OverheadActual  15: 134217728 op, 260670500.00 ns, 1.9421 ns/op

WorkloadWarmup   1: 134217728 op, 864662500.00 ns, 6.4422 ns/op
WorkloadWarmup   2: 134217728 op, 875810600.00 ns, 6.5253 ns/op
WorkloadWarmup   3: 134217728 op, 881985600.00 ns, 6.5713 ns/op

// BeforeActualRun
WorkloadActual   1: 134217728 op, 873631000.00 ns, 6.5091 ns/op
WorkloadActual   2: 134217728 op, 849443400.00 ns, 6.3288 ns/op
WorkloadActual   3: 134217728 op, 844446000.00 ns, 6.2916 ns/op

// AfterActualRun
WorkloadResult   1: 134217728 op, 612510100.00 ns, 4.5636 ns/op
WorkloadResult   2: 134217728 op, 588322500.00 ns, 4.3833 ns/op
WorkloadResult   3: 134217728 op, 583325100.00 ns, 4.3461 ns/op
// GC:  0 0 0 0 134217728
// Threading:  0 0 134217728

// AfterAll
// Benchmark Process 3252 has exited with code 0.

Mean = 4.431 ns, StdErr = 0.067 ns (1.52%), N = 3, StdDev = 0.116 ns
Min = 4.346 ns, Q1 = 4.365 ns, Median = 4.383 ns, Q3 = 4.473 ns, Max = 4.564 ns
IQR = 0.109 ns, LowerFence = 4.202 ns, UpperFence = 4.637 ns
ConfidenceInterval = [2.309 ns; 6.553 ns] (CI 99.9%), Margin = 2.122 ns (47.88% of Mean)
Skewness = 0.34, Kurtosis = 0.67, MValue = 2

// ** Remained 68 (97.1%) benchmark(s) to run. Estimated finish 2026-03-22 17:28 (0h 16m from now) **
Setup power plan (GUID: 8c5e7fda-e8bf-4a96-9a85-a6e23a8c635c FriendlyName: High performance)
// **************************
// Benchmark: StringCopyToCharArrayBenchmarks.CopyToCharArray: ShortRun(Runtime=.NET 10.0, IterationCount=3, LaunchCount=1, WarmupCount=3) [source=Sphin(...) vow! [37], destination=Char[53]]
// *** Execute ***
// Launch: 1 / 1
// Execute: dotnet ScrubJay.Text.Benchmarks-ShortRun-1.dll --anonymousPipes 3424 3428 --benchmarkName "ScrubJay.Text.Benchmarks.CopyTo.StringCopyToCharArrayBenchmarks.CopyToCharArray(source: \"Sphinx of black quartz, judge my vow!\", destination: ['\0', '\0', '\0', '\0', '\0', ...])" --job ShortRun --benchmarkId 2 in C:\git\ScrubJay\ScrubJay.Text\benchmarks\bin\Release\net10.0\ScrubJay.Text.Benchmarks-ShortRun-1\bin\Release\net10.0
// BeforeAnythingElse

// Benchmark Process Environment Information:
// BenchmarkDotNet v0.15.8
// Runtime=.NET 10.0.4 (10.0.4, 10.0.426.12010), X64 RyuJIT x86-64-v3
// GC=Concurrent Workstation
// HardwareIntrinsics=AVX2+BMI1+BMI2+F16C+FMA+LZCNT+MOVBE,AVX,SSE3+SSSE3+SSE4.1+SSE4.2+POPCNT,X86Base+SSE+SSE2,AES+PCLMUL VectorSize=256
// Job: ShortRun(IterationCount=3, LaunchCount=1, WarmupCount=3)

OverheadJitting  1: 1 op, 215400.00 ns, 215.4000 us/op
WorkloadJitting  1: 1 op, 637000.00 ns, 637.0000 us/op

OverheadJitting  2: 16 op, 342800.00 ns, 21.4250 us/op
WorkloadJitting  2: 16 op, 562200.00 ns, 35.1375 us/op

WorkloadPilot    1: 16 op, 1600.00 ns, 100.0000 ns/op
WorkloadPilot    2: 32 op, 2300.00 ns, 71.8750 ns/op
WorkloadPilot    3: 64 op, 1900.00 ns, 29.6875 ns/op
WorkloadPilot    4: 128 op, 3000.00 ns, 23.4375 ns/op
WorkloadPilot    5: 256 op, 20100.00 ns, 78.5156 ns/op
WorkloadPilot    6: 512 op, 55400.00 ns, 108.2031 ns/op
WorkloadPilot    7: 1024 op, 14600.00 ns, 14.2578 ns/op
WorkloadPilot    8: 2048 op, 48100.00 ns, 23.4863 ns/op
WorkloadPilot    9: 4096 op, 54300.00 ns, 13.2568 ns/op
WorkloadPilot   10: 8192 op, 141300.00 ns, 17.2485 ns/op
WorkloadPilot   11: 16384 op, 344500.00 ns, 21.0266 ns/op
WorkloadPilot   12: 32768 op, 753100.00 ns, 22.9828 ns/op
WorkloadPilot   13: 65536 op, 1172300.00 ns, 17.8879 ns/op
WorkloadPilot   14: 131072 op, 1959000.00 ns, 14.9460 ns/op
WorkloadPilot   15: 262144 op, 5210300.00 ns, 19.8757 ns/op
WorkloadPilot   16: 524288 op, 8629200.00 ns, 16.4589 ns/op
WorkloadPilot   17: 1048576 op, 17279800.00 ns, 16.4793 ns/op
WorkloadPilot   18: 2097152 op, 31013500.00 ns, 14.7884 ns/op
WorkloadPilot   19: 4194304 op, 59943100.00 ns, 14.2915 ns/op
WorkloadPilot   20: 8388608 op, 115451500.00 ns, 13.7629 ns/op
WorkloadPilot   21: 16777216 op, 143345800.00 ns, 8.5441 ns/op
WorkloadPilot   22: 33554432 op, 263774900.00 ns, 7.8611 ns/op
WorkloadPilot   23: 67108864 op, 532410100.00 ns, 7.9335 ns/op

OverheadWarmup   1: 67108864 op, 185726300.00 ns, 2.7675 ns/op
OverheadWarmup   2: 67108864 op, 146765000.00 ns, 2.1870 ns/op
OverheadWarmup   3: 67108864 op, 137405300.00 ns, 2.0475 ns/op
OverheadWarmup   4: 67108864 op, 136457100.00 ns, 2.0334 ns/op
OverheadWarmup   5: 67108864 op, 134619500.00 ns, 2.0060 ns/op
OverheadWarmup   6: 67108864 op, 130727600.00 ns, 1.9480 ns/op
OverheadWarmup   7: 67108864 op, 134946700.00 ns, 2.0109 ns/op
OverheadWarmup   8: 67108864 op, 132135900.00 ns, 1.9690 ns/op
OverheadWarmup   9: 67108864 op, 136596400.00 ns, 2.0354 ns/op
OverheadWarmup  10: 67108864 op, 137913500.00 ns, 2.0551 ns/op

OverheadActual   1: 67108864 op, 152242500.00 ns, 2.2686 ns/op
OverheadActual   2: 67108864 op, 137789100.00 ns, 2.0532 ns/op
OverheadActual   3: 67108864 op, 135765700.00 ns, 2.0231 ns/op
OverheadActual   4: 67108864 op, 136590900.00 ns, 2.0354 ns/op
OverheadActual   5: 67108864 op, 141758700.00 ns, 2.1124 ns/op
OverheadActual   6: 67108864 op, 135297000.00 ns, 2.0161 ns/op
OverheadActual   7: 67108864 op, 144763400.00 ns, 2.1571 ns/op
OverheadActual   8: 67108864 op, 139848100.00 ns, 2.0839 ns/op
OverheadActual   9: 67108864 op, 134544200.00 ns, 2.0049 ns/op
OverheadActual  10: 67108864 op, 139277800.00 ns, 2.0754 ns/op
OverheadActual  11: 67108864 op, 135452100.00 ns, 2.0184 ns/op
OverheadActual  12: 67108864 op, 138000400.00 ns, 2.0564 ns/op
OverheadActual  13: 67108864 op, 130847500.00 ns, 1.9498 ns/op
OverheadActual  14: 67108864 op, 133333400.00 ns, 1.9868 ns/op
OverheadActual  15: 67108864 op, 131075300.00 ns, 1.9532 ns/op

WorkloadWarmup   1: 67108864 op, 602182900.00 ns, 8.9732 ns/op
WorkloadWarmup   2: 67108864 op, 592397300.00 ns, 8.8274 ns/op
WorkloadWarmup   3: 67108864 op, 526675400.00 ns, 7.8481 ns/op

// BeforeActualRun
WorkloadActual   1: 67108864 op, 522220100.00 ns, 7.7817 ns/op
WorkloadActual   2: 67108864 op, 523557500.00 ns, 7.8016 ns/op
WorkloadActual   3: 67108864 op, 524478800.00 ns, 7.8153 ns/op

// AfterActualRun
WorkloadResult   1: 67108864 op, 385629200.00 ns, 5.7463 ns/op
WorkloadResult   2: 67108864 op, 386966600.00 ns, 5.7663 ns/op
WorkloadResult   3: 67108864 op, 387887900.00 ns, 5.7800 ns/op
// GC:  0 0 0 0 67108864
// Threading:  0 0 67108864

// AfterAll
// Benchmark Process 7328 has exited with code 0.

Mean = 5.764 ns, StdErr = 0.010 ns (0.17%), N = 3, StdDev = 0.017 ns
Min = 5.746 ns, Q1 = 5.756 ns, Median = 5.766 ns, Q3 = 5.773 ns, Max = 5.780 ns
IQR = 0.017 ns, LowerFence = 5.731 ns, UpperFence = 5.798 ns
ConfidenceInterval = [5.455 ns; 6.073 ns] (CI 99.9%), Margin = 0.309 ns (5.36% of Mean)
Skewness = -0.12, Kurtosis = 0.67, MValue = 2

// ** Remained 67 (95.7%) benchmark(s) to run. Estimated finish 2026-03-22 17:26 (0h 13m from now) **
Setup power plan (GUID: 8c5e7fda-e8bf-4a96-9a85-a6e23a8c635c FriendlyName: High performance)
// **************************
// Benchmark: StringCopyToCharArrayBenchmarks.CopyToCharArray: ShortRun(Runtime=.NET 10.0, IterationCount=3, LaunchCount=1, WarmupCount=3) [source='"\\\0(...){]}\\ [512], destination=Char[528]]
// *** Execute ***
// Launch: 1 / 1
// Execute: dotnet ScrubJay.Text.Benchmarks-ShortRun-1.dll --anonymousPipes 3444 1156 --benchmarkName "ScrubJay.Text.Benchmarks.CopyTo.StringCopyToCharArrayBenchmarks.CopyToCharArray(source: \"'\\\"\\\0\a\b\f\n\r\t\v`~!@#$%^&*()-_=+[{]}\\|;:'\\\",<.>/?Sphinx of black quartz, judge my vow!'\\\"\\\0\a\b\f\n\r\t\v`~!@#$%^&*()-_=+[{]}\\|;:'\\\",<.>/?Sphinx of black quartz, judge my vow!'\\\"\\\0\a\b\f\n\r\t\v`~!@#$%^&*()-_=+[{]}\\|;:'\\\",<.>/?Sphinx of black quartz, judge my vow!'\\\"\\\0\a\b\f\n\r\t\v`~!@#$%^&*()-_=+[{]}\\|;:'\\\",<.>/?Sphinx of black quartz, judge my vow!'\\\"\\\0\a\b\f\n\r\t\v`~!@#$%^&*()-_=+[{]}\\|;:'\\\",<.>/?Sphinx of black quartz, judge my vow!'\\\"\\\0\a\b\f\n\r\t\v`~!@#$%^&*()-_=+[{]}\\|;:'\\\",<.>/?Sphinx of black quartz, judge my vow!'\\\"\\\0\a\b\f\n\r\t\v`~!@#$%^&*()-_=+[{]}\\\\\", destination: ['\0', '\0', '\0', '\0', '\0', ...])" --job ShortRun --benchmarkId 3 in C:\git\ScrubJay\ScrubJay.Text\benchmarks\bin\Release\net10.0\ScrubJay.Text.Benchmarks-ShortRun-1\bin\Release\net10.0
// BeforeAnythingElse

// Benchmark Process Environment Information:
// BenchmarkDotNet v0.15.8
// Runtime=.NET 10.0.4 (10.0.4, 10.0.426.12010), X64 RyuJIT x86-64-v3
// GC=Concurrent Workstation
// HardwareIntrinsics=AVX2+BMI1+BMI2+F16C+FMA+LZCNT+MOVBE,AVX,SSE3+SSSE3+SSE4.1+SSE4.2+POPCNT,X86Base+SSE+SSE2,AES+PCLMUL VectorSize=256
// Job: ShortRun(IterationCount=3, LaunchCount=1, WarmupCount=3)

OverheadJitting  1: 1 op, 212900.00 ns, 212.9000 us/op
WorkloadJitting  1: 1 op, 386000.00 ns, 386.0000 us/op

OverheadJitting  2: 16 op, 320000.00 ns, 20.0000 us/op
WorkloadJitting  2: 16 op, 441400.00 ns, 27.5875 us/op

WorkloadPilot    1: 16 op, 1900.00 ns, 118.7500 ns/op
WorkloadPilot    2: 32 op, 2200.00 ns, 68.7500 ns/op
WorkloadPilot    3: 64 op, 2900.00 ns, 45.3125 ns/op
WorkloadPilot    4: 128 op, 5200.00 ns, 40.6250 ns/op
WorkloadPilot    5: 256 op, 8900.00 ns, 34.7656 ns/op
WorkloadPilot    6: 512 op, 28600.00 ns, 55.8594 ns/op
WorkloadPilot    7: 1024 op, 31900.00 ns, 31.1523 ns/op
WorkloadPilot    8: 2048 op, 77500.00 ns, 37.8418 ns/op
WorkloadPilot    9: 4096 op, 257300.00 ns, 62.8174 ns/op
WorkloadPilot   10: 8192 op, 271200.00 ns, 33.1055 ns/op
WorkloadPilot   11: 16384 op, 578900.00 ns, 35.3333 ns/op
WorkloadPilot   12: 32768 op, 1058800.00 ns, 32.3120 ns/op
WorkloadPilot   13: 65536 op, 2138100.00 ns, 32.6248 ns/op
WorkloadPilot   14: 131072 op, 4044300.00 ns, 30.8556 ns/op
WorkloadPilot   15: 262144 op, 8230100.00 ns, 31.3953 ns/op
WorkloadPilot   16: 524288 op, 16266900.00 ns, 31.0266 ns/op
WorkloadPilot   17: 1048576 op, 33286900.00 ns, 31.7449 ns/op
WorkloadPilot   18: 2097152 op, 64456200.00 ns, 30.7351 ns/op
WorkloadPilot   19: 4194304 op, 87758200.00 ns, 20.9232 ns/op
WorkloadPilot   20: 8388608 op, 146985700.00 ns, 17.5221 ns/op
WorkloadPilot   21: 16777216 op, 284334700.00 ns, 16.9477 ns/op
WorkloadPilot   22: 33554432 op, 677121600.00 ns, 20.1798 ns/op

OverheadWarmup   1: 33554432 op, 85426400.00 ns, 2.5459 ns/op
OverheadWarmup   2: 33554432 op, 85064700.00 ns, 2.5351 ns/op
OverheadWarmup   3: 33554432 op, 87448500.00 ns, 2.6062 ns/op
OverheadWarmup   4: 33554432 op, 79884100.00 ns, 2.3807 ns/op
OverheadWarmup   5: 33554432 op, 64139600.00 ns, 1.9115 ns/op
OverheadWarmup   6: 33554432 op, 65595400.00 ns, 1.9549 ns/op
OverheadWarmup   7: 33554432 op, 66573500.00 ns, 1.9840 ns/op
OverheadWarmup   8: 33554432 op, 64757600.00 ns, 1.9299 ns/op

OverheadActual   1: 33554432 op, 68516100.00 ns, 2.0419 ns/op
OverheadActual   2: 33554432 op, 73451700.00 ns, 2.1890 ns/op
OverheadActual   3: 33554432 op, 85283700.00 ns, 2.5417 ns/op
OverheadActual   4: 33554432 op, 69458300.00 ns, 2.0700 ns/op
OverheadActual   5: 33554432 op, 74117600.00 ns, 2.2089 ns/op
OverheadActual   6: 33554432 op, 74459500.00 ns, 2.2191 ns/op
OverheadActual   7: 33554432 op, 68622800.00 ns, 2.0451 ns/op
OverheadActual   8: 33554432 op, 66919900.00 ns, 1.9944 ns/op
OverheadActual   9: 33554432 op, 65993900.00 ns, 1.9668 ns/op
OverheadActual  10: 33554432 op, 65601000.00 ns, 1.9551 ns/op
OverheadActual  11: 33554432 op, 64432500.00 ns, 1.9202 ns/op
OverheadActual  12: 33554432 op, 66798500.00 ns, 1.9908 ns/op
OverheadActual  13: 33554432 op, 64358200.00 ns, 1.9180 ns/op
OverheadActual  14: 33554432 op, 65421500.00 ns, 1.9497 ns/op
OverheadActual  15: 33554432 op, 64451400.00 ns, 1.9208 ns/op
OverheadActual  16: 33554432 op, 69160900.00 ns, 2.0612 ns/op
OverheadActual  17: 33554432 op, 65695600.00 ns, 1.9579 ns/op
OverheadActual  18: 33554432 op, 64008800.00 ns, 1.9076 ns/op

WorkloadWarmup   1: 33554432 op, 571420800.00 ns, 17.0297 ns/op
WorkloadWarmup   2: 33554432 op, 613875900.00 ns, 18.2949 ns/op
WorkloadWarmup   3: 33554432 op, 590721200.00 ns, 17.6049 ns/op

// BeforeActualRun
WorkloadActual   1: 33554432 op, 569750800.00 ns, 16.9799 ns/op
WorkloadActual   2: 33554432 op, 583902400.00 ns, 17.4016 ns/op
WorkloadActual   3: 33554432 op, 583787900.00 ns, 17.3982 ns/op

// AfterActualRun
WorkloadResult   1: 33554432 op, 502891600.00 ns, 14.9873 ns/op
WorkloadResult   2: 33554432 op, 517043200.00 ns, 15.4091 ns/op
WorkloadResult   3: 33554432 op, 516928700.00 ns, 15.4057 ns/op
// GC:  0 0 0 0 33554432
// Threading:  0 0 33554432

// AfterAll
// Benchmark Process 16340 has exited with code 0.

Mean = 15.267 ns, StdErr = 0.140 ns (0.92%), N = 3, StdDev = 0.243 ns
Min = 14.987 ns, Q1 = 15.197 ns, Median = 15.406 ns, Q3 = 15.407 ns, Max = 15.409 ns
IQR = 0.211 ns, LowerFence = 14.880 ns, UpperFence = 15.724 ns
ConfidenceInterval = [10.843 ns; 19.692 ns] (CI 99.9%), Margin = 4.424 ns (28.98% of Mean)
Skewness = -0.38, Kurtosis = 0.67, MValue = 2

// ** Remained 66 (94.3%) benchmark(s) to run. Estimated finish 2026-03-22 17:25 (0h 12m from now) **
Setup power plan (GUID: 8c5e7fda-e8bf-4a96-9a85-a6e23a8c635c FriendlyName: High performance)
// **************************
// Benchmark: StringCopyToCharArrayBenchmarks.CopyToCharArray: ShortRun(Runtime=.NET 10.0, IterationCount=3, LaunchCount=1, WarmupCount=3) [source='"\\\0(...)~!@# [4096], destination=Char[4112]]
// *** Execute ***
// Launch: 1 / 1
// Execute: dotnet ScrubJay.Text.Benchmarks-ShortRun-1.dll --anonymousPipes 1640 1656 --benchmarkName StringCopyToCharArrayBenchmarks.CopyToCharArray(paramsHash_3183139975) --job ShortRun --benchmarkId 4 in C:\git\ScrubJay\ScrubJay.Text\benchmarks\bin\Release\net10.0\ScrubJay.Text.Benchmarks-ShortRun-1\bin\Release\net10.0
// BeforeAnythingElse

// Benchmark Process Environment Information:
// BenchmarkDotNet v0.15.8
// Runtime=.NET 10.0.4 (10.0.4, 10.0.426.12010), X64 RyuJIT x86-64-v3
// GC=Concurrent Workstation
// HardwareIntrinsics=AVX2+BMI1+BMI2+F16C+FMA+LZCNT+MOVBE,AVX,SSE3+SSSE3+SSE4.1+SSE4.2+POPCNT,X86Base+SSE+SSE2,AES+PCLMUL VectorSize=256
// Job: ShortRun(IterationCount=3, LaunchCount=1, WarmupCount=3)

OverheadJitting  1: 1 op, 268000.00 ns, 268.0000 us/op
WorkloadJitting  1: 1 op, 610300.00 ns, 610.3000 us/op

OverheadJitting  2: 16 op, 345500.00 ns, 21.5938 us/op
WorkloadJitting  2: 16 op, 788500.00 ns, 49.2813 us/op

WorkloadPilot    1: 16 op, 8000.00 ns, 500.0000 ns/op
WorkloadPilot    2: 32 op, 9300.00 ns, 290.6250 ns/op
WorkloadPilot    3: 64 op, 12700.00 ns, 198.4375 ns/op
WorkloadPilot    4: 128 op, 25800.00 ns, 201.5625 ns/op
WorkloadPilot    5: 256 op, 30600.00 ns, 119.5313 ns/op
WorkloadPilot    6: 512 op, 73700.00 ns, 143.9453 ns/op
WorkloadPilot    7: 1024 op, 166500.00 ns, 162.5977 ns/op
WorkloadPilot    8: 2048 op, 323100.00 ns, 157.7637 ns/op
WorkloadPilot    9: 4096 op, 487600.00 ns, 119.0430 ns/op
WorkloadPilot   10: 8192 op, 1522600.00 ns, 185.8643 ns/op
WorkloadPilot   11: 16384 op, 2376700.00 ns, 145.0623 ns/op
WorkloadPilot   12: 32768 op, 4209800.00 ns, 128.4729 ns/op
WorkloadPilot   13: 65536 op, 7480400.00 ns, 114.1418 ns/op
WorkloadPilot   14: 131072 op, 15059000.00 ns, 114.8911 ns/op
WorkloadPilot   15: 262144 op, 29500700.00 ns, 112.5362 ns/op
WorkloadPilot   16: 524288 op, 61005700.00 ns, 116.3591 ns/op
WorkloadPilot   17: 1048576 op, 111333000.00 ns, 106.1754 ns/op
WorkloadPilot   18: 2097152 op, 222134800.00 ns, 105.9221 ns/op
WorkloadPilot   19: 4194304 op, 454839700.00 ns, 108.4422 ns/op
WorkloadPilot   20: 8388608 op, 886015400.00 ns, 105.6213 ns/op

OverheadWarmup   1: 8388608 op, 21595800.00 ns, 2.5744 ns/op
OverheadWarmup   2: 8388608 op, 21272000.00 ns, 2.5358 ns/op
OverheadWarmup   3: 8388608 op, 21356500.00 ns, 2.5459 ns/op
OverheadWarmup   4: 8388608 op, 21262200.00 ns, 2.5347 ns/op
OverheadWarmup   5: 8388608 op, 25870600.00 ns, 3.0840 ns/op
OverheadWarmup   6: 8388608 op, 21269100.00 ns, 2.5355 ns/op

OverheadActual   1: 8388608 op, 22389200.00 ns, 2.6690 ns/op
OverheadActual   2: 8388608 op, 25902800.00 ns, 3.0879 ns/op
OverheadActual   3: 8388608 op, 21313500.00 ns, 2.5408 ns/op
OverheadActual   4: 8388608 op, 22062600.00 ns, 2.6301 ns/op
OverheadActual   5: 8388608 op, 23716500.00 ns, 2.8272 ns/op
OverheadActual   6: 8388608 op, 21264400.00 ns, 2.5349 ns/op
OverheadActual   7: 8388608 op, 21234200.00 ns, 2.5313 ns/op
OverheadActual   8: 8388608 op, 22094100.00 ns, 2.6338 ns/op
OverheadActual   9: 8388608 op, 21477500.00 ns, 2.5603 ns/op
OverheadActual  10: 8388608 op, 21920200.00 ns, 2.6131 ns/op
OverheadActual  11: 8388608 op, 21453800.00 ns, 2.5575 ns/op
OverheadActual  12: 8388608 op, 21925000.00 ns, 2.6137 ns/op
OverheadActual  13: 8388608 op, 18949100.00 ns, 2.2589 ns/op
OverheadActual  14: 8388608 op, 16775900.00 ns, 1.9998 ns/op
OverheadActual  15: 8388608 op, 16444900.00 ns, 1.9604 ns/op
OverheadActual  16: 8388608 op, 16656400.00 ns, 1.9856 ns/op
OverheadActual  17: 8388608 op, 16917500.00 ns, 2.0167 ns/op
OverheadActual  18: 8388608 op, 16369100.00 ns, 1.9513 ns/op
OverheadActual  19: 8388608 op, 16798300.00 ns, 2.0025 ns/op
OverheadActual  20: 8388608 op, 16173300.00 ns, 1.9280 ns/op

WorkloadWarmup   1: 8388608 op, 825987000.00 ns, 98.4653 ns/op
WorkloadWarmup   2: 8388608 op, 806115400.00 ns, 96.0964 ns/op
WorkloadWarmup   3: 8388608 op, 816647100.00 ns, 97.3519 ns/op

// BeforeActualRun
WorkloadActual   1: 8388608 op, 854667700.00 ns, 101.8843 ns/op
WorkloadActual   2: 8388608 op, 809430000.00 ns, 96.4916 ns/op
WorkloadActual   3: 8388608 op, 824325700.00 ns, 98.2673 ns/op

// AfterActualRun
WorkloadResult   1: 8388608 op, 833378750.00 ns, 99.3465 ns/op
WorkloadResult   2: 8388608 op, 788141050.00 ns, 93.9537 ns/op
WorkloadResult   3: 8388608 op, 803036750.00 ns, 95.7294 ns/op
// GC:  0 0 0 0 8388608
// Threading:  0 0 8388608

// AfterAll
// Benchmark Process 15256 has exited with code 0.

Mean = 96.343 ns, StdErr = 1.587 ns (1.65%), N = 3, StdDev = 2.748 ns
Min = 93.954 ns, Q1 = 94.842 ns, Median = 95.729 ns, Q3 = 97.538 ns, Max = 99.346 ns
IQR = 2.696 ns, LowerFence = 90.797 ns, UpperFence = 101.583 ns
ConfidenceInterval = [46.205 ns; 146.482 ns] (CI 99.9%), Margin = 50.139 ns (52.04% of Mean)
Skewness = 0.21, Kurtosis = 0.67, MValue = 2

// ** Remained 65 (92.9%) benchmark(s) to run. Estimated finish 2026-03-22 17:24 (0h 11m from now) **
Setup power plan (GUID: 8c5e7fda-e8bf-4a96-9a85-a6e23a8c635c FriendlyName: High performance)
// **************************
// Benchmark: StringCopyToCharArrayBenchmarks.CopyToCharArray: ShortRun(Runtime=.NET 6.0, IterationCount=3, LaunchCount=1, WarmupCount=3) [source=,, destination=Char[17]]
// *** Execute ***
// Launch: 1 / 1
// Execute: dotnet ScrubJay.Text.Benchmarks-ShortRun-2.dll --anonymousPipes 3416 1832 --benchmarkName "ScrubJay.Text.Benchmarks.CopyTo.StringCopyToCharArrayBenchmarks.CopyToCharArray(source: \",\", destination: ['\0', '\0', '\0', '\0', '\0', ...])" --job ShortRun --benchmarkId 0 in C:\git\ScrubJay\ScrubJay.Text\benchmarks\bin\Release\net10.0\ScrubJay.Text.Benchmarks-ShortRun-2\bin\Release\net6.0
// BeforeAnythingElse

// Benchmark Process Environment Information:
// BenchmarkDotNet v0.15.8
// Runtime=.NET 6.0.36 (6.0.36, 6.0.3624.51421), X64 RyuJIT x86-64-v3
// GC=Concurrent Workstation
// HardwareIntrinsics=AVX2+BMI1+BMI2+F16C+FMA+LZCNT+MOVBE,AVX,SSE3+SSSE3+SSE4.1+SSE4.2+POPCNT,X86Base+SSE+SSE2,AES+PCLMUL VectorSize=256
// Job: ShortRun(IterationCount=3, LaunchCount=1, WarmupCount=3)

OverheadJitting  1: 1 op, 218000.00 ns, 218.0000 us/op
WorkloadJitting  1: 1 op, 261800.00 ns, 261.8000 us/op

OverheadJitting  2: 16 op, 260700.00 ns, 16.2938 us/op
WorkloadJitting  2: 16 op, 351900.00 ns, 21.9938 us/op

WorkloadPilot    1: 16 op, 1500.00 ns, 93.7500 ns/op
WorkloadPilot    2: 32 op, 1300.00 ns, 40.6250 ns/op
WorkloadPilot    3: 64 op, 1700.00 ns, 26.5625 ns/op
WorkloadPilot    4: 128 op, 2800.00 ns, 21.8750 ns/op
WorkloadPilot    5: 256 op, 4800.00 ns, 18.7500 ns/op
WorkloadPilot    6: 512 op, 8500.00 ns, 16.6016 ns/op
WorkloadPilot    7: 1024 op, 29300.00 ns, 28.6133 ns/op
WorkloadPilot    8: 2048 op, 57900.00 ns, 28.2715 ns/op
WorkloadPilot    9: 4096 op, 87400.00 ns, 21.3379 ns/op
WorkloadPilot   10: 8192 op, 155000.00 ns, 18.9209 ns/op
WorkloadPilot   11: 16384 op, 308000.00 ns, 18.7988 ns/op
WorkloadPilot   12: 32768 op, 504500.00 ns, 15.3961 ns/op
WorkloadPilot   13: 65536 op, 986000.00 ns, 15.0452 ns/op
WorkloadPilot   14: 131072 op, 2048600.00 ns, 15.6296 ns/op
WorkloadPilot   15: 262144 op, 3962600.00 ns, 15.1161 ns/op
WorkloadPilot   16: 524288 op, 7785800.00 ns, 14.8502 ns/op
WorkloadPilot   17: 1048576 op, 15906300.00 ns, 15.1694 ns/op
WorkloadPilot   18: 2097152 op, 31174800.00 ns, 14.8653 ns/op
WorkloadPilot   19: 4194304 op, 62482600.00 ns, 14.8970 ns/op
WorkloadPilot   20: 8388608 op, 108916100.00 ns, 12.9838 ns/op
WorkloadPilot   21: 16777216 op, 174368300.00 ns, 10.3932 ns/op
WorkloadPilot   22: 33554432 op, 346891700.00 ns, 10.3382 ns/op
WorkloadPilot   23: 67108864 op, 718131700.00 ns, 10.7010 ns/op

OverheadWarmup   1: 67108864 op, 152577100.00 ns, 2.2736 ns/op
OverheadWarmup   2: 67108864 op, 137864300.00 ns, 2.0543 ns/op
OverheadWarmup   3: 67108864 op, 121835500.00 ns, 1.8155 ns/op
OverheadWarmup   4: 67108864 op, 121035700.00 ns, 1.8036 ns/op
OverheadWarmup   5: 67108864 op, 119894700.00 ns, 1.7866 ns/op
OverheadWarmup   6: 67108864 op, 121607900.00 ns, 1.8121 ns/op
OverheadWarmup   7: 67108864 op, 123323900.00 ns, 1.8377 ns/op
OverheadWarmup   8: 67108864 op, 121378600.00 ns, 1.8087 ns/op
OverheadWarmup   9: 67108864 op, 123790900.00 ns, 1.8446 ns/op
OverheadWarmup  10: 67108864 op, 123037900.00 ns, 1.8334 ns/op

OverheadActual   1: 67108864 op, 121293300.00 ns, 1.8074 ns/op
OverheadActual   2: 67108864 op, 122218300.00 ns, 1.8212 ns/op
OverheadActual   3: 67108864 op, 121857000.00 ns, 1.8158 ns/op
OverheadActual   4: 67108864 op, 127161300.00 ns, 1.8949 ns/op
OverheadActual   5: 67108864 op, 121597200.00 ns, 1.8119 ns/op
OverheadActual   6: 67108864 op, 121140000.00 ns, 1.8051 ns/op
OverheadActual   7: 67108864 op, 123372500.00 ns, 1.8384 ns/op
OverheadActual   8: 67108864 op, 122430500.00 ns, 1.8244 ns/op
OverheadActual   9: 67108864 op, 124044700.00 ns, 1.8484 ns/op
OverheadActual  10: 67108864 op, 121862000.00 ns, 1.8159 ns/op
OverheadActual  11: 67108864 op, 121374300.00 ns, 1.8086 ns/op
OverheadActual  12: 67108864 op, 121378100.00 ns, 1.8087 ns/op
OverheadActual  13: 67108864 op, 123405700.00 ns, 1.8389 ns/op
OverheadActual  14: 67108864 op, 121531600.00 ns, 1.8110 ns/op
OverheadActual  15: 67108864 op, 121087900.00 ns, 1.8044 ns/op

WorkloadWarmup   1: 67108864 op, 696411800.00 ns, 10.3773 ns/op
WorkloadWarmup   2: 67108864 op, 698755400.00 ns, 10.4123 ns/op
WorkloadWarmup   3: 67108864 op, 693756800.00 ns, 10.3378 ns/op

// BeforeActualRun
WorkloadActual   1: 67108864 op, 697682500.00 ns, 10.3963 ns/op
WorkloadActual   2: 67108864 op, 694721800.00 ns, 10.3522 ns/op
WorkloadActual   3: 67108864 op, 695411300.00 ns, 10.3624 ns/op

// AfterActualRun
WorkloadResult   1: 67108864 op, 575825500.00 ns, 8.5805 ns/op
WorkloadResult   2: 67108864 op, 572864800.00 ns, 8.5364 ns/op
WorkloadResult   3: 67108864 op, 573554300.00 ns, 8.5466 ns/op
// GC:  0 0 0 0 67108864
// Threading:  0 0 67108864

// AfterAll
// Benchmark Process 9832 has exited with code 0.

Mean = 8.554 ns, StdErr = 0.013 ns (0.16%), N = 3, StdDev = 0.023 ns
Min = 8.536 ns, Q1 = 8.541 ns, Median = 8.547 ns, Q3 = 8.564 ns, Max = 8.580 ns
IQR = 0.022 ns, LowerFence = 8.508 ns, UpperFence = 8.597 ns
ConfidenceInterval = [8.133 ns; 8.976 ns] (CI 99.9%), Margin = 0.421 ns (4.92% of Mean)
Skewness = 0.3, Kurtosis = 0.67, MValue = 2

// ** Remained 64 (91.4%) benchmark(s) to run. Estimated finish 2026-03-22 17:24 (0h 11m from now) **
Setup power plan (GUID: 8c5e7fda-e8bf-4a96-9a85-a6e23a8c635c FriendlyName: High performance)
// **************************
// Benchmark: StringCopyToCharArrayBenchmarks.CopyToCharArray: ShortRun(Runtime=.NET 6.0, IterationCount=3, LaunchCount=1, WarmupCount=3) [source=\r\n, destination=Char[18]]
// *** Execute ***
// Launch: 1 / 1
// Execute: dotnet ScrubJay.Text.Benchmarks-ShortRun-2.dll --anonymousPipes 1640 3392 --benchmarkName "ScrubJay.Text.Benchmarks.CopyTo.StringCopyToCharArrayBenchmarks.CopyToCharArray(source: \"\r\n\", destination: ['\0', '\0', '\0', '\0', '\0', ...])" --job ShortRun --benchmarkId 1 in C:\git\ScrubJay\ScrubJay.Text\benchmarks\bin\Release\net10.0\ScrubJay.Text.Benchmarks-ShortRun-2\bin\Release\net6.0
// BeforeAnythingElse

// Benchmark Process Environment Information:
// BenchmarkDotNet v0.15.8
// Runtime=.NET 6.0.36 (6.0.36, 6.0.3624.51421), X64 RyuJIT x86-64-v3
// GC=Concurrent Workstation
// HardwareIntrinsics=AVX2+BMI1+BMI2+F16C+FMA+LZCNT+MOVBE,AVX,SSE3+SSSE3+SSE4.1+SSE4.2+POPCNT,X86Base+SSE+SSE2,AES+PCLMUL VectorSize=256
// Job: ShortRun(IterationCount=3, LaunchCount=1, WarmupCount=3)

OverheadJitting  1: 1 op, 321000.00 ns, 321.0000 us/op
WorkloadJitting  1: 1 op, 297200.00 ns, 297.2000 us/op

OverheadJitting  2: 16 op, 280100.00 ns, 17.5063 us/op
WorkloadJitting  2: 16 op, 285800.00 ns, 17.8625 us/op

WorkloadPilot    1: 16 op, 1300.00 ns, 81.2500 ns/op
WorkloadPilot    2: 32 op, 1300.00 ns, 40.6250 ns/op
WorkloadPilot    3: 64 op, 1800.00 ns, 28.1250 ns/op
WorkloadPilot    4: 128 op, 2800.00 ns, 21.8750 ns/op
WorkloadPilot    5: 256 op, 4700.00 ns, 18.3594 ns/op
WorkloadPilot    6: 512 op, 8500.00 ns, 16.6016 ns/op
WorkloadPilot    7: 1024 op, 15700.00 ns, 15.3320 ns/op
WorkloadPilot    8: 2048 op, 70700.00 ns, 34.5215 ns/op
WorkloadPilot    9: 4096 op, 59700.00 ns, 14.5752 ns/op
WorkloadPilot   10: 8192 op, 163100.00 ns, 19.9097 ns/op
WorkloadPilot   11: 16384 op, 274400.00 ns, 16.7480 ns/op
WorkloadPilot   12: 32768 op, 529600.00 ns, 16.1621 ns/op
WorkloadPilot   13: 65536 op, 982700.00 ns, 14.9948 ns/op
WorkloadPilot   14: 131072 op, 2254900.00 ns, 17.2035 ns/op
WorkloadPilot   15: 262144 op, 3917500.00 ns, 14.9441 ns/op
WorkloadPilot   16: 524288 op, 7865900.00 ns, 15.0030 ns/op
WorkloadPilot   17: 1048576 op, 15586700.00 ns, 14.8646 ns/op
WorkloadPilot   18: 2097152 op, 33501100.00 ns, 15.9746 ns/op
WorkloadPilot   19: 4194304 op, 63174900.00 ns, 15.0621 ns/op
WorkloadPilot   20: 8388608 op, 102714900.00 ns, 12.2446 ns/op
WorkloadPilot   21: 16777216 op, 167713300.00 ns, 9.9965 ns/op
WorkloadPilot   22: 33554432 op, 335624000.00 ns, 10.0024 ns/op
WorkloadPilot   23: 67108864 op, 678258900.00 ns, 10.1068 ns/op

OverheadWarmup   1: 67108864 op, 152022700.00 ns, 2.2653 ns/op
OverheadWarmup   2: 67108864 op, 136520600.00 ns, 2.0343 ns/op
OverheadWarmup   3: 67108864 op, 121035300.00 ns, 1.8036 ns/op
OverheadWarmup   4: 67108864 op, 123434000.00 ns, 1.8393 ns/op
OverheadWarmup   5: 67108864 op, 121043000.00 ns, 1.8037 ns/op
OverheadWarmup   6: 67108864 op, 121775800.00 ns, 1.8146 ns/op
OverheadWarmup   7: 67108864 op, 124819200.00 ns, 1.8600 ns/op
OverheadWarmup   8: 67108864 op, 121930600.00 ns, 1.8169 ns/op

OverheadActual   1: 67108864 op, 123315300.00 ns, 1.8375 ns/op
OverheadActual   2: 67108864 op, 121269700.00 ns, 1.8071 ns/op
OverheadActual   3: 67108864 op, 120831700.00 ns, 1.8005 ns/op
OverheadActual   4: 67108864 op, 123118100.00 ns, 1.8346 ns/op
OverheadActual   5: 67108864 op, 122231400.00 ns, 1.8214 ns/op
OverheadActual   6: 67108864 op, 121804000.00 ns, 1.8150 ns/op
OverheadActual   7: 67108864 op, 123906100.00 ns, 1.8463 ns/op
OverheadActual   8: 67108864 op, 122910700.00 ns, 1.8315 ns/op
OverheadActual   9: 67108864 op, 122272500.00 ns, 1.8220 ns/op
OverheadActual  10: 67108864 op, 122359500.00 ns, 1.8233 ns/op
OverheadActual  11: 67108864 op, 122054600.00 ns, 1.8188 ns/op
OverheadActual  12: 67108864 op, 123591800.00 ns, 1.8417 ns/op
OverheadActual  13: 67108864 op, 121813800.00 ns, 1.8152 ns/op
OverheadActual  14: 67108864 op, 122524700.00 ns, 1.8258 ns/op
OverheadActual  15: 67108864 op, 121048300.00 ns, 1.8038 ns/op

WorkloadWarmup   1: 67108864 op, 668355100.00 ns, 9.9593 ns/op
WorkloadWarmup   2: 67108864 op, 670739700.00 ns, 9.9948 ns/op
WorkloadWarmup   3: 67108864 op, 669369900.00 ns, 9.9744 ns/op

// BeforeActualRun
WorkloadActual   1: 67108864 op, 675114200.00 ns, 10.0600 ns/op
WorkloadActual   2: 67108864 op, 670128100.00 ns, 9.9857 ns/op
WorkloadActual   3: 67108864 op, 671463500.00 ns, 10.0056 ns/op

// AfterActualRun
WorkloadResult   1: 67108864 op, 552841700.00 ns, 8.2380 ns/op
WorkloadResult   2: 67108864 op, 547855600.00 ns, 8.1637 ns/op
WorkloadResult   3: 67108864 op, 549191000.00 ns, 8.1836 ns/op
// GC:  0 0 0 0 67108864
// Threading:  0 0 67108864

// AfterAll
// Benchmark Process 10188 has exited with code 0.

Mean = 8.195 ns, StdErr = 0.022 ns (0.27%), N = 3, StdDev = 0.038 ns
Min = 8.164 ns, Q1 = 8.174 ns, Median = 8.184 ns, Q3 = 8.211 ns, Max = 8.238 ns
IQR = 0.037 ns, LowerFence = 8.118 ns, UpperFence = 8.267 ns
ConfidenceInterval = [7.493 ns; 8.897 ns] (CI 99.9%), Margin = 0.702 ns (8.56% of Mean)
Skewness = 0.27, Kurtosis = 0.67, MValue = 2

// ** Remained 63 (90.0%) benchmark(s) to run. Estimated finish 2026-03-22 17:24 (0h 11m from now) **
Setup power plan (GUID: 8c5e7fda-e8bf-4a96-9a85-a6e23a8c635c FriendlyName: High performance)
// **************************
// Benchmark: StringCopyToCharArrayBenchmarks.CopyToCharArray: ShortRun(Runtime=.NET 6.0, IterationCount=3, LaunchCount=1, WarmupCount=3) [source=Sphin(...) vow! [37], destination=Char[53]]
// *** Execute ***
// Launch: 1 / 1
// Execute: dotnet ScrubJay.Text.Benchmarks-ShortRun-2.dll --anonymousPipes 3424 2124 --benchmarkName "ScrubJay.Text.Benchmarks.CopyTo.StringCopyToCharArrayBenchmarks.CopyToCharArray(source: \"Sphinx of black quartz, judge my vow!\", destination: ['\0', '\0', '\0', '\0', '\0', ...])" --job ShortRun --benchmarkId 2 in C:\git\ScrubJay\ScrubJay.Text\benchmarks\bin\Release\net10.0\ScrubJay.Text.Benchmarks-ShortRun-2\bin\Release\net6.0
// BeforeAnythingElse

// Benchmark Process Environment Information:
// BenchmarkDotNet v0.15.8
// Runtime=.NET 6.0.36 (6.0.36, 6.0.3624.51421), X64 RyuJIT x86-64-v3
// GC=Concurrent Workstation
// HardwareIntrinsics=AVX2+BMI1+BMI2+F16C+FMA+LZCNT+MOVBE,AVX,SSE3+SSSE3+SSE4.1+SSE4.2+POPCNT,X86Base+SSE+SSE2,AES+PCLMUL VectorSize=256
// Job: ShortRun(IterationCount=3, LaunchCount=1, WarmupCount=3)

OverheadJitting  1: 1 op, 152100.00 ns, 152.1000 us/op
WorkloadJitting  1: 1 op, 286900.00 ns, 286.9000 us/op

OverheadJitting  2: 16 op, 289700.00 ns, 18.1063 us/op
WorkloadJitting  2: 16 op, 344700.00 ns, 21.5438 us/op

WorkloadPilot    1: 16 op, 1700.00 ns, 106.2500 ns/op
WorkloadPilot    2: 32 op, 1300.00 ns, 40.6250 ns/op
WorkloadPilot    3: 64 op, 2700.00 ns, 42.1875 ns/op
WorkloadPilot    4: 128 op, 7000.00 ns, 54.6875 ns/op
WorkloadPilot    5: 256 op, 4700.00 ns, 18.3594 ns/op
WorkloadPilot    6: 512 op, 15500.00 ns, 30.2734 ns/op
WorkloadPilot    7: 1024 op, 31700.00 ns, 30.9570 ns/op
WorkloadPilot    8: 2048 op, 69000.00 ns, 33.6914 ns/op
WorkloadPilot    9: 4096 op, 90300.00 ns, 22.0459 ns/op
WorkloadPilot   10: 8192 op, 202000.00 ns, 24.6582 ns/op
WorkloadPilot   11: 16384 op, 346900.00 ns, 21.1731 ns/op
WorkloadPilot   12: 32768 op, 547100.00 ns, 16.6962 ns/op
WorkloadPilot   13: 65536 op, 1084000.00 ns, 16.5405 ns/op
WorkloadPilot   14: 131072 op, 2109200.00 ns, 16.0919 ns/op
WorkloadPilot   15: 262144 op, 4488500.00 ns, 17.1223 ns/op
WorkloadPilot   16: 524288 op, 8336200.00 ns, 15.9000 ns/op
WorkloadPilot   17: 1048576 op, 18181900.00 ns, 17.3396 ns/op
WorkloadPilot   18: 2097152 op, 33977100.00 ns, 16.2015 ns/op
WorkloadPilot   19: 4194304 op, 66564200.00 ns, 15.8701 ns/op
WorkloadPilot   20: 8388608 op, 107731300.00 ns, 12.8426 ns/op
WorkloadPilot   21: 16777216 op, 188607100.00 ns, 11.2419 ns/op
WorkloadPilot   22: 33554432 op, 387452300.00 ns, 11.5470 ns/op
WorkloadPilot   23: 67108864 op, 759890900.00 ns, 11.3233 ns/op

OverheadWarmup   1: 67108864 op, 154433000.00 ns, 2.3012 ns/op
OverheadWarmup   2: 67108864 op, 141409500.00 ns, 2.1072 ns/op
OverheadWarmup   3: 67108864 op, 142279000.00 ns, 2.1201 ns/op
OverheadWarmup   4: 67108864 op, 137226200.00 ns, 2.0448 ns/op
OverheadWarmup   5: 67108864 op, 124356200.00 ns, 1.8531 ns/op
OverheadWarmup   6: 67108864 op, 123569500.00 ns, 1.8413 ns/op
OverheadWarmup   7: 67108864 op, 121555400.00 ns, 1.8113 ns/op
OverheadWarmup   8: 67108864 op, 231355200.00 ns, 3.4475 ns/op
OverheadWarmup   9: 67108864 op, 130080000.00 ns, 1.9383 ns/op

OverheadActual   1: 67108864 op, 128484800.00 ns, 1.9146 ns/op
OverheadActual   2: 67108864 op, 121851000.00 ns, 1.8157 ns/op
OverheadActual   3: 67108864 op, 124056700.00 ns, 1.8486 ns/op
OverheadActual   4: 67108864 op, 122257400.00 ns, 1.8218 ns/op
OverheadActual   5: 67108864 op, 123692600.00 ns, 1.8432 ns/op
OverheadActual   6: 67108864 op, 121431300.00 ns, 1.8095 ns/op
OverheadActual   7: 67108864 op, 121418500.00 ns, 1.8093 ns/op
OverheadActual   8: 67108864 op, 123543100.00 ns, 1.8409 ns/op
OverheadActual   9: 67108864 op, 121757900.00 ns, 1.8143 ns/op
OverheadActual  10: 67108864 op, 123116800.00 ns, 1.8346 ns/op
OverheadActual  11: 67108864 op, 121805600.00 ns, 1.8150 ns/op
OverheadActual  12: 67108864 op, 121347000.00 ns, 1.8082 ns/op
OverheadActual  13: 67108864 op, 123867700.00 ns, 1.8458 ns/op
OverheadActual  14: 67108864 op, 121266100.00 ns, 1.8070 ns/op
OverheadActual  15: 67108864 op, 122246800.00 ns, 1.8216 ns/op

WorkloadWarmup   1: 67108864 op, 758216200.00 ns, 11.2983 ns/op
WorkloadWarmup   2: 67108864 op, 758203100.00 ns, 11.2981 ns/op
WorkloadWarmup   3: 67108864 op, 757811600.00 ns, 11.2923 ns/op

// BeforeActualRun
WorkloadActual   1: 67108864 op, 758947400.00 ns, 11.3092 ns/op
WorkloadActual   2: 67108864 op, 759006400.00 ns, 11.3101 ns/op
WorkloadActual   3: 67108864 op, 758432000.00 ns, 11.3015 ns/op

// AfterActualRun
WorkloadResult   1: 67108864 op, 636700600.00 ns, 9.4876 ns/op
WorkloadResult   2: 67108864 op, 636759600.00 ns, 9.4885 ns/op
WorkloadResult   3: 67108864 op, 636185200.00 ns, 9.4799 ns/op
// GC:  0 0 0 0 67108864
// Threading:  0 0 67108864

// AfterAll
// Benchmark Process 13336 has exited with code 0.

Mean = 9.485 ns, StdErr = 0.003 ns (0.03%), N = 3, StdDev = 0.005 ns
Min = 9.480 ns, Q1 = 9.484 ns, Median = 9.488 ns, Q3 = 9.488 ns, Max = 9.488 ns
IQR = 0.004 ns, LowerFence = 9.477 ns, UpperFence = 9.494 ns
ConfidenceInterval = [9.399 ns; 9.571 ns] (CI 99.9%), Margin = 0.086 ns (0.91% of Mean)
Skewness = -0.37, Kurtosis = 0.67, MValue = 2

// ** Remained 62 (88.6%) benchmark(s) to run. Estimated finish 2026-03-22 17:24 (0h 10m from now) **
Setup power plan (GUID: 8c5e7fda-e8bf-4a96-9a85-a6e23a8c635c FriendlyName: High performance)
// **************************
// Benchmark: StringCopyToCharArrayBenchmarks.CopyToCharArray: ShortRun(Runtime=.NET 6.0, IterationCount=3, LaunchCount=1, WarmupCount=3) [source='"\\\0(...){]}\\ [512], destination=Char[528]]
// *** Execute ***
// Launch: 1 / 1
// Execute: dotnet ScrubJay.Text.Benchmarks-ShortRun-2.dll --anonymousPipes 3424 2124 --benchmarkName "ScrubJay.Text.Benchmarks.CopyTo.StringCopyToCharArrayBenchmarks.CopyToCharArray(source: \"'\\\"\\\0\a\b\f\n\r\t\v`~!@#$%^&*()-_=+[{]}\\|;:'\\\",<.>/?Sphinx of black quartz, judge my vow!'\\\"\\\0\a\b\f\n\r\t\v`~!@#$%^&*()-_=+[{]}\\|;:'\\\",<.>/?Sphinx of black quartz, judge my vow!'\\\"\\\0\a\b\f\n\r\t\v`~!@#$%^&*()-_=+[{]}\\|;:'\\\",<.>/?Sphinx of black quartz, judge my vow!'\\\"\\\0\a\b\f\n\r\t\v`~!@#$%^&*()-_=+[{]}\\|;:'\\\",<.>/?Sphinx of black quartz, judge my vow!'\\\"\\\0\a\b\f\n\r\t\v`~!@#$%^&*()-_=+[{]}\\|;:'\\\",<.>/?Sphinx of black quartz, judge my vow!'\\\"\\\0\a\b\f\n\r\t\v`~!@#$%^&*()-_=+[{]}\\|;:'\\\",<.>/?Sphinx of black quartz, judge my vow!'\\\"\\\0\a\b\f\n\r\t\v`~!@#$%^&*()-_=+[{]}\\\\\", destination: ['\0', '\0', '\0', '\0', '\0', ...])" --job ShortRun --benchmarkId 3 in C:\git\ScrubJay\ScrubJay.Text\benchmarks\bin\Release\net10.0\ScrubJay.Text.Benchmarks-ShortRun-2\bin\Release\net6.0
// BeforeAnythingElse

// Benchmark Process Environment Information:
// BenchmarkDotNet v0.15.8
// Runtime=.NET 6.0.36 (6.0.36, 6.0.3624.51421), X64 RyuJIT x86-64-v3
// GC=Concurrent Workstation
// HardwareIntrinsics=AVX2+BMI1+BMI2+F16C+FMA+LZCNT+MOVBE,AVX,SSE3+SSSE3+SSE4.1+SSE4.2+POPCNT,X86Base+SSE+SSE2,AES+PCLMUL VectorSize=256
// Job: ShortRun(IterationCount=3, LaunchCount=1, WarmupCount=3)

OverheadJitting  1: 1 op, 171100.00 ns, 171.1000 us/op
WorkloadJitting  1: 1 op, 309500.00 ns, 309.5000 us/op

OverheadJitting  2: 16 op, 270600.00 ns, 16.9125 us/op
WorkloadJitting  2: 16 op, 345600.00 ns, 21.6000 us/op

WorkloadPilot    1: 16 op, 2400.00 ns, 150.0000 ns/op
WorkloadPilot    2: 32 op, 2400.00 ns, 75.0000 ns/op
WorkloadPilot    3: 64 op, 3100.00 ns, 48.4375 ns/op
WorkloadPilot    4: 128 op, 10900.00 ns, 85.1563 ns/op
WorkloadPilot    5: 256 op, 9200.00 ns, 35.9375 ns/op
WorkloadPilot    6: 512 op, 17100.00 ns, 33.3984 ns/op
WorkloadPilot    7: 1024 op, 33300.00 ns, 32.5195 ns/op
WorkloadPilot    8: 2048 op, 100200.00 ns, 48.9258 ns/op
WorkloadPilot    9: 4096 op, 235200.00 ns, 57.4219 ns/op
WorkloadPilot   10: 8192 op, 299800.00 ns, 36.5967 ns/op
WorkloadPilot   11: 16384 op, 608700.00 ns, 37.1521 ns/op
WorkloadPilot   12: 32768 op, 1089000.00 ns, 33.2336 ns/op
WorkloadPilot   13: 65536 op, 2272600.00 ns, 34.6771 ns/op
WorkloadPilot   14: 131072 op, 4880300.00 ns, 37.2337 ns/op
WorkloadPilot   15: 262144 op, 8922800.00 ns, 34.0378 ns/op
WorkloadPilot   16: 524288 op, 17689400.00 ns, 33.7399 ns/op
WorkloadPilot   17: 1048576 op, 35171100.00 ns, 33.5418 ns/op
WorkloadPilot   18: 2097152 op, 71282700.00 ns, 33.9902 ns/op
WorkloadPilot   19: 4194304 op, 131963500.00 ns, 31.4626 ns/op
WorkloadPilot   20: 8388608 op, 254191700.00 ns, 30.3020 ns/op
WorkloadPilot   21: 16777216 op, 506444900.00 ns, 30.1865 ns/op

OverheadWarmup   1: 16777216 op, 38794700.00 ns, 2.3123 ns/op
OverheadWarmup   2: 16777216 op, 40706600.00 ns, 2.4263 ns/op
OverheadWarmup   3: 16777216 op, 38174200.00 ns, 2.2754 ns/op
OverheadWarmup   4: 16777216 op, 38928800.00 ns, 2.3203 ns/op
OverheadWarmup   5: 16777216 op, 38559000.00 ns, 2.2983 ns/op

OverheadActual   1: 16777216 op, 38170800.00 ns, 2.2752 ns/op
OverheadActual   2: 16777216 op, 38205800.00 ns, 2.2772 ns/op
OverheadActual   3: 16777216 op, 38167700.00 ns, 2.2750 ns/op
OverheadActual   4: 16777216 op, 40417800.00 ns, 2.4091 ns/op
OverheadActual   5: 16777216 op, 38067700.00 ns, 2.2690 ns/op
OverheadActual   6: 16777216 op, 36289600.00 ns, 2.1630 ns/op
OverheadActual   7: 16777216 op, 31183600.00 ns, 1.8587 ns/op
OverheadActual   8: 16777216 op, 30983500.00 ns, 1.8468 ns/op
OverheadActual   9: 16777216 op, 32286000.00 ns, 1.9244 ns/op
OverheadActual  10: 16777216 op, 31251700.00 ns, 1.8627 ns/op
OverheadActual  11: 16777216 op, 30627900.00 ns, 1.8256 ns/op
OverheadActual  12: 16777216 op, 32975600.00 ns, 1.9655 ns/op
OverheadActual  13: 16777216 op, 31889300.00 ns, 1.9008 ns/op
OverheadActual  14: 16777216 op, 32114800.00 ns, 1.9142 ns/op
OverheadActual  15: 16777216 op, 30769300.00 ns, 1.8340 ns/op
OverheadActual  16: 16777216 op, 31012900.00 ns, 1.8485 ns/op
OverheadActual  17: 16777216 op, 30406600.00 ns, 1.8124 ns/op
OverheadActual  18: 16777216 op, 30782500.00 ns, 1.8348 ns/op
OverheadActual  19: 16777216 op, 30570400.00 ns, 1.8221 ns/op
OverheadActual  20: 16777216 op, 30967100.00 ns, 1.8458 ns/op

WorkloadWarmup   1: 16777216 op, 516550100.00 ns, 30.7888 ns/op
WorkloadWarmup   2: 16777216 op, 511782800.00 ns, 30.5046 ns/op
WorkloadWarmup   3: 16777216 op, 512033200.00 ns, 30.5196 ns/op

// BeforeActualRun
WorkloadActual   1: 16777216 op, 507919900.00 ns, 30.2744 ns/op
WorkloadActual   2: 16777216 op, 509933800.00 ns, 30.3944 ns/op
WorkloadActual   3: 16777216 op, 513921100.00 ns, 30.6321 ns/op

// AfterActualRun
WorkloadResult   1: 16777216 op, 476349400.00 ns, 28.3926 ns/op
WorkloadResult   2: 16777216 op, 478363300.00 ns, 28.5127 ns/op
WorkloadResult   3: 16777216 op, 482350600.00 ns, 28.7503 ns/op
// GC:  0 0 0 0 16777216
// Threading:  0 0 16777216

// AfterAll
// Benchmark Process 16720 has exited with code 0.

Mean = 28.552 ns, StdErr = 0.105 ns (0.37%), N = 3, StdDev = 0.182 ns
Min = 28.393 ns, Q1 = 28.453 ns, Median = 28.513 ns, Q3 = 28.632 ns, Max = 28.750 ns
IQR = 0.179 ns, LowerFence = 28.184 ns, UpperFence = 28.900 ns
ConfidenceInterval = [25.231 ns; 31.873 ns] (CI 99.9%), Margin = 3.321 ns (11.63% of Mean)
Skewness = 0.21, Kurtosis = 0.67, MValue = 2

// ** Remained 61 (87.1%) benchmark(s) to run. Estimated finish 2026-03-22 17:23 (0h 10m from now) **
Setup power plan (GUID: 8c5e7fda-e8bf-4a96-9a85-a6e23a8c635c FriendlyName: High performance)
// **************************
// Benchmark: StringCopyToCharArrayBenchmarks.CopyToCharArray: ShortRun(Runtime=.NET 6.0, IterationCount=3, LaunchCount=1, WarmupCount=3) [source='"\\\0(...)~!@# [4096], destination=Char[4112]]
// *** Execute ***
// Launch: 1 / 1
// Execute: dotnet ScrubJay.Text.Benchmarks-ShortRun-2.dll --anonymousPipes 3468 2704 --benchmarkName StringCopyToCharArrayBenchmarks.CopyToCharArray(paramsHash_3183139975) --job ShortRun --benchmarkId 4 in C:\git\ScrubJay\ScrubJay.Text\benchmarks\bin\Release\net10.0\ScrubJay.Text.Benchmarks-ShortRun-2\bin\Release\net6.0
// BeforeAnythingElse

// Benchmark Process Environment Information:
// BenchmarkDotNet v0.15.8
// Runtime=.NET 6.0.36 (6.0.36, 6.0.3624.51421), X64 RyuJIT x86-64-v3
// GC=Concurrent Workstation
// HardwareIntrinsics=AVX2+BMI1+BMI2+F16C+FMA+LZCNT+MOVBE,AVX,SSE3+SSSE3+SSE4.1+SSE4.2+POPCNT,X86Base+SSE+SSE2,AES+PCLMUL VectorSize=256
// Job: ShortRun(IterationCount=3, LaunchCount=1, WarmupCount=3)

OverheadJitting  1: 1 op, 149500.00 ns, 149.5000 us/op
WorkloadJitting  1: 1 op, 296200.00 ns, 296.2000 us/op

OverheadJitting  2: 16 op, 252100.00 ns, 15.7563 us/op
WorkloadJitting  2: 16 op, 329600.00 ns, 20.6000 us/op

WorkloadPilot    1: 16 op, 7900.00 ns, 493.7500 ns/op
WorkloadPilot    2: 32 op, 9700.00 ns, 303.1250 ns/op
WorkloadPilot    3: 64 op, 52900.00 ns, 826.5625 ns/op
WorkloadPilot    4: 128 op, 15000.00 ns, 117.1875 ns/op
WorkloadPilot    5: 256 op, 45100.00 ns, 176.1719 ns/op
WorkloadPilot    6: 512 op, 76200.00 ns, 148.8281 ns/op
WorkloadPilot    7: 1024 op, 153500.00 ns, 149.9023 ns/op
WorkloadPilot    8: 2048 op, 273500.00 ns, 133.5449 ns/op
WorkloadPilot    9: 4096 op, 784300.00 ns, 191.4795 ns/op
WorkloadPilot   10: 8192 op, 1406100.00 ns, 171.6431 ns/op
WorkloadPilot   11: 16384 op, 2818300.00 ns, 172.0154 ns/op
WorkloadPilot   12: 32768 op, 4178900.00 ns, 127.5299 ns/op
WorkloadPilot   13: 65536 op, 7302800.00 ns, 111.4319 ns/op
WorkloadPilot   14: 131072 op, 14603600.00 ns, 111.4166 ns/op
WorkloadPilot   15: 262144 op, 32535700.00 ns, 124.1138 ns/op
WorkloadPilot   16: 524288 op, 54394400.00 ns, 103.7491 ns/op
WorkloadPilot   17: 1048576 op, 103723400.00 ns, 98.9183 ns/op
WorkloadPilot   18: 2097152 op, 188987400.00 ns, 90.1162 ns/op
WorkloadPilot   19: 4194304 op, 384202000.00 ns, 91.6009 ns/op
WorkloadPilot   20: 8388608 op, 762352400.00 ns, 90.8795 ns/op

OverheadWarmup   1: 8388608 op, 19074000.00 ns, 2.2738 ns/op
OverheadWarmup   2: 8388608 op, 19421500.00 ns, 2.3152 ns/op
OverheadWarmup   3: 8388608 op, 18944700.00 ns, 2.2584 ns/op
OverheadWarmup   4: 8388608 op, 19337200.00 ns, 2.3052 ns/op
OverheadWarmup   5: 8388608 op, 19154600.00 ns, 2.2834 ns/op

OverheadActual   1: 8388608 op, 19407800.00 ns, 2.3136 ns/op
OverheadActual   2: 8388608 op, 18898900.00 ns, 2.2529 ns/op
OverheadActual   3: 8388608 op, 19371300.00 ns, 2.3092 ns/op
OverheadActual   4: 8388608 op, 19045100.00 ns, 2.2704 ns/op
OverheadActual   5: 8388608 op, 19042600.00 ns, 2.2701 ns/op
OverheadActual   6: 8388608 op, 19385200.00 ns, 2.3109 ns/op
OverheadActual   7: 8388608 op, 19302700.00 ns, 2.3011 ns/op
OverheadActual   8: 8388608 op, 19084700.00 ns, 2.2751 ns/op
OverheadActual   9: 8388608 op, 19433200.00 ns, 2.3166 ns/op
OverheadActual  10: 8388608 op, 21872800.00 ns, 2.6074 ns/op
OverheadActual  11: 8388608 op, 16887900.00 ns, 2.0132 ns/op
OverheadActual  12: 8388608 op, 15475000.00 ns, 1.8448 ns/op
OverheadActual  13: 8388608 op, 15691000.00 ns, 1.8705 ns/op
OverheadActual  14: 8388608 op, 15667000.00 ns, 1.8677 ns/op
OverheadActual  15: 8388608 op, 15709900.00 ns, 1.8728 ns/op
OverheadActual  16: 8388608 op, 15559400.00 ns, 1.8548 ns/op
OverheadActual  17: 8388608 op, 15861900.00 ns, 1.8909 ns/op
OverheadActual  18: 8388608 op, 15938400.00 ns, 1.9000 ns/op
OverheadActual  19: 8388608 op, 15789600.00 ns, 1.8823 ns/op
OverheadActual  20: 8388608 op, 15643300.00 ns, 1.8648 ns/op

WorkloadWarmup   1: 8388608 op, 772381900.00 ns, 92.0751 ns/op
WorkloadWarmup   2: 8388608 op, 757050900.00 ns, 90.2475 ns/op
WorkloadWarmup   3: 8388608 op, 761023300.00 ns, 90.7210 ns/op

// BeforeActualRun
WorkloadActual   1: 8388608 op, 758223800.00 ns, 90.3873 ns/op
WorkloadActual   2: 8388608 op, 777749200.00 ns, 92.7149 ns/op
WorkloadActual   3: 8388608 op, 792303800.00 ns, 94.4500 ns/op

// AfterActualRun
WorkloadResult   1: 8388608 op, 740330400.00 ns, 88.2543 ns/op
WorkloadResult   2: 8388608 op, 759855800.00 ns, 90.5819 ns/op
WorkloadResult   3: 8388608 op, 774410400.00 ns, 92.3169 ns/op
// GC:  0 0 0 0 8388608
// Threading:  0 0 8388608

// AfterAll
// Benchmark Process 20788 has exited with code 0.

Mean = 90.384 ns, StdErr = 1.177 ns (1.30%), N = 3, StdDev = 2.039 ns
Min = 88.254 ns, Q1 = 89.418 ns, Median = 90.582 ns, Q3 = 91.449 ns, Max = 92.317 ns
IQR = 2.031 ns, LowerFence = 86.371 ns, UpperFence = 94.496 ns
ConfidenceInterval = [53.194 ns; 127.574 ns] (CI 99.9%), Margin = 37.190 ns (41.15% of Mean)
Skewness = -0.1, Kurtosis = 0.67, MValue = 2

// ** Remained 60 (85.7%) benchmark(s) to run. Estimated finish 2026-03-22 17:23 (0h 9m from now) **
Setup power plan (GUID: 8c5e7fda-e8bf-4a96-9a85-a6e23a8c635c FriendlyName: High performance)
// **************************
// Benchmark: StringCopyToCharArrayBenchmarks.AsSpanCopyToAsSpan: ShortRun(Runtime=.NET 10.0, IterationCount=3, LaunchCount=1, WarmupCount=3) [source=,, destination=Char[17]]
// *** Execute ***
// Launch: 1 / 1
// Execute: dotnet ScrubJay.Text.Benchmarks-ShortRun-1.dll --anonymousPipes 1764 3444 --benchmarkName "ScrubJay.Text.Benchmarks.CopyTo.StringCopyToCharArrayBenchmarks.AsSpanCopyToAsSpan(source: \",\", destination: ['\0', '\0', '\0', '\0', '\0', ...])" --job ShortRun --benchmarkId 5 in C:\git\ScrubJay\ScrubJay.Text\benchmarks\bin\Release\net10.0\ScrubJay.Text.Benchmarks-ShortRun-1\bin\Release\net10.0
// BeforeAnythingElse

// Benchmark Process Environment Information:
// BenchmarkDotNet v0.15.8
// Runtime=.NET 10.0.4 (10.0.4, 10.0.426.12010), X64 RyuJIT x86-64-v3
// GC=Concurrent Workstation
// HardwareIntrinsics=AVX2+BMI1+BMI2+F16C+FMA+LZCNT+MOVBE,AVX,SSE3+SSSE3+SSE4.1+SSE4.2+POPCNT,X86Base+SSE+SSE2,AES+PCLMUL VectorSize=256
// Job: ShortRun(IterationCount=3, LaunchCount=1, WarmupCount=3)

OverheadJitting  1: 1 op, 373700.00 ns, 373.7000 us/op
WorkloadJitting  1: 1 op, 516900.00 ns, 516.9000 us/op

OverheadJitting  2: 16 op, 330900.00 ns, 20.6813 us/op
WorkloadJitting  2: 16 op, 420900.00 ns, 26.3063 us/op

WorkloadPilot    1: 16 op, 1600.00 ns, 100.0000 ns/op
WorkloadPilot    2: 32 op, 2300.00 ns, 71.8750 ns/op
WorkloadPilot    3: 64 op, 2800.00 ns, 43.7500 ns/op
WorkloadPilot    4: 128 op, 5000.00 ns, 39.0625 ns/op
WorkloadPilot    5: 256 op, 6100.00 ns, 23.8281 ns/op
WorkloadPilot    6: 512 op, 15000.00 ns, 29.2969 ns/op
WorkloadPilot    7: 1024 op, 38600.00 ns, 37.6953 ns/op
WorkloadPilot    8: 2048 op, 54100.00 ns, 26.4160 ns/op
WorkloadPilot    9: 4096 op, 109700.00 ns, 26.7822 ns/op
WorkloadPilot   10: 8192 op, 206800.00 ns, 25.2441 ns/op
WorkloadPilot   11: 16384 op, 365600.00 ns, 22.3145 ns/op
WorkloadPilot   12: 32768 op, 610800.00 ns, 18.6401 ns/op
WorkloadPilot   13: 65536 op, 1235600.00 ns, 18.8538 ns/op
WorkloadPilot   14: 131072 op, 2607800.00 ns, 19.8959 ns/op
WorkloadPilot   15: 262144 op, 5174000.00 ns, 19.7372 ns/op
WorkloadPilot   16: 524288 op, 10046700.00 ns, 19.1626 ns/op
WorkloadPilot   17: 1048576 op, 19475700.00 ns, 18.5735 ns/op
WorkloadPilot   18: 2097152 op, 38854400.00 ns, 18.5272 ns/op
WorkloadPilot   19: 4194304 op, 77361000.00 ns, 18.4443 ns/op
WorkloadPilot   20: 8388608 op, 63249000.00 ns, 7.5399 ns/op
WorkloadPilot   21: 16777216 op, 120734700.00 ns, 7.1963 ns/op
WorkloadPilot   22: 33554432 op, 242120900.00 ns, 7.2158 ns/op
WorkloadPilot   23: 67108864 op, 478663300.00 ns, 7.1326 ns/op
WorkloadPilot   24: 134217728 op, 968113400.00 ns, 7.2130 ns/op

OverheadWarmup   1: 134217728 op, 321027100.00 ns, 2.3918 ns/op
OverheadWarmup   2: 134217728 op, 258097900.00 ns, 1.9230 ns/op
OverheadWarmup   3: 134217728 op, 260744200.00 ns, 1.9427 ns/op
OverheadWarmup   4: 134217728 op, 260226800.00 ns, 1.9388 ns/op
OverheadWarmup   5: 134217728 op, 257097600.00 ns, 1.9155 ns/op
OverheadWarmup   6: 134217728 op, 258281800.00 ns, 1.9243 ns/op
OverheadWarmup   7: 134217728 op, 260869400.00 ns, 1.9436 ns/op
OverheadWarmup   8: 134217728 op, 260318400.00 ns, 1.9395 ns/op

OverheadActual   1: 134217728 op, 261036800.00 ns, 1.9449 ns/op
OverheadActual   2: 134217728 op, 267794600.00 ns, 1.9952 ns/op
OverheadActual   3: 134217728 op, 259577700.00 ns, 1.9340 ns/op
OverheadActual   4: 134217728 op, 259940400.00 ns, 1.9367 ns/op
OverheadActual   5: 134217728 op, 258487800.00 ns, 1.9259 ns/op
OverheadActual   6: 134217728 op, 260072200.00 ns, 1.9377 ns/op
OverheadActual   7: 134217728 op, 258990500.00 ns, 1.9296 ns/op
OverheadActual   8: 134217728 op, 259873000.00 ns, 1.9362 ns/op
OverheadActual   9: 134217728 op, 260075800.00 ns, 1.9377 ns/op
OverheadActual  10: 134217728 op, 258205400.00 ns, 1.9238 ns/op
OverheadActual  11: 134217728 op, 258629500.00 ns, 1.9269 ns/op
OverheadActual  12: 134217728 op, 258043000.00 ns, 1.9226 ns/op
OverheadActual  13: 134217728 op, 259600400.00 ns, 1.9342 ns/op
OverheadActual  14: 134217728 op, 259354000.00 ns, 1.9323 ns/op
OverheadActual  15: 134217728 op, 258571900.00 ns, 1.9265 ns/op

WorkloadWarmup   1: 134217728 op, 959017600.00 ns, 7.1452 ns/op
WorkloadWarmup   2: 134217728 op, 952494400.00 ns, 7.0966 ns/op
WorkloadWarmup   3: 134217728 op, 960235500.00 ns, 7.1543 ns/op

// BeforeActualRun
WorkloadActual   1: 134217728 op, 951694600.00 ns, 7.0907 ns/op
WorkloadActual   2: 134217728 op, 965815300.00 ns, 7.1959 ns/op
WorkloadActual   3: 134217728 op, 951982200.00 ns, 7.0928 ns/op

// AfterActualRun
WorkloadResult   1: 134217728 op, 692116900.00 ns, 5.1567 ns/op
WorkloadResult   2: 134217728 op, 706237600.00 ns, 5.2619 ns/op
WorkloadResult   3: 134217728 op, 692404500.00 ns, 5.1588 ns/op
// GC:  0 0 0 0 134217728
// Threading:  0 0 134217728

// AfterAll
// Benchmark Process 11896 has exited with code 0.

Mean = 5.192 ns, StdErr = 0.035 ns (0.67%), N = 3, StdDev = 0.060 ns
Min = 5.157 ns, Q1 = 5.158 ns, Median = 5.159 ns, Q3 = 5.210 ns, Max = 5.262 ns
IQR = 0.053 ns, LowerFence = 5.079 ns, UpperFence = 5.289 ns
ConfidenceInterval = [4.095 ns; 6.289 ns] (CI 99.9%), Margin = 1.097 ns (21.13% of Mean)
Skewness = 0.38, Kurtosis = 0.67, MValue = 2

// ** Remained 59 (84.3%) benchmark(s) to run. Estimated finish 2026-03-22 17:24 (0h 10m from now) **
Setup power plan (GUID: 8c5e7fda-e8bf-4a96-9a85-a6e23a8c635c FriendlyName: High performance)
// **************************
// Benchmark: StringCopyToCharArrayBenchmarks.AsSpanCopyToAsSpan: ShortRun(Runtime=.NET 10.0, IterationCount=3, LaunchCount=1, WarmupCount=3) [source=\r\n, destination=Char[18]]
// *** Execute ***
// Launch: 1 / 1
// Execute: dotnet ScrubJay.Text.Benchmarks-ShortRun-1.dll --anonymousPipes 3468 2212 --benchmarkName "ScrubJay.Text.Benchmarks.CopyTo.StringCopyToCharArrayBenchmarks.AsSpanCopyToAsSpan(source: \"\r\n\", destination: ['\0', '\0', '\0', '\0', '\0', ...])" --job ShortRun --benchmarkId 6 in C:\git\ScrubJay\ScrubJay.Text\benchmarks\bin\Release\net10.0\ScrubJay.Text.Benchmarks-ShortRun-1\bin\Release\net10.0
// BeforeAnythingElse

// Benchmark Process Environment Information:
// BenchmarkDotNet v0.15.8
// Runtime=.NET 10.0.4 (10.0.4, 10.0.426.12010), X64 RyuJIT x86-64-v3
// GC=Concurrent Workstation
// HardwareIntrinsics=AVX2+BMI1+BMI2+F16C+FMA+LZCNT+MOVBE,AVX,SSE3+SSSE3+SSE4.1+SSE4.2+POPCNT,X86Base+SSE+SSE2,AES+PCLMUL VectorSize=256
// Job: ShortRun(IterationCount=3, LaunchCount=1, WarmupCount=3)

OverheadJitting  1: 1 op, 216000.00 ns, 216.0000 us/op
WorkloadJitting  1: 1 op, 730700.00 ns, 730.7000 us/op

OverheadJitting  2: 16 op, 328600.00 ns, 20.5375 us/op
WorkloadJitting  2: 16 op, 353600.00 ns, 22.1000 us/op

WorkloadPilot    1: 16 op, 1700.00 ns, 106.2500 ns/op
WorkloadPilot    2: 32 op, 1600.00 ns, 50.0000 ns/op
WorkloadPilot    3: 64 op, 2200.00 ns, 34.3750 ns/op
WorkloadPilot    4: 128 op, 3200.00 ns, 25.0000 ns/op
WorkloadPilot    5: 256 op, 5600.00 ns, 21.8750 ns/op
WorkloadPilot    6: 512 op, 10300.00 ns, 20.1172 ns/op
WorkloadPilot    7: 1024 op, 19800.00 ns, 19.3359 ns/op
WorkloadPilot    8: 2048 op, 86300.00 ns, 42.1387 ns/op
WorkloadPilot    9: 4096 op, 104400.00 ns, 25.4883 ns/op
WorkloadPilot   10: 8192 op, 215500.00 ns, 26.3062 ns/op
WorkloadPilot   11: 16384 op, 332400.00 ns, 20.2881 ns/op
WorkloadPilot   12: 32768 op, 657800.00 ns, 20.0745 ns/op
WorkloadPilot   13: 65536 op, 1321700.00 ns, 20.1675 ns/op
WorkloadPilot   14: 131072 op, 2539600.00 ns, 19.3756 ns/op
WorkloadPilot   15: 262144 op, 5330900.00 ns, 20.3358 ns/op
WorkloadPilot   16: 524288 op, 9854800.00 ns, 18.7965 ns/op
WorkloadPilot   17: 1048576 op, 20583500.00 ns, 19.6300 ns/op
WorkloadPilot   18: 2097152 op, 46611300.00 ns, 22.2260 ns/op
WorkloadPilot   19: 4194304 op, 83184000.00 ns, 19.8326 ns/op
WorkloadPilot   20: 8388608 op, 63835300.00 ns, 7.6098 ns/op
WorkloadPilot   21: 16777216 op, 117089900.00 ns, 6.9791 ns/op
WorkloadPilot   22: 33554432 op, 240327900.00 ns, 7.1623 ns/op
WorkloadPilot   23: 67108864 op, 459353200.00 ns, 6.8449 ns/op
WorkloadPilot   24: 134217728 op, 941660600.00 ns, 7.0159 ns/op

OverheadWarmup   1: 134217728 op, 309135800.00 ns, 2.3032 ns/op
OverheadWarmup   2: 134217728 op, 260492400.00 ns, 1.9408 ns/op
OverheadWarmup   3: 134217728 op, 258870300.00 ns, 1.9287 ns/op
OverheadWarmup   4: 134217728 op, 260338300.00 ns, 1.9397 ns/op
OverheadWarmup   5: 134217728 op, 257166100.00 ns, 1.9160 ns/op
OverheadWarmup   6: 134217728 op, 260589500.00 ns, 1.9415 ns/op
OverheadWarmup   7: 134217728 op, 258892600.00 ns, 1.9289 ns/op

OverheadActual   1: 134217728 op, 259809200.00 ns, 1.9357 ns/op
OverheadActual   2: 134217728 op, 260002700.00 ns, 1.9372 ns/op
OverheadActual   3: 134217728 op, 260484400.00 ns, 1.9408 ns/op
OverheadActual   4: 134217728 op, 259649300.00 ns, 1.9345 ns/op
OverheadActual   5: 134217728 op, 258147500.00 ns, 1.9233 ns/op
OverheadActual   6: 134217728 op, 259432100.00 ns, 1.9329 ns/op
OverheadActual   7: 134217728 op, 259471800.00 ns, 1.9332 ns/op
OverheadActual   8: 134217728 op, 259956400.00 ns, 1.9368 ns/op
OverheadActual   9: 134217728 op, 258222800.00 ns, 1.9239 ns/op
OverheadActual  10: 134217728 op, 259473800.00 ns, 1.9332 ns/op
OverheadActual  11: 134217728 op, 258859200.00 ns, 1.9287 ns/op
OverheadActual  12: 134217728 op, 257015200.00 ns, 1.9149 ns/op
OverheadActual  13: 134217728 op, 259504300.00 ns, 1.9335 ns/op
OverheadActual  14: 134217728 op, 259920200.00 ns, 1.9366 ns/op
OverheadActual  15: 134217728 op, 259647600.00 ns, 1.9345 ns/op

WorkloadWarmup   1: 134217728 op, 941447500.00 ns, 7.0143 ns/op
WorkloadWarmup   2: 134217728 op, 922290200.00 ns, 6.8716 ns/op
WorkloadWarmup   3: 134217728 op, 920714300.00 ns, 6.8599 ns/op

// BeforeActualRun
WorkloadActual   1: 134217728 op, 922588900.00 ns, 6.8738 ns/op
WorkloadActual   2: 134217728 op, 919138900.00 ns, 6.8481 ns/op
WorkloadActual   3: 134217728 op, 916389900.00 ns, 6.8276 ns/op

// AfterActualRun
WorkloadResult   1: 134217728 op, 663084600.00 ns, 4.9404 ns/op
WorkloadResult   2: 134217728 op, 659634600.00 ns, 4.9147 ns/op
WorkloadResult   3: 134217728 op, 656885600.00 ns, 4.8942 ns/op
// GC:  0 0 0 0 134217728
// Threading:  0 0 134217728

// AfterAll
// Benchmark Process 14780 has exited with code 0.

Mean = 4.916 ns, StdErr = 0.013 ns (0.27%), N = 3, StdDev = 0.023 ns
Min = 4.894 ns, Q1 = 4.904 ns, Median = 4.915 ns, Q3 = 4.928 ns, Max = 4.940 ns
IQR = 0.023 ns, LowerFence = 4.870 ns, UpperFence = 4.962 ns
ConfidenceInterval = [4.494 ns; 5.339 ns] (CI 99.9%), Margin = 0.422 ns (8.59% of Mean)
Skewness = 0.07, Kurtosis = 0.67, MValue = 2

// ** Remained 58 (82.9%) benchmark(s) to run. Estimated finish 2026-03-22 17:24 (0h 10m from now) **
Setup power plan (GUID: 8c5e7fda-e8bf-4a96-9a85-a6e23a8c635c FriendlyName: High performance)
// **************************
// Benchmark: StringCopyToCharArrayBenchmarks.AsSpanCopyToAsSpan: ShortRun(Runtime=.NET 10.0, IterationCount=3, LaunchCount=1, WarmupCount=3) [source=Sphin(...) vow! [37], destination=Char[53]]
// *** Execute ***
// Launch: 1 / 1
// Execute: dotnet ScrubJay.Text.Benchmarks-ShortRun-1.dll --anonymousPipes 3468 2212 --benchmarkName "ScrubJay.Text.Benchmarks.CopyTo.StringCopyToCharArrayBenchmarks.AsSpanCopyToAsSpan(source: \"Sphinx of black quartz, judge my vow!\", destination: ['\0', '\0', '\0', '\0', '\0', ...])" --job ShortRun --benchmarkId 7 in C:\git\ScrubJay\ScrubJay.Text\benchmarks\bin\Release\net10.0\ScrubJay.Text.Benchmarks-ShortRun-1\bin\Release\net10.0
// BeforeAnythingElse

// Benchmark Process Environment Information:
// BenchmarkDotNet v0.15.8
// Runtime=.NET 10.0.4 (10.0.4, 10.0.426.12010), X64 RyuJIT x86-64-v3
// GC=Concurrent Workstation
// HardwareIntrinsics=AVX2+BMI1+BMI2+F16C+FMA+LZCNT+MOVBE,AVX,SSE3+SSSE3+SSE4.1+SSE4.2+POPCNT,X86Base+SSE+SSE2,AES+PCLMUL VectorSize=256
// Job: ShortRun(IterationCount=3, LaunchCount=1, WarmupCount=3)

OverheadJitting  1: 1 op, 222200.00 ns, 222.2000 us/op
WorkloadJitting  1: 1 op, 673300.00 ns, 673.3000 us/op

OverheadJitting  2: 16 op, 293700.00 ns, 18.3563 us/op
WorkloadJitting  2: 16 op, 428500.00 ns, 26.7813 us/op

WorkloadPilot    1: 16 op, 2300.00 ns, 143.7500 ns/op
WorkloadPilot    2: 32 op, 1900.00 ns, 59.3750 ns/op
WorkloadPilot    3: 64 op, 3800.00 ns, 59.3750 ns/op
WorkloadPilot    4: 128 op, 7500.00 ns, 58.5938 ns/op
WorkloadPilot    5: 256 op, 21000.00 ns, 82.0313 ns/op
WorkloadPilot    6: 512 op, 16600.00 ns, 32.4219 ns/op
WorkloadPilot    7: 1024 op, 23400.00 ns, 22.8516 ns/op
WorkloadPilot    8: 2048 op, 62600.00 ns, 30.5664 ns/op
WorkloadPilot    9: 4096 op, 96600.00 ns, 23.5840 ns/op
WorkloadPilot   10: 8192 op, 191800.00 ns, 23.4131 ns/op
WorkloadPilot   11: 16384 op, 348900.00 ns, 21.2952 ns/op
WorkloadPilot   12: 32768 op, 664900.00 ns, 20.2911 ns/op
WorkloadPilot   13: 65536 op, 1373400.00 ns, 20.9564 ns/op
WorkloadPilot   14: 131072 op, 2728800.00 ns, 20.8191 ns/op
WorkloadPilot   15: 262144 op, 5622200.00 ns, 21.4470 ns/op
WorkloadPilot   16: 524288 op, 11081100.00 ns, 21.1355 ns/op
WorkloadPilot   17: 1048576 op, 21174600.00 ns, 20.1937 ns/op
WorkloadPilot   18: 2097152 op, 48295800.00 ns, 23.0292 ns/op
WorkloadPilot   19: 4194304 op, 76130900.00 ns, 18.1510 ns/op
WorkloadPilot   20: 8388608 op, 69386100.00 ns, 8.2715 ns/op
WorkloadPilot   21: 16777216 op, 139292100.00 ns, 8.3025 ns/op
WorkloadPilot   22: 33554432 op, 270933200.00 ns, 8.0744 ns/op
WorkloadPilot   23: 67108864 op, 548617200.00 ns, 8.1750 ns/op

OverheadWarmup   1: 67108864 op, 170458300.00 ns, 2.5400 ns/op
OverheadWarmup   2: 67108864 op, 142194300.00 ns, 2.1189 ns/op
OverheadWarmup   3: 67108864 op, 129469400.00 ns, 1.9292 ns/op
OverheadWarmup   4: 67108864 op, 129843300.00 ns, 1.9348 ns/op
OverheadWarmup   5: 67108864 op, 129878600.00 ns, 1.9353 ns/op
OverheadWarmup   6: 67108864 op, 128809100.00 ns, 1.9194 ns/op
OverheadWarmup   7: 67108864 op, 129494800.00 ns, 1.9296 ns/op
OverheadWarmup   8: 67108864 op, 130428800.00 ns, 1.9435 ns/op
OverheadWarmup   9: 67108864 op, 130346100.00 ns, 1.9423 ns/op

OverheadActual   1: 67108864 op, 130835300.00 ns, 1.9496 ns/op
OverheadActual   2: 67108864 op, 129314700.00 ns, 1.9269 ns/op
OverheadActual   3: 67108864 op, 131402200.00 ns, 1.9580 ns/op
OverheadActual   4: 67108864 op, 131157900.00 ns, 1.9544 ns/op
OverheadActual   5: 67108864 op, 130272300.00 ns, 1.9412 ns/op
OverheadActual   6: 67108864 op, 130163200.00 ns, 1.9396 ns/op
OverheadActual   7: 67108864 op, 128836500.00 ns, 1.9198 ns/op
OverheadActual   8: 67108864 op, 127130400.00 ns, 1.8944 ns/op
OverheadActual   9: 67108864 op, 131188900.00 ns, 1.9549 ns/op
OverheadActual  10: 67108864 op, 128599600.00 ns, 1.9163 ns/op
OverheadActual  11: 67108864 op, 131251400.00 ns, 1.9558 ns/op
OverheadActual  12: 67108864 op, 129260900.00 ns, 1.9261 ns/op
OverheadActual  13: 67108864 op, 130394200.00 ns, 1.9430 ns/op
OverheadActual  14: 67108864 op, 128819300.00 ns, 1.9196 ns/op
OverheadActual  15: 67108864 op, 129591200.00 ns, 1.9311 ns/op

WorkloadWarmup   1: 67108864 op, 549663300.00 ns, 8.1906 ns/op
WorkloadWarmup   2: 67108864 op, 562448200.00 ns, 8.3811 ns/op
WorkloadWarmup   3: 67108864 op, 544536900.00 ns, 8.1142 ns/op

// BeforeActualRun
WorkloadActual   1: 67108864 op, 551168700.00 ns, 8.2131 ns/op
WorkloadActual   2: 67108864 op, 548064200.00 ns, 8.1668 ns/op
WorkloadActual   3: 67108864 op, 547692600.00 ns, 8.1613 ns/op

// AfterActualRun
WorkloadResult   1: 67108864 op, 421005500.00 ns, 6.2735 ns/op
WorkloadResult   2: 67108864 op, 417901000.00 ns, 6.2272 ns/op
WorkloadResult   3: 67108864 op, 417529400.00 ns, 6.2217 ns/op
// GC:  0 0 0 0 67108864
// Threading:  0 0 67108864

// AfterAll
// Benchmark Process 10520 has exited with code 0.

Mean = 6.241 ns, StdErr = 0.016 ns (0.26%), N = 3, StdDev = 0.028 ns
Min = 6.222 ns, Q1 = 6.224 ns, Median = 6.227 ns, Q3 = 6.250 ns, Max = 6.273 ns
IQR = 0.026 ns, LowerFence = 6.186 ns, UpperFence = 6.289 ns
ConfidenceInterval = [5.722 ns; 6.760 ns] (CI 99.9%), Margin = 0.519 ns (8.31% of Mean)
Skewness = 0.37, Kurtosis = 0.67, MValue = 2

// ** Remained 57 (81.4%) benchmark(s) to run. Estimated finish 2026-03-22 17:24 (0h 10m from now) **
Setup power plan (GUID: 8c5e7fda-e8bf-4a96-9a85-a6e23a8c635c FriendlyName: High performance)
// **************************
// Benchmark: StringCopyToCharArrayBenchmarks.AsSpanCopyToAsSpan: ShortRun(Runtime=.NET 10.0, IterationCount=3, LaunchCount=1, WarmupCount=3) [source='"\\\0(...){]}\\ [512], destination=Char[528]]
// *** Execute ***
// Launch: 1 / 1
// Execute: dotnet ScrubJay.Text.Benchmarks-ShortRun-1.dll --anonymousPipes 2704 1760 --benchmarkName "ScrubJay.Text.Benchmarks.CopyTo.StringCopyToCharArrayBenchmarks.AsSpanCopyToAsSpan(source: \"'\\\"\\\0\a\b\f\n\r\t\v`~!@#$%^&*()-_=+[{]}\\|;:'\\\",<.>/?Sphinx of black quartz, judge my vow!'\\\"\\\0\a\b\f\n\r\t\v`~!@#$%^&*()-_=+[{]}\\|;:'\\\",<.>/?Sphinx of black quartz, judge my vow!'\\\"\\\0\a\b\f\n\r\t\v`~!@#$%^&*()-_=+[{]}\\|;:'\\\",<.>/?Sphinx of black quartz, judge my vow!'\\\"\\\0\a\b\f\n\r\t\v`~!@#$%^&*()-_=+[{]}\\|;:'\\\",<.>/?Sphinx of black quartz, judge my vow!'\\\"\\\0\a\b\f\n\r\t\v`~!@#$%^&*()-_=+[{]}\\|;:'\\\",<.>/?Sphinx of black quartz, judge my vow!'\\\"\\\0\a\b\f\n\r\t\v`~!@#$%^&*()-_=+[{]}\\|;:'\\\",<.>/?Sphinx of black quartz, judge my vow!'\\\"\\\0\a\b\f\n\r\t\v`~!@#$%^&*()-_=+[{]}\\\\\", destination: ['\0', '\0', '\0', '\0', '\0', ...])" --job ShortRun --benchmarkId 8 in C:\git\ScrubJay\ScrubJay.Text\benchmarks\bin\Release\net10.0\ScrubJay.Text.Benchmarks-ShortRun-1\bin\Release\net10.0
// BeforeAnythingElse

// Benchmark Process Environment Information:
// BenchmarkDotNet v0.15.8
// Runtime=.NET 10.0.4 (10.0.4, 10.0.426.12010), X64 RyuJIT x86-64-v3
// GC=Concurrent Workstation
// HardwareIntrinsics=AVX2+BMI1+BMI2+F16C+FMA+LZCNT+MOVBE,AVX,SSE3+SSSE3+SSE4.1+SSE4.2+POPCNT,X86Base+SSE+SSE2,AES+PCLMUL VectorSize=256
// Job: ShortRun(IterationCount=3, LaunchCount=1, WarmupCount=3)

OverheadJitting  1: 1 op, 218800.00 ns, 218.8000 us/op
WorkloadJitting  1: 1 op, 666400.00 ns, 666.4000 us/op

OverheadJitting  2: 16 op, 308500.00 ns, 19.2813 us/op
WorkloadJitting  2: 16 op, 512900.00 ns, 32.0563 us/op

WorkloadPilot    1: 16 op, 2600.00 ns, 162.5000 ns/op
WorkloadPilot    2: 32 op, 2500.00 ns, 78.1250 ns/op
WorkloadPilot    3: 64 op, 17100.00 ns, 267.1875 ns/op
WorkloadPilot    4: 128 op, 6300.00 ns, 49.2188 ns/op
WorkloadPilot    5: 256 op, 30000.00 ns, 117.1875 ns/op
WorkloadPilot    6: 512 op, 21100.00 ns, 41.2109 ns/op
WorkloadPilot    7: 1024 op, 42400.00 ns, 41.4063 ns/op
WorkloadPilot    8: 2048 op, 159100.00 ns, 77.6855 ns/op
WorkloadPilot    9: 4096 op, 241000.00 ns, 58.8379 ns/op
WorkloadPilot   10: 8192 op, 431600.00 ns, 52.6855 ns/op
WorkloadPilot   11: 16384 op, 700600.00 ns, 42.7612 ns/op
WorkloadPilot   12: 32768 op, 1577800.00 ns, 48.1506 ns/op
WorkloadPilot   13: 65536 op, 2739300.00 ns, 41.7984 ns/op
WorkloadPilot   14: 131072 op, 5514200.00 ns, 42.0700 ns/op
WorkloadPilot   15: 262144 op, 11029600.00 ns, 42.0746 ns/op
WorkloadPilot   16: 524288 op, 21681300.00 ns, 41.3538 ns/op
WorkloadPilot   17: 1048576 op, 43992900.00 ns, 41.9549 ns/op
WorkloadPilot   18: 2097152 op, 87141300.00 ns, 41.5522 ns/op
WorkloadPilot   19: 4194304 op, 82257600.00 ns, 19.6117 ns/op
WorkloadPilot   20: 8388608 op, 159436500.00 ns, 19.0063 ns/op
WorkloadPilot   21: 16777216 op, 320297200.00 ns, 19.0912 ns/op
WorkloadPilot   22: 33554432 op, 638258300.00 ns, 19.0216 ns/op

OverheadWarmup   1: 33554432 op, 86313600.00 ns, 2.5723 ns/op
OverheadWarmup   2: 33554432 op, 84780100.00 ns, 2.5266 ns/op
OverheadWarmup   3: 33554432 op, 77206600.00 ns, 2.3009 ns/op
OverheadWarmup   4: 33554432 op, 65646000.00 ns, 1.9564 ns/op
OverheadWarmup   5: 33554432 op, 66584200.00 ns, 1.9844 ns/op
OverheadWarmup   6: 33554432 op, 64877500.00 ns, 1.9335 ns/op
OverheadWarmup   7: 33554432 op, 64854100.00 ns, 1.9328 ns/op
OverheadWarmup   8: 33554432 op, 64575500.00 ns, 1.9245 ns/op
OverheadWarmup   9: 33554432 op, 65338100.00 ns, 1.9472 ns/op
OverheadWarmup  10: 33554432 op, 65960900.00 ns, 1.9658 ns/op

OverheadActual   1: 33554432 op, 64842700.00 ns, 1.9325 ns/op
OverheadActual   2: 33554432 op, 64812800.00 ns, 1.9316 ns/op
OverheadActual   3: 33554432 op, 64682800.00 ns, 1.9277 ns/op
OverheadActual   4: 33554432 op, 67796700.00 ns, 2.0205 ns/op
OverheadActual   5: 33554432 op, 65047700.00 ns, 1.9386 ns/op
OverheadActual   6: 33554432 op, 65485000.00 ns, 1.9516 ns/op
OverheadActual   7: 33554432 op, 65959200.00 ns, 1.9657 ns/op
OverheadActual   8: 33554432 op, 64771500.00 ns, 1.9303 ns/op
OverheadActual   9: 33554432 op, 66157600.00 ns, 1.9717 ns/op
OverheadActual  10: 33554432 op, 65551500.00 ns, 1.9536 ns/op
OverheadActual  11: 33554432 op, 65077300.00 ns, 1.9395 ns/op
OverheadActual  12: 33554432 op, 64857900.00 ns, 1.9329 ns/op
OverheadActual  13: 33554432 op, 65172800.00 ns, 1.9423 ns/op
OverheadActual  14: 33554432 op, 66274300.00 ns, 1.9751 ns/op
OverheadActual  15: 33554432 op, 68296500.00 ns, 2.0354 ns/op

WorkloadWarmup   1: 33554432 op, 633789100.00 ns, 18.8884 ns/op
WorkloadWarmup   2: 33554432 op, 636367400.00 ns, 18.9652 ns/op
WorkloadWarmup   3: 33554432 op, 641781200.00 ns, 19.1266 ns/op

// BeforeActualRun
WorkloadActual   1: 33554432 op, 634204200.00 ns, 18.9008 ns/op
WorkloadActual   2: 33554432 op, 640268200.00 ns, 19.0815 ns/op
WorkloadActual   3: 33554432 op, 637591500.00 ns, 19.0017 ns/op

// AfterActualRun
WorkloadResult   1: 33554432 op, 569031400.00 ns, 16.9585 ns/op
WorkloadResult   2: 33554432 op, 575095400.00 ns, 17.1392 ns/op
WorkloadResult   3: 33554432 op, 572418700.00 ns, 17.0594 ns/op
// GC:  0 0 0 0 33554432
// Threading:  0 0 33554432

// AfterAll
// Benchmark Process 14948 has exited with code 0.

Mean = 17.052 ns, StdErr = 0.052 ns (0.31%), N = 3, StdDev = 0.091 ns
Min = 16.958 ns, Q1 = 17.009 ns, Median = 17.059 ns, Q3 = 17.099 ns, Max = 17.139 ns
IQR = 0.090 ns, LowerFence = 16.873 ns, UpperFence = 17.235 ns
ConfidenceInterval = [15.400 ns; 18.705 ns] (CI 99.9%), Margin = 1.652 ns (9.69% of Mean)
Skewness = -0.08, Kurtosis = 0.67, MValue = 2

// ** Remained 56 (80.0%) benchmark(s) to run. Estimated finish 2026-03-22 17:24 (0h 9m from now) **
Setup power plan (GUID: 8c5e7fda-e8bf-4a96-9a85-a6e23a8c635c FriendlyName: High performance)
// **************************
// Benchmark: StringCopyToCharArrayBenchmarks.AsSpanCopyToAsSpan: ShortRun(Runtime=.NET 10.0, IterationCount=3, LaunchCount=1, WarmupCount=3) [source='"\\\0(...)~!@# [4096], destination=Char[4112]]
// *** Execute ***
// Launch: 1 / 1
// Execute: dotnet ScrubJay.Text.Benchmarks-ShortRun-1.dll --anonymousPipes 3288 3320 --benchmarkName StringCopyToCharArrayBenchmarks.AsSpanCopyToAsSpan(paramsHash_3210830667) --job ShortRun --benchmarkId 9 in C:\git\ScrubJay\ScrubJay.Text\benchmarks\bin\Release\net10.0\ScrubJay.Text.Benchmarks-ShortRun-1\bin\Release\net10.0
// BeforeAnythingElse

// Benchmark Process Environment Information:
// BenchmarkDotNet v0.15.8
// Runtime=.NET 10.0.4 (10.0.4, 10.0.426.12010), X64 RyuJIT x86-64-v3
// GC=Concurrent Workstation
// HardwareIntrinsics=AVX2+BMI1+BMI2+F16C+FMA+LZCNT+MOVBE,AVX,SSE3+SSSE3+SSE4.1+SSE4.2+POPCNT,X86Base+SSE+SSE2,AES+PCLMUL VectorSize=256
// Job: ShortRun(IterationCount=3, LaunchCount=1, WarmupCount=3)

OverheadJitting  1: 1 op, 525400.00 ns, 525.4000 us/op
WorkloadJitting  1: 1 op, 434900.00 ns, 434.9000 us/op

OverheadJitting  2: 16 op, 275000.00 ns, 17.1875 us/op
WorkloadJitting  2: 16 op, 393500.00 ns, 24.5938 us/op

WorkloadPilot    1: 16 op, 4300.00 ns, 268.7500 ns/op
WorkloadPilot    2: 32 op, 5900.00 ns, 184.3750 ns/op
WorkloadPilot    3: 64 op, 28300.00 ns, 442.1875 ns/op
WorkloadPilot    4: 128 op, 15900.00 ns, 124.2188 ns/op
WorkloadPilot    5: 256 op, 30400.00 ns, 118.7500 ns/op
WorkloadPilot    6: 512 op, 131800.00 ns, 257.4219 ns/op
WorkloadPilot    7: 1024 op, 218300.00 ns, 213.1836 ns/op
WorkloadPilot    8: 2048 op, 384300.00 ns, 187.6465 ns/op
WorkloadPilot    9: 4096 op, 767500.00 ns, 187.3779 ns/op
WorkloadPilot   10: 8192 op, 1143400.00 ns, 139.5752 ns/op
WorkloadPilot   11: 16384 op, 1853800.00 ns, 113.1470 ns/op
WorkloadPilot   12: 32768 op, 3731500.00 ns, 113.8763 ns/op
WorkloadPilot   13: 65536 op, 8929500.00 ns, 136.2534 ns/op
WorkloadPilot   14: 131072 op, 15411900.00 ns, 117.5835 ns/op
WorkloadPilot   15: 262144 op, 29941000.00 ns, 114.2159 ns/op
WorkloadPilot   16: 524288 op, 60171900.00 ns, 114.7688 ns/op
WorkloadPilot   17: 1048576 op, 107298200.00 ns, 102.3275 ns/op
WorkloadPilot   18: 2097152 op, 194851900.00 ns, 92.9126 ns/op
WorkloadPilot   19: 4194304 op, 407965100.00 ns, 97.2665 ns/op
WorkloadPilot   20: 8388608 op, 789161100.00 ns, 94.0753 ns/op

OverheadWarmup   1: 8388608 op, 21435900.00 ns, 2.5554 ns/op
OverheadWarmup   2: 8388608 op, 27352400.00 ns, 3.2607 ns/op
OverheadWarmup   3: 8388608 op, 21716600.00 ns, 2.5888 ns/op
OverheadWarmup   4: 8388608 op, 21492400.00 ns, 2.5621 ns/op
OverheadWarmup   5: 8388608 op, 21916300.00 ns, 2.6126 ns/op
OverheadWarmup   6: 8388608 op, 21926100.00 ns, 2.6138 ns/op
OverheadWarmup   7: 8388608 op, 21496200.00 ns, 2.5625 ns/op

OverheadActual   1: 8388608 op, 21570200.00 ns, 2.5714 ns/op
OverheadActual   2: 8388608 op, 26371800.00 ns, 3.1438 ns/op
OverheadActual   3: 8388608 op, 23347900.00 ns, 2.7833 ns/op
OverheadActual   4: 8388608 op, 21927400.00 ns, 2.6139 ns/op
OverheadActual   5: 8388608 op, 21720400.00 ns, 2.5893 ns/op
OverheadActual   6: 8388608 op, 22285100.00 ns, 2.6566 ns/op
OverheadActual   7: 8388608 op, 21477400.00 ns, 2.5603 ns/op
OverheadActual   8: 8388608 op, 21752800.00 ns, 2.5931 ns/op
OverheadActual   9: 8388608 op, 21206600.00 ns, 2.5280 ns/op
OverheadActual  10: 8388608 op, 21592100.00 ns, 2.5740 ns/op
OverheadActual  11: 8388608 op, 21941800.00 ns, 2.6157 ns/op
OverheadActual  12: 8388608 op, 23152800.00 ns, 2.7600 ns/op
OverheadActual  13: 8388608 op, 16905200.00 ns, 2.0153 ns/op
OverheadActual  14: 8388608 op, 16355600.00 ns, 1.9497 ns/op
OverheadActual  15: 8388608 op, 17013300.00 ns, 2.0281 ns/op
OverheadActual  16: 8388608 op, 16727000.00 ns, 1.9940 ns/op
OverheadActual  17: 8388608 op, 17895000.00 ns, 2.1333 ns/op
OverheadActual  18: 8388608 op, 16557100.00 ns, 1.9738 ns/op
OverheadActual  19: 8388608 op, 16953800.00 ns, 2.0211 ns/op
OverheadActual  20: 8388608 op, 16968500.00 ns, 2.0228 ns/op

WorkloadWarmup   1: 8388608 op, 789649800.00 ns, 94.1336 ns/op
WorkloadWarmup   2: 8388608 op, 787520300.00 ns, 93.8797 ns/op
WorkloadWarmup   3: 8388608 op, 789123400.00 ns, 94.0708 ns/op

// BeforeActualRun
WorkloadActual   1: 8388608 op, 786721100.00 ns, 93.7845 ns/op
WorkloadActual   2: 8388608 op, 804738400.00 ns, 95.9323 ns/op
WorkloadActual   3: 8388608 op, 795908000.00 ns, 94.8796 ns/op

// AfterActualRun
WorkloadResult   1: 8388608 op, 765197300.00 ns, 91.2186 ns/op
WorkloadResult   2: 8388608 op, 783214600.00 ns, 93.3665 ns/op
WorkloadResult   3: 8388608 op, 774384200.00 ns, 92.3138 ns/op
// GC:  0 0 0 0 8388608
// Threading:  0 0 8388608

// AfterAll
// Benchmark Process 12108 has exited with code 0.

Mean = 92.300 ns, StdErr = 0.620 ns (0.67%), N = 3, StdDev = 1.074 ns
Min = 91.219 ns, Q1 = 91.766 ns, Median = 92.314 ns, Q3 = 92.840 ns, Max = 93.366 ns
IQR = 1.074 ns, LowerFence = 90.155 ns, UpperFence = 94.451 ns
ConfidenceInterval = [72.706 ns; 111.893 ns] (CI 99.9%), Margin = 19.593 ns (21.23% of Mean)
Skewness = -0.01, Kurtosis = 0.67, MValue = 2

// ** Remained 55 (78.6%) benchmark(s) to run. Estimated finish 2026-03-22 17:23 (0h 9m from now) **
Setup power plan (GUID: 8c5e7fda-e8bf-4a96-9a85-a6e23a8c635c FriendlyName: High performance)
// **************************
// Benchmark: StringCopyToCharArrayBenchmarks.AsSpanCopyToAsSpan: ShortRun(Runtime=.NET 6.0, IterationCount=3, LaunchCount=1, WarmupCount=3) [source=,, destination=Char[17]]
// *** Execute ***
// Launch: 1 / 1
// Execute: dotnet ScrubJay.Text.Benchmarks-ShortRun-2.dll --anonymousPipes 2892 3296 --benchmarkName "ScrubJay.Text.Benchmarks.CopyTo.StringCopyToCharArrayBenchmarks.AsSpanCopyToAsSpan(source: \",\", destination: ['\0', '\0', '\0', '\0', '\0', ...])" --job ShortRun --benchmarkId 5 in C:\git\ScrubJay\ScrubJay.Text\benchmarks\bin\Release\net10.0\ScrubJay.Text.Benchmarks-ShortRun-2\bin\Release\net6.0
// BeforeAnythingElse

// Benchmark Process Environment Information:
// BenchmarkDotNet v0.15.8
// Runtime=.NET 6.0.36 (6.0.36, 6.0.3624.51421), X64 RyuJIT x86-64-v3
// GC=Concurrent Workstation
// HardwareIntrinsics=AVX2+BMI1+BMI2+F16C+FMA+LZCNT+MOVBE,AVX,SSE3+SSSE3+SSE4.1+SSE4.2+POPCNT,X86Base+SSE+SSE2,AES+PCLMUL VectorSize=256
// Job: ShortRun(IterationCount=3, LaunchCount=1, WarmupCount=3)

OverheadJitting  1: 1 op, 157000.00 ns, 157.0000 us/op
WorkloadJitting  1: 1 op, 348900.00 ns, 348.9000 us/op

OverheadJitting  2: 16 op, 281800.00 ns, 17.6125 us/op
WorkloadJitting  2: 16 op, 488600.00 ns, 30.5375 us/op

WorkloadPilot    1: 16 op, 1800.00 ns, 112.5000 ns/op
WorkloadPilot    2: 32 op, 1500.00 ns, 46.8750 ns/op
WorkloadPilot    3: 64 op, 18200.00 ns, 284.3750 ns/op
WorkloadPilot    4: 128 op, 3200.00 ns, 25.0000 ns/op
WorkloadPilot    5: 256 op, 5400.00 ns, 21.0938 ns/op
WorkloadPilot    6: 512 op, 10100.00 ns, 19.7266 ns/op
WorkloadPilot    7: 1024 op, 19300.00 ns, 18.8477 ns/op
WorkloadPilot    8: 2048 op, 37600.00 ns, 18.3594 ns/op
WorkloadPilot    9: 4096 op, 128800.00 ns, 31.4453 ns/op
WorkloadPilot   10: 8192 op, 148100.00 ns, 18.0786 ns/op
WorkloadPilot   11: 16384 op, 331300.00 ns, 20.2209 ns/op
WorkloadPilot   12: 32768 op, 707300.00 ns, 21.5851 ns/op
WorkloadPilot   13: 65536 op, 1325100.00 ns, 20.2194 ns/op
WorkloadPilot   14: 131072 op, 2545600.00 ns, 19.4214 ns/op
WorkloadPilot   15: 262144 op, 4773100.00 ns, 18.2079 ns/op
WorkloadPilot   16: 524288 op, 10072700.00 ns, 19.2122 ns/op
WorkloadPilot   17: 1048576 op, 19595800.00 ns, 18.6880 ns/op
WorkloadPilot   18: 2097152 op, 38541500.00 ns, 18.3780 ns/op
WorkloadPilot   19: 4194304 op, 76410900.00 ns, 18.2178 ns/op
WorkloadPilot   20: 8388608 op, 77209300.00 ns, 9.2041 ns/op
WorkloadPilot   21: 16777216 op, 116962600.00 ns, 6.9715 ns/op
WorkloadPilot   22: 33554432 op, 235237600.00 ns, 7.0106 ns/op
WorkloadPilot   23: 67108864 op, 467801700.00 ns, 6.9708 ns/op
WorkloadPilot   24: 134217728 op, 936404600.00 ns, 6.9768 ns/op

OverheadWarmup   1: 134217728 op, 306234300.00 ns, 2.2816 ns/op
OverheadWarmup   2: 134217728 op, 233234900.00 ns, 1.7377 ns/op
OverheadWarmup   3: 134217728 op, 235739200.00 ns, 1.7564 ns/op
OverheadWarmup   4: 134217728 op, 236486100.00 ns, 1.7620 ns/op
OverheadWarmup   5: 134217728 op, 234612900.00 ns, 1.7480 ns/op
OverheadWarmup   6: 134217728 op, 233956500.00 ns, 1.7431 ns/op
OverheadWarmup   7: 134217728 op, 234643400.00 ns, 1.7482 ns/op
OverheadWarmup   8: 134217728 op, 233901300.00 ns, 1.7427 ns/op

OverheadActual   1: 134217728 op, 239274500.00 ns, 1.7827 ns/op
OverheadActual   2: 134217728 op, 234132000.00 ns, 1.7444 ns/op
OverheadActual   3: 134217728 op, 236148600.00 ns, 1.7594 ns/op
OverheadActual   4: 134217728 op, 235923600.00 ns, 1.7578 ns/op
OverheadActual   5: 134217728 op, 232710600.00 ns, 1.7338 ns/op
OverheadActual   6: 134217728 op, 235007800.00 ns, 1.7509 ns/op
OverheadActual   7: 134217728 op, 240336000.00 ns, 1.7906 ns/op
OverheadActual   8: 134217728 op, 236628300.00 ns, 1.7630 ns/op
OverheadActual   9: 134217728 op, 243781200.00 ns, 1.8163 ns/op
OverheadActual  10: 134217728 op, 239321600.00 ns, 1.7831 ns/op
OverheadActual  11: 134217728 op, 236562200.00 ns, 1.7625 ns/op
OverheadActual  12: 134217728 op, 236247200.00 ns, 1.7602 ns/op
OverheadActual  13: 134217728 op, 236628100.00 ns, 1.7630 ns/op
OverheadActual  14: 134217728 op, 233037000.00 ns, 1.7363 ns/op
OverheadActual  15: 134217728 op, 235926100.00 ns, 1.7578 ns/op

WorkloadWarmup   1: 134217728 op, 936670600.00 ns, 6.9787 ns/op
WorkloadWarmup   2: 134217728 op, 939958300.00 ns, 7.0032 ns/op
WorkloadWarmup   3: 134217728 op, 938678100.00 ns, 6.9937 ns/op

// BeforeActualRun
WorkloadActual   1: 134217728 op, 952297100.00 ns, 7.0952 ns/op
WorkloadActual   2: 134217728 op, 937329300.00 ns, 6.9836 ns/op
WorkloadActual   3: 134217728 op, 937549500.00 ns, 6.9853 ns/op

// AfterActualRun
WorkloadResult   1: 134217728 op, 716049900.00 ns, 5.3350 ns/op
WorkloadResult   2: 134217728 op, 701082100.00 ns, 5.2235 ns/op
WorkloadResult   3: 134217728 op, 701302300.00 ns, 5.2251 ns/op
// GC:  0 0 0 0 134217728
// Threading:  0 0 134217728

// AfterAll
// Benchmark Process 20712 has exited with code 0.

Mean = 5.261 ns, StdErr = 0.037 ns (0.70%), N = 3, StdDev = 0.064 ns
Min = 5.223 ns, Q1 = 5.224 ns, Median = 5.225 ns, Q3 = 5.280 ns, Max = 5.335 ns
IQR = 0.056 ns, LowerFence = 5.141 ns, UpperFence = 5.364 ns
ConfidenceInterval = [4.095 ns; 6.427 ns] (CI 99.9%), Margin = 1.166 ns (22.16% of Mean)
Skewness = 0.38, Kurtosis = 0.67, MValue = 2

// ** Remained 54 (77.1%) benchmark(s) to run. Estimated finish 2026-03-22 17:24 (0h 9m from now) **
Setup power plan (GUID: 8c5e7fda-e8bf-4a96-9a85-a6e23a8c635c FriendlyName: High performance)
// **************************
// Benchmark: StringCopyToCharArrayBenchmarks.AsSpanCopyToAsSpan: ShortRun(Runtime=.NET 6.0, IterationCount=3, LaunchCount=1, WarmupCount=3) [source=\r\n, destination=Char[18]]
// *** Execute ***
// Launch: 1 / 1
// Execute: dotnet ScrubJay.Text.Benchmarks-ShortRun-2.dll --anonymousPipes 1720 1644 --benchmarkName "ScrubJay.Text.Benchmarks.CopyTo.StringCopyToCharArrayBenchmarks.AsSpanCopyToAsSpan(source: \"\r\n\", destination: ['\0', '\0', '\0', '\0', '\0', ...])" --job ShortRun --benchmarkId 6 in C:\git\ScrubJay\ScrubJay.Text\benchmarks\bin\Release\net10.0\ScrubJay.Text.Benchmarks-ShortRun-2\bin\Release\net6.0
// BeforeAnythingElse

// Benchmark Process Environment Information:
// BenchmarkDotNet v0.15.8
// Runtime=.NET 6.0.36 (6.0.36, 6.0.3624.51421), X64 RyuJIT x86-64-v3
// GC=Concurrent Workstation
// HardwareIntrinsics=AVX2+BMI1+BMI2+F16C+FMA+LZCNT+MOVBE,AVX,SSE3+SSSE3+SSE4.1+SSE4.2+POPCNT,X86Base+SSE+SSE2,AES+PCLMUL VectorSize=256
// Job: ShortRun(IterationCount=3, LaunchCount=1, WarmupCount=3)

OverheadJitting  1: 1 op, 147000.00 ns, 147.0000 us/op
WorkloadJitting  1: 1 op, 345900.00 ns, 345.9000 us/op

OverheadJitting  2: 16 op, 319500.00 ns, 19.9688 us/op
WorkloadJitting  2: 16 op, 355200.00 ns, 22.2000 us/op

WorkloadPilot    1: 16 op, 1700.00 ns, 106.2500 ns/op
WorkloadPilot    2: 32 op, 1500.00 ns, 46.8750 ns/op
WorkloadPilot    3: 64 op, 1900.00 ns, 29.6875 ns/op
WorkloadPilot    4: 128 op, 3300.00 ns, 25.7813 ns/op
WorkloadPilot    5: 256 op, 5700.00 ns, 22.2656 ns/op
WorkloadPilot    6: 512 op, 10100.00 ns, 19.7266 ns/op
WorkloadPilot    7: 1024 op, 20400.00 ns, 19.9219 ns/op
WorkloadPilot    8: 2048 op, 39700.00 ns, 19.3848 ns/op
WorkloadPilot    9: 4096 op, 105300.00 ns, 25.7080 ns/op
WorkloadPilot   10: 8192 op, 252000.00 ns, 30.7617 ns/op
WorkloadPilot   11: 16384 op, 357100.00 ns, 21.7957 ns/op
WorkloadPilot   12: 32768 op, 639700.00 ns, 19.5221 ns/op
WorkloadPilot   13: 65536 op, 1210000.00 ns, 18.4631 ns/op
WorkloadPilot   14: 131072 op, 2703700.00 ns, 20.6276 ns/op
WorkloadPilot   15: 262144 op, 5001600.00 ns, 19.0796 ns/op
WorkloadPilot   16: 524288 op, 9937300.00 ns, 18.9539 ns/op
WorkloadPilot   17: 1048576 op, 19983700.00 ns, 19.0579 ns/op
WorkloadPilot   18: 2097152 op, 38985500.00 ns, 18.5897 ns/op
WorkloadPilot   19: 4194304 op, 76412500.00 ns, 18.2182 ns/op
WorkloadPilot   20: 8388608 op, 71232800.00 ns, 8.4916 ns/op
WorkloadPilot   21: 16777216 op, 121230600.00 ns, 7.2259 ns/op
WorkloadPilot   22: 33554432 op, 240747700.00 ns, 7.1748 ns/op
WorkloadPilot   23: 67108864 op, 485281900.00 ns, 7.2313 ns/op
WorkloadPilot   24: 134217728 op, 959946900.00 ns, 7.1522 ns/op

OverheadWarmup   1: 134217728 op, 304629500.00 ns, 2.2697 ns/op
OverheadWarmup   2: 134217728 op, 234856200.00 ns, 1.7498 ns/op
OverheadWarmup   3: 134217728 op, 236162600.00 ns, 1.7595 ns/op
OverheadWarmup   4: 134217728 op, 233958500.00 ns, 1.7431 ns/op
OverheadWarmup   5: 134217728 op, 235575900.00 ns, 1.7552 ns/op
OverheadWarmup   6: 134217728 op, 235488900.00 ns, 1.7545 ns/op

OverheadActual   1: 134217728 op, 235550000.00 ns, 1.7550 ns/op
OverheadActual   2: 134217728 op, 234916200.00 ns, 1.7503 ns/op
OverheadActual   3: 134217728 op, 235101100.00 ns, 1.7516 ns/op
OverheadActual   4: 134217728 op, 234980000.00 ns, 1.7507 ns/op
OverheadActual   5: 134217728 op, 236053600.00 ns, 1.7587 ns/op
OverheadActual   6: 134217728 op, 237090100.00 ns, 1.7665 ns/op
OverheadActual   7: 134217728 op, 235386300.00 ns, 1.7538 ns/op
OverheadActual   8: 134217728 op, 234422900.00 ns, 1.7466 ns/op
OverheadActual   9: 134217728 op, 239117000.00 ns, 1.7816 ns/op
OverheadActual  10: 134217728 op, 235867000.00 ns, 1.7573 ns/op
OverheadActual  11: 134217728 op, 243541300.00 ns, 1.8145 ns/op
OverheadActual  12: 134217728 op, 236034400.00 ns, 1.7586 ns/op
OverheadActual  13: 134217728 op, 235291800.00 ns, 1.7531 ns/op
OverheadActual  14: 134217728 op, 237202800.00 ns, 1.7673 ns/op
OverheadActual  15: 134217728 op, 237812100.00 ns, 1.7718 ns/op

WorkloadWarmup   1: 134217728 op, 968109800.00 ns, 7.2130 ns/op
WorkloadWarmup   2: 134217728 op, 960205200.00 ns, 7.1541 ns/op
WorkloadWarmup   3: 134217728 op, 960166200.00 ns, 7.1538 ns/op

// BeforeActualRun
WorkloadActual   1: 134217728 op, 962048100.00 ns, 7.1678 ns/op
WorkloadActual   2: 134217728 op, 967068500.00 ns, 7.2052 ns/op
WorkloadActual   3: 134217728 op, 970929700.00 ns, 7.2340 ns/op

// AfterActualRun
WorkloadResult   1: 134217728 op, 726181100.00 ns, 5.4105 ns/op
WorkloadResult   2: 134217728 op, 731201500.00 ns, 5.4479 ns/op
WorkloadResult   3: 134217728 op, 735062700.00 ns, 5.4766 ns/op
// GC:  0 0 0 0 134217728
// Threading:  0 0 134217728

// AfterAll
// Benchmark Process 10196 has exited with code 0.

Mean = 5.445 ns, StdErr = 0.019 ns (0.35%), N = 3, StdDev = 0.033 ns
Min = 5.410 ns, Q1 = 5.429 ns, Median = 5.448 ns, Q3 = 5.462 ns, Max = 5.477 ns
IQR = 0.033 ns, LowerFence = 5.380 ns, UpperFence = 5.512 ns
ConfidenceInterval = [4.840 ns; 6.050 ns] (CI 99.9%), Margin = 0.605 ns (11.12% of Mean)
Skewness = -0.09, Kurtosis = 0.67, MValue = 2

// ** Remained 53 (75.7%) benchmark(s) to run. Estimated finish 2026-03-22 17:24 (0h 9m from now) **
Setup power plan (GUID: 8c5e7fda-e8bf-4a96-9a85-a6e23a8c635c FriendlyName: High performance)
// **************************
// Benchmark: StringCopyToCharArrayBenchmarks.AsSpanCopyToAsSpan: ShortRun(Runtime=.NET 6.0, IterationCount=3, LaunchCount=1, WarmupCount=3) [source=Sphin(...) vow! [37], destination=Char[53]]
// *** Execute ***
// Launch: 1 / 1
// Execute: dotnet ScrubJay.Text.Benchmarks-ShortRun-2.dll --anonymousPipes 1720 3412 --benchmarkName "ScrubJay.Text.Benchmarks.CopyTo.StringCopyToCharArrayBenchmarks.AsSpanCopyToAsSpan(source: \"Sphinx of black quartz, judge my vow!\", destination: ['\0', '\0', '\0', '\0', '\0', ...])" --job ShortRun --benchmarkId 7 in C:\git\ScrubJay\ScrubJay.Text\benchmarks\bin\Release\net10.0\ScrubJay.Text.Benchmarks-ShortRun-2\bin\Release\net6.0
// BeforeAnythingElse

// Benchmark Process Environment Information:
// BenchmarkDotNet v0.15.8
// Runtime=.NET 6.0.36 (6.0.36, 6.0.3624.51421), X64 RyuJIT x86-64-v3
// GC=Concurrent Workstation
// HardwareIntrinsics=AVX2+BMI1+BMI2+F16C+FMA+LZCNT+MOVBE,AVX,SSE3+SSSE3+SSE4.1+SSE4.2+POPCNT,X86Base+SSE+SSE2,AES+PCLMUL VectorSize=256
// Job: ShortRun(IterationCount=3, LaunchCount=1, WarmupCount=3)

OverheadJitting  1: 1 op, 151200.00 ns, 151.2000 us/op
WorkloadJitting  1: 1 op, 355700.00 ns, 355.7000 us/op

OverheadJitting  2: 16 op, 281700.00 ns, 17.6063 us/op
WorkloadJitting  2: 16 op, 384800.00 ns, 24.0500 us/op

WorkloadPilot    1: 16 op, 1700.00 ns, 106.2500 ns/op
WorkloadPilot    2: 32 op, 1400.00 ns, 43.7500 ns/op
WorkloadPilot    3: 64 op, 2100.00 ns, 32.8125 ns/op
WorkloadPilot    4: 128 op, 3300.00 ns, 25.7813 ns/op
WorkloadPilot    5: 256 op, 5800.00 ns, 22.6563 ns/op
WorkloadPilot    6: 512 op, 10900.00 ns, 21.2891 ns/op
WorkloadPilot    7: 1024 op, 20600.00 ns, 20.1172 ns/op
WorkloadPilot    8: 2048 op, 64400.00 ns, 31.4453 ns/op
WorkloadPilot    9: 4096 op, 94500.00 ns, 23.0713 ns/op
WorkloadPilot   10: 8192 op, 314400.00 ns, 38.3789 ns/op
WorkloadPilot   11: 16384 op, 404400.00 ns, 24.6826 ns/op
WorkloadPilot   12: 32768 op, 719400.00 ns, 21.9543 ns/op
WorkloadPilot   13: 65536 op, 1430700.00 ns, 21.8307 ns/op
WorkloadPilot   14: 131072 op, 2577600.00 ns, 19.6655 ns/op
WorkloadPilot   15: 262144 op, 5393600.00 ns, 20.5750 ns/op
WorkloadPilot   16: 524288 op, 10820300.00 ns, 20.6381 ns/op
WorkloadPilot   17: 1048576 op, 21317700.00 ns, 20.3301 ns/op
WorkloadPilot   18: 2097152 op, 42787200.00 ns, 20.4025 ns/op
WorkloadPilot   19: 4194304 op, 85274100.00 ns, 20.3309 ns/op
WorkloadPilot   20: 8388608 op, 71643300.00 ns, 8.5405 ns/op
WorkloadPilot   21: 16777216 op, 143883700.00 ns, 8.5761 ns/op
WorkloadPilot   22: 33554432 op, 265204400.00 ns, 7.9037 ns/op
WorkloadPilot   23: 67108864 op, 533128500.00 ns, 7.9442 ns/op

OverheadWarmup   1: 67108864 op, 175071300.00 ns, 2.6088 ns/op
OverheadWarmup   2: 67108864 op, 132656000.00 ns, 1.9767 ns/op
OverheadWarmup   3: 67108864 op, 116797000.00 ns, 1.7404 ns/op
OverheadWarmup   4: 67108864 op, 116524600.00 ns, 1.7364 ns/op
OverheadWarmup   5: 67108864 op, 116822800.00 ns, 1.7408 ns/op
OverheadWarmup   6: 67108864 op, 119005800.00 ns, 1.7733 ns/op
OverheadWarmup   7: 67108864 op, 117866500.00 ns, 1.7563 ns/op
OverheadWarmup   8: 67108864 op, 117925200.00 ns, 1.7572 ns/op
OverheadWarmup   9: 67108864 op, 120360400.00 ns, 1.7935 ns/op
OverheadWarmup  10: 67108864 op, 117462400.00 ns, 1.7503 ns/op

OverheadActual   1: 67108864 op, 117917500.00 ns, 1.7571 ns/op
OverheadActual   2: 67108864 op, 116161800.00 ns, 1.7309 ns/op
OverheadActual   3: 67108864 op, 116140400.00 ns, 1.7306 ns/op
OverheadActual   4: 67108864 op, 116184200.00 ns, 1.7313 ns/op
OverheadActual   5: 67108864 op, 118842100.00 ns, 1.7709 ns/op
OverheadActual   6: 67108864 op, 117730400.00 ns, 1.7543 ns/op
OverheadActual   7: 67108864 op, 118560100.00 ns, 1.7667 ns/op
OverheadActual   8: 67108864 op, 117206800.00 ns, 1.7465 ns/op
OverheadActual   9: 67108864 op, 117484800.00 ns, 1.7507 ns/op
OverheadActual  10: 67108864 op, 119183100.00 ns, 1.7760 ns/op
OverheadActual  11: 67108864 op, 116714400.00 ns, 1.7392 ns/op
OverheadActual  12: 67108864 op, 118255300.00 ns, 1.7621 ns/op
OverheadActual  13: 67108864 op, 117459400.00 ns, 1.7503 ns/op
OverheadActual  14: 67108864 op, 117432400.00 ns, 1.7499 ns/op
OverheadActual  15: 67108864 op, 119358900.00 ns, 1.7786 ns/op

WorkloadWarmup   1: 67108864 op, 530129300.00 ns, 7.8995 ns/op
WorkloadWarmup   2: 67108864 op, 532538900.00 ns, 7.9354 ns/op
WorkloadWarmup   3: 67108864 op, 528930600.00 ns, 7.8817 ns/op

// BeforeActualRun
WorkloadActual   1: 67108864 op, 528117400.00 ns, 7.8696 ns/op
WorkloadActual   2: 67108864 op, 530841800.00 ns, 7.9102 ns/op
WorkloadActual   3: 67108864 op, 531191600.00 ns, 7.9154 ns/op

// AfterActualRun
WorkloadResult   1: 67108864 op, 410632600.00 ns, 6.1189 ns/op
WorkloadResult   2: 67108864 op, 413357000.00 ns, 6.1595 ns/op
WorkloadResult   3: 67108864 op, 413706800.00 ns, 6.1647 ns/op
// GC:  0 0 0 0 67108864
// Threading:  0 0 67108864

// AfterAll
// Benchmark Process 1060 has exited with code 0.

Mean = 6.148 ns, StdErr = 0.014 ns (0.24%), N = 3, StdDev = 0.025 ns
Min = 6.119 ns, Q1 = 6.139 ns, Median = 6.159 ns, Q3 = 6.162 ns, Max = 6.165 ns
IQR = 0.023 ns, LowerFence = 6.105 ns, UpperFence = 6.196 ns
ConfidenceInterval = [5.690 ns; 6.605 ns] (CI 99.9%), Margin = 0.458 ns (7.44% of Mean)
Skewness = -0.37, Kurtosis = 0.67, MValue = 2

// ** Remained 52 (74.3%) benchmark(s) to run. Estimated finish 2026-03-22 17:24 (0h 9m from now) **
Setup power plan (GUID: 8c5e7fda-e8bf-4a96-9a85-a6e23a8c635c FriendlyName: High performance)
// **************************
// Benchmark: StringCopyToCharArrayBenchmarks.AsSpanCopyToAsSpan: ShortRun(Runtime=.NET 6.0, IterationCount=3, LaunchCount=1, WarmupCount=3) [source='"\\\0(...){]}\\ [512], destination=Char[528]]
// *** Execute ***
// Launch: 1 / 1
// Execute: dotnet ScrubJay.Text.Benchmarks-ShortRun-2.dll --anonymousPipes 3468 1664 --benchmarkName "ScrubJay.Text.Benchmarks.CopyTo.StringCopyToCharArrayBenchmarks.AsSpanCopyToAsSpan(source: \"'\\\"\\\0\a\b\f\n\r\t\v`~!@#$%^&*()-_=+[{]}\\|;:'\\\",<.>/?Sphinx of black quartz, judge my vow!'\\\"\\\0\a\b\f\n\r\t\v`~!@#$%^&*()-_=+[{]}\\|;:'\\\",<.>/?Sphinx of black quartz, judge my vow!'\\\"\\\0\a\b\f\n\r\t\v`~!@#$%^&*()-_=+[{]}\\|;:'\\\",<.>/?Sphinx of black quartz, judge my vow!'\\\"\\\0\a\b\f\n\r\t\v`~!@#$%^&*()-_=+[{]}\\|;:'\\\",<.>/?Sphinx of black quartz, judge my vow!'\\\"\\\0\a\b\f\n\r\t\v`~!@#$%^&*()-_=+[{]}\\|;:'\\\",<.>/?Sphinx of black quartz, judge my vow!'\\\"\\\0\a\b\f\n\r\t\v`~!@#$%^&*()-_=+[{]}\\|;:'\\\",<.>/?Sphinx of black quartz, judge my vow!'\\\"\\\0\a\b\f\n\r\t\v`~!@#$%^&*()-_=+[{]}\\\\\", destination: ['\0', '\0', '\0', '\0', '\0', ...])" --job ShortRun --benchmarkId 8 in C:\git\ScrubJay\ScrubJay.Text\benchmarks\bin\Release\net10.0\ScrubJay.Text.Benchmarks-ShortRun-2\bin\Release\net6.0
// BeforeAnythingElse

// Benchmark Process Environment Information:
// BenchmarkDotNet v0.15.8
// Runtime=.NET 6.0.36 (6.0.36, 6.0.3624.51421), X64 RyuJIT x86-64-v3
// GC=Concurrent Workstation
// HardwareIntrinsics=AVX2+BMI1+BMI2+F16C+FMA+LZCNT+MOVBE,AVX,SSE3+SSSE3+SSE4.1+SSE4.2+POPCNT,X86Base+SSE+SSE2,AES+PCLMUL VectorSize=256
// Job: ShortRun(IterationCount=3, LaunchCount=1, WarmupCount=3)

OverheadJitting  1: 1 op, 180500.00 ns, 180.5000 us/op
WorkloadJitting  1: 1 op, 329500.00 ns, 329.5000 us/op

OverheadJitting  2: 16 op, 282400.00 ns, 17.6500 us/op
WorkloadJitting  2: 16 op, 323000.00 ns, 20.1875 us/op

WorkloadPilot    1: 16 op, 2200.00 ns, 137.5000 ns/op
WorkloadPilot    2: 32 op, 2200.00 ns, 68.7500 ns/op
WorkloadPilot    3: 64 op, 3300.00 ns, 51.5625 ns/op
WorkloadPilot    4: 128 op, 6100.00 ns, 47.6563 ns/op
WorkloadPilot    5: 256 op, 24500.00 ns, 95.7031 ns/op
WorkloadPilot    6: 512 op, 34000.00 ns, 66.4063 ns/op
WorkloadPilot    7: 1024 op, 43900.00 ns, 42.8711 ns/op
WorkloadPilot    8: 2048 op, 144500.00 ns, 70.5566 ns/op
WorkloadPilot    9: 4096 op, 191500.00 ns, 46.7529 ns/op
WorkloadPilot   10: 8192 op, 368600.00 ns, 44.9951 ns/op
WorkloadPilot   11: 16384 op, 681000.00 ns, 41.5649 ns/op
WorkloadPilot   12: 32768 op, 1365800.00 ns, 41.6809 ns/op
WorkloadPilot   13: 65536 op, 2811600.00 ns, 42.9016 ns/op
WorkloadPilot   14: 131072 op, 5005300.00 ns, 38.1874 ns/op
WorkloadPilot   15: 262144 op, 11135900.00 ns, 42.4801 ns/op
WorkloadPilot   16: 524288 op, 21692400.00 ns, 41.3750 ns/op
WorkloadPilot   17: 1048576 op, 41092600.00 ns, 39.1890 ns/op
WorkloadPilot   18: 2097152 op, 83668500.00 ns, 39.8962 ns/op
WorkloadPilot   19: 4194304 op, 113909600.00 ns, 27.1582 ns/op
WorkloadPilot   20: 8388608 op, 215977800.00 ns, 25.7466 ns/op
WorkloadPilot   21: 16777216 op, 429396300.00 ns, 25.5940 ns/op
WorkloadPilot   22: 33554432 op, 856024200.00 ns, 25.5115 ns/op

OverheadWarmup   1: 33554432 op, 89421900.00 ns, 2.6650 ns/op
OverheadWarmup   2: 33554432 op, 87560400.00 ns, 2.6095 ns/op
OverheadWarmup   3: 33554432 op, 71738400.00 ns, 2.1380 ns/op
OverheadWarmup   4: 33554432 op, 59379500.00 ns, 1.7696 ns/op
OverheadWarmup   5: 33554432 op, 60787600.00 ns, 1.8116 ns/op
OverheadWarmup   6: 33554432 op, 59349700.00 ns, 1.7688 ns/op
OverheadWarmup   7: 33554432 op, 58852300.00 ns, 1.7539 ns/op
OverheadWarmup   8: 33554432 op, 58700600.00 ns, 1.7494 ns/op
OverheadWarmup   9: 33554432 op, 58500900.00 ns, 1.7435 ns/op
OverheadWarmup  10: 33554432 op, 61047300.00 ns, 1.8194 ns/op

OverheadActual   1: 33554432 op, 58908000.00 ns, 1.7556 ns/op
OverheadActual   2: 33554432 op, 59282400.00 ns, 1.7668 ns/op
OverheadActual   3: 33554432 op, 59190600.00 ns, 1.7640 ns/op
OverheadActual   4: 33554432 op, 59128900.00 ns, 1.7622 ns/op
OverheadActual   5: 33554432 op, 60472000.00 ns, 1.8022 ns/op
OverheadActual   6: 33554432 op, 60391500.00 ns, 1.7998 ns/op
OverheadActual   7: 33554432 op, 58773700.00 ns, 1.7516 ns/op
OverheadActual   8: 33554432 op, 58499600.00 ns, 1.7434 ns/op
OverheadActual   9: 33554432 op, 58676200.00 ns, 1.7487 ns/op
OverheadActual  10: 33554432 op, 58432200.00 ns, 1.7414 ns/op
OverheadActual  11: 33554432 op, 58693100.00 ns, 1.7492 ns/op
OverheadActual  12: 33554432 op, 57385700.00 ns, 1.7102 ns/op
OverheadActual  13: 33554432 op, 58742100.00 ns, 1.7507 ns/op
OverheadActual  14: 33554432 op, 58369100.00 ns, 1.7395 ns/op
OverheadActual  15: 33554432 op, 58506000.00 ns, 1.7436 ns/op

WorkloadWarmup   1: 33554432 op, 861851700.00 ns, 25.6852 ns/op
WorkloadWarmup   2: 33554432 op, 915592900.00 ns, 27.2868 ns/op
WorkloadWarmup   3: 33554432 op, 887155100.00 ns, 26.4393 ns/op

// BeforeActualRun
WorkloadActual   1: 33554432 op, 862075700.00 ns, 25.6919 ns/op
WorkloadActual   2: 33554432 op, 853808000.00 ns, 25.4455 ns/op
WorkloadActual   3: 33554432 op, 855451700.00 ns, 25.4944 ns/op

// AfterActualRun
WorkloadResult   1: 33554432 op, 803333600.00 ns, 23.9412 ns/op
WorkloadResult   2: 33554432 op, 795065900.00 ns, 23.6948 ns/op
WorkloadResult   3: 33554432 op, 796709600.00 ns, 23.7438 ns/op
// GC:  0 0 0 0 33554432
// Threading:  0 0 33554432

// AfterAll
// Benchmark Process 21428 has exited with code 0.

Mean = 23.793 ns, StdErr = 0.075 ns (0.32%), N = 3, StdDev = 0.130 ns
Min = 23.695 ns, Q1 = 23.719 ns, Median = 23.744 ns, Q3 = 23.843 ns, Max = 23.941 ns
IQR = 0.123 ns, LowerFence = 23.535 ns, UpperFence = 24.027 ns
ConfidenceInterval = [21.414 ns; 26.173 ns] (CI 99.9%), Margin = 2.380 ns (10.00% of Mean)
Skewness = 0.32, Kurtosis = 0.67, MValue = 2

// ** Remained 51 (72.9%) benchmark(s) to run. Estimated finish 2026-03-22 17:24 (0h 9m from now) **
Setup power plan (GUID: 8c5e7fda-e8bf-4a96-9a85-a6e23a8c635c FriendlyName: High performance)
// **************************
// Benchmark: StringCopyToCharArrayBenchmarks.AsSpanCopyToAsSpan: ShortRun(Runtime=.NET 6.0, IterationCount=3, LaunchCount=1, WarmupCount=3) [source='"\\\0(...)~!@# [4096], destination=Char[4112]]
// *** Execute ***
// Launch: 1 / 1
// Execute: dotnet ScrubJay.Text.Benchmarks-ShortRun-2.dll --anonymousPipes 1724 2212 --benchmarkName StringCopyToCharArrayBenchmarks.AsSpanCopyToAsSpan(paramsHash_3210830667) --job ShortRun --benchmarkId 9 in C:\git\ScrubJay\ScrubJay.Text\benchmarks\bin\Release\net10.0\ScrubJay.Text.Benchmarks-ShortRun-2\bin\Release\net6.0
// BeforeAnythingElse

// Benchmark Process Environment Information:
// BenchmarkDotNet v0.15.8
// Runtime=.NET 6.0.36 (6.0.36, 6.0.3624.51421), X64 RyuJIT x86-64-v3
// GC=Concurrent Workstation
// HardwareIntrinsics=AVX2+BMI1+BMI2+F16C+FMA+LZCNT+MOVBE,AVX,SSE3+SSSE3+SSE4.1+SSE4.2+POPCNT,X86Base+SSE+SSE2,AES+PCLMUL VectorSize=256
// Job: ShortRun(IterationCount=3, LaunchCount=1, WarmupCount=3)

OverheadJitting  1: 1 op, 147100.00 ns, 147.1000 us/op
WorkloadJitting  1: 1 op, 310600.00 ns, 310.6000 us/op

OverheadJitting  2: 16 op, 320600.00 ns, 20.0375 us/op
WorkloadJitting  2: 16 op, 372000.00 ns, 23.2500 us/op

WorkloadPilot    1: 16 op, 4700.00 ns, 293.7500 ns/op
WorkloadPilot    2: 32 op, 6200.00 ns, 193.7500 ns/op
WorkloadPilot    3: 64 op, 18600.00 ns, 290.6250 ns/op
WorkloadPilot    4: 128 op, 26200.00 ns, 204.6875 ns/op
WorkloadPilot    5: 256 op, 39900.00 ns, 155.8594 ns/op
WorkloadPilot    6: 512 op, 123200.00 ns, 240.6250 ns/op
WorkloadPilot    7: 1024 op, 136300.00 ns, 133.1055 ns/op
WorkloadPilot    8: 2048 op, 338000.00 ns, 165.0391 ns/op
WorkloadPilot    9: 4096 op, 477600.00 ns, 116.6016 ns/op
WorkloadPilot   10: 8192 op, 937400.00 ns, 114.4287 ns/op
WorkloadPilot   11: 16384 op, 1828000.00 ns, 111.5723 ns/op
WorkloadPilot   12: 32768 op, 5248100.00 ns, 160.1593 ns/op
WorkloadPilot   13: 65536 op, 7326100.00 ns, 111.7874 ns/op
WorkloadPilot   14: 131072 op, 14849200.00 ns, 113.2904 ns/op
WorkloadPilot   15: 262144 op, 29820200.00 ns, 113.7550 ns/op
WorkloadPilot   16: 524288 op, 58436800.00 ns, 111.4594 ns/op
WorkloadPilot   17: 1048576 op, 103993800.00 ns, 99.1762 ns/op
WorkloadPilot   18: 2097152 op, 187769000.00 ns, 89.5352 ns/op
WorkloadPilot   19: 4194304 op, 376379600.00 ns, 89.7359 ns/op
WorkloadPilot   20: 8388608 op, 756771400.00 ns, 90.2142 ns/op

OverheadWarmup   1: 8388608 op, 21656200.00 ns, 2.5816 ns/op
OverheadWarmup   2: 8388608 op, 22556200.00 ns, 2.6889 ns/op
OverheadWarmup   3: 8388608 op, 21707200.00 ns, 2.5877 ns/op
OverheadWarmup   4: 8388608 op, 22043800.00 ns, 2.6278 ns/op
OverheadWarmup   5: 8388608 op, 21406600.00 ns, 2.5519 ns/op

OverheadActual   1: 8388608 op, 21597600.00 ns, 2.5746 ns/op
OverheadActual   2: 8388608 op, 21715400.00 ns, 2.5887 ns/op
OverheadActual   3: 8388608 op, 21811900.00 ns, 2.6002 ns/op
OverheadActual   4: 8388608 op, 21898300.00 ns, 2.6105 ns/op
OverheadActual   5: 8388608 op, 21513400.00 ns, 2.5646 ns/op
OverheadActual   6: 8388608 op, 22074200.00 ns, 2.6314 ns/op
OverheadActual   7: 8388608 op, 22094100.00 ns, 2.6338 ns/op
OverheadActual   8: 8388608 op, 22273900.00 ns, 2.6553 ns/op
OverheadActual   9: 8388608 op, 20616600.00 ns, 2.4577 ns/op
OverheadActual  10: 8388608 op, 15294300.00 ns, 1.8232 ns/op
OverheadActual  11: 8388608 op, 15377800.00 ns, 1.8332 ns/op
OverheadActual  12: 8388608 op, 15125800.00 ns, 1.8031 ns/op
OverheadActual  13: 8388608 op, 15037100.00 ns, 1.7926 ns/op
OverheadActual  14: 8388608 op, 15024300.00 ns, 1.7910 ns/op
OverheadActual  15: 8388608 op, 14767600.00 ns, 1.7604 ns/op
OverheadActual  16: 8388608 op, 14789300.00 ns, 1.7630 ns/op
OverheadActual  17: 8388608 op, 15180400.00 ns, 1.8096 ns/op
OverheadActual  18: 8388608 op, 15440900.00 ns, 1.8407 ns/op
OverheadActual  19: 8388608 op, 15040200.00 ns, 1.7929 ns/op
OverheadActual  20: 8388608 op, 15505600.00 ns, 1.8484 ns/op

WorkloadWarmup   1: 8388608 op, 752833100.00 ns, 89.7447 ns/op
WorkloadWarmup   2: 8388608 op, 752336600.00 ns, 89.6855 ns/op
WorkloadWarmup   3: 8388608 op, 751885600.00 ns, 89.6317 ns/op

// BeforeActualRun
WorkloadActual   1: 8388608 op, 751587100.00 ns, 89.5962 ns/op
WorkloadActual   2: 8388608 op, 764732900.00 ns, 91.1633 ns/op
WorkloadActual   3: 8388608 op, 749649200.00 ns, 89.3651 ns/op

// AfterActualRun
WorkloadResult   1: 8388608 op, 736113850.00 ns, 87.7516 ns/op
WorkloadResult   2: 8388608 op, 749259650.00 ns, 89.3187 ns/op
WorkloadResult   3: 8388608 op, 734175950.00 ns, 87.5206 ns/op
// GC:  0 0 0 0 8388608
// Threading:  0 0 8388608

// AfterAll
// Benchmark Process 11920 has exited with code 0.

Mean = 88.197 ns, StdErr = 0.565 ns (0.64%), N = 3, StdDev = 0.978 ns
Min = 87.521 ns, Q1 = 87.636 ns, Median = 87.752 ns, Q3 = 88.535 ns, Max = 89.319 ns
IQR = 0.899 ns, LowerFence = 86.288 ns, UpperFence = 89.884 ns
ConfidenceInterval = [70.349 ns; 106.045 ns] (CI 99.9%), Margin = 17.848 ns (20.24% of Mean)
Skewness = 0.36, Kurtosis = 0.67, MValue = 2

// ** Remained 50 (71.4%) benchmark(s) to run. Estimated finish 2026-03-22 17:24 (0h 8m from now) **
Setup power plan (GUID: 8c5e7fda-e8bf-4a96-9a85-a6e23a8c635c FriendlyName: High performance)
// **************************
// Benchmark: StringCopyToCharArrayBenchmarks.Emit_Cpblk: ShortRun(Runtime=.NET 10.0, IterationCount=3, LaunchCount=1, WarmupCount=3) [source=,, destination=Char[17]]
// *** Execute ***
// Launch: 1 / 1
// Execute: dotnet ScrubJay.Text.Benchmarks-ShortRun-1.dll --anonymousPipes 1648 2944 --benchmarkName "ScrubJay.Text.Benchmarks.CopyTo.StringCopyToCharArrayBenchmarks.Emit_Cpblk(source: \",\", destination: ['\0', '\0', '\0', '\0', '\0', ...])" --job ShortRun --benchmarkId 10 in C:\git\ScrubJay\ScrubJay.Text\benchmarks\bin\Release\net10.0\ScrubJay.Text.Benchmarks-ShortRun-1\bin\Release\net10.0
// BeforeAnythingElse

// Benchmark Process Environment Information:
// BenchmarkDotNet v0.15.8
// Runtime=.NET 10.0.4 (10.0.4, 10.0.426.12010), X64 RyuJIT x86-64-v3
// GC=Concurrent Workstation
// HardwareIntrinsics=AVX2+BMI1+BMI2+F16C+FMA+LZCNT+MOVBE,AVX,SSE3+SSSE3+SSE4.1+SSE4.2+POPCNT,X86Base+SSE+SSE2,AES+PCLMUL VectorSize=256
// Job: ShortRun(IterationCount=3, LaunchCount=1, WarmupCount=3)

OverheadJitting  1: 1 op, 356200.00 ns, 356.2000 us/op
WorkloadJitting  1: 1 op, 1231100.00 ns, 1.2311 ms/op

OverheadJitting  2: 16 op, 349400.00 ns, 21.8375 us/op
WorkloadJitting  2: 16 op, 348200.00 ns, 21.7625 us/op

WorkloadPilot    1: 16 op, 2000.00 ns, 125.0000 ns/op
WorkloadPilot    2: 32 op, 1900.00 ns, 59.3750 ns/op
WorkloadPilot    3: 64 op, 2000.00 ns, 31.2500 ns/op
WorkloadPilot    4: 128 op, 3800.00 ns, 29.6875 ns/op
WorkloadPilot    5: 256 op, 25800.00 ns, 100.7813 ns/op
WorkloadPilot    6: 512 op, 9300.00 ns, 18.1641 ns/op
WorkloadPilot    7: 1024 op, 28200.00 ns, 27.5391 ns/op
WorkloadPilot    8: 2048 op, 70300.00 ns, 34.3262 ns/op
WorkloadPilot    9: 4096 op, 105800.00 ns, 25.8301 ns/op
WorkloadPilot   10: 8192 op, 262200.00 ns, 32.0068 ns/op
WorkloadPilot   11: 16384 op, 394400.00 ns, 24.0723 ns/op
WorkloadPilot   12: 32768 op, 601600.00 ns, 18.3594 ns/op
WorkloadPilot   13: 65536 op, 1216500.00 ns, 18.5623 ns/op
WorkloadPilot   14: 131072 op, 2679500.00 ns, 20.4430 ns/op
WorkloadPilot   15: 262144 op, 4547100.00 ns, 17.3458 ns/op
WorkloadPilot   16: 524288 op, 9363100.00 ns, 17.8587 ns/op
WorkloadPilot   17: 1048576 op, 18042200.00 ns, 17.2064 ns/op
WorkloadPilot   18: 2097152 op, 36206000.00 ns, 17.2644 ns/op
WorkloadPilot   19: 4194304 op, 70010600.00 ns, 16.6918 ns/op
WorkloadPilot   20: 8388608 op, 65067400.00 ns, 7.7566 ns/op
WorkloadPilot   21: 16777216 op, 112346300.00 ns, 6.6964 ns/op
WorkloadPilot   22: 33554432 op, 226674300.00 ns, 6.7554 ns/op
WorkloadPilot   23: 67108864 op, 452153000.00 ns, 6.7376 ns/op
WorkloadPilot   24: 134217728 op, 900387900.00 ns, 6.7084 ns/op

OverheadWarmup   1: 134217728 op, 310595500.00 ns, 2.3141 ns/op
OverheadWarmup   2: 134217728 op, 257296800.00 ns, 1.9170 ns/op
OverheadWarmup   3: 134217728 op, 260224200.00 ns, 1.9388 ns/op
OverheadWarmup   4: 134217728 op, 259970100.00 ns, 1.9369 ns/op
OverheadWarmup   5: 134217728 op, 260026300.00 ns, 1.9373 ns/op
OverheadWarmup   6: 134217728 op, 261447100.00 ns, 1.9479 ns/op
OverheadWarmup   7: 134217728 op, 258257700.00 ns, 1.9242 ns/op

OverheadActual   1: 134217728 op, 259655900.00 ns, 1.9346 ns/op
OverheadActual   2: 134217728 op, 260386500.00 ns, 1.9400 ns/op
OverheadActual   3: 134217728 op, 260705500.00 ns, 1.9424 ns/op
OverheadActual   4: 134217728 op, 259413300.00 ns, 1.9328 ns/op
OverheadActual   5: 134217728 op, 260108700.00 ns, 1.9380 ns/op
OverheadActual   6: 134217728 op, 263870400.00 ns, 1.9660 ns/op
OverheadActual   7: 134217728 op, 258826600.00 ns, 1.9284 ns/op
OverheadActual   8: 134217728 op, 259181600.00 ns, 1.9311 ns/op
OverheadActual   9: 134217728 op, 258362100.00 ns, 1.9249 ns/op
OverheadActual  10: 134217728 op, 259335600.00 ns, 1.9322 ns/op
OverheadActual  11: 134217728 op, 258512000.00 ns, 1.9261 ns/op
OverheadActual  12: 134217728 op, 260263600.00 ns, 1.9391 ns/op
OverheadActual  13: 134217728 op, 261567900.00 ns, 1.9488 ns/op
OverheadActual  14: 134217728 op, 260452500.00 ns, 1.9405 ns/op
OverheadActual  15: 134217728 op, 260810100.00 ns, 1.9432 ns/op

WorkloadWarmup   1: 134217728 op, 900113300.00 ns, 6.7064 ns/op
WorkloadWarmup   2: 134217728 op, 904454000.00 ns, 6.7387 ns/op
WorkloadWarmup   3: 134217728 op, 899901700.00 ns, 6.7048 ns/op

// BeforeActualRun
WorkloadActual   1: 134217728 op, 902925300.00 ns, 6.7273 ns/op
WorkloadActual   2: 134217728 op, 900326800.00 ns, 6.7080 ns/op
WorkloadActual   3: 134217728 op, 900402300.00 ns, 6.7085 ns/op

// AfterActualRun
WorkloadResult   1: 134217728 op, 642816600.00 ns, 4.7894 ns/op
WorkloadResult   2: 134217728 op, 640218100.00 ns, 4.7700 ns/op
WorkloadResult   3: 134217728 op, 640293600.00 ns, 4.7706 ns/op
// GC:  0 0 0 0 134217728
// Threading:  0 0 134217728

// AfterAll
// Benchmark Process 23364 has exited with code 0.

Mean = 4.777 ns, StdErr = 0.006 ns (0.13%), N = 3, StdDev = 0.011 ns
Min = 4.770 ns, Q1 = 4.770 ns, Median = 4.771 ns, Q3 = 4.780 ns, Max = 4.789 ns
IQR = 0.010 ns, LowerFence = 4.756 ns, UpperFence = 4.794 ns
ConfidenceInterval = [4.576 ns; 4.978 ns] (CI 99.9%), Margin = 0.201 ns (4.21% of Mean)
Skewness = 0.38, Kurtosis = 0.67, MValue = 2

// ** Remained 49 (70.0%) benchmark(s) to run. Estimated finish 2026-03-22 17:24 (0h 8m from now) **
Setup power plan (GUID: 8c5e7fda-e8bf-4a96-9a85-a6e23a8c635c FriendlyName: High performance)
// **************************
// Benchmark: StringCopyToCharArrayBenchmarks.Emit_Cpblk: ShortRun(Runtime=.NET 10.0, IterationCount=3, LaunchCount=1, WarmupCount=3) [source=\r\n, destination=Char[18]]
// *** Execute ***
// Launch: 1 / 1
// Execute: dotnet ScrubJay.Text.Benchmarks-ShortRun-1.dll --anonymousPipes 1732 2212 --benchmarkName "ScrubJay.Text.Benchmarks.CopyTo.StringCopyToCharArrayBenchmarks.Emit_Cpblk(source: \"\r\n\", destination: ['\0', '\0', '\0', '\0', '\0', ...])" --job ShortRun --benchmarkId 11 in C:\git\ScrubJay\ScrubJay.Text\benchmarks\bin\Release\net10.0\ScrubJay.Text.Benchmarks-ShortRun-1\bin\Release\net10.0
// BeforeAnythingElse

// Benchmark Process Environment Information:
// BenchmarkDotNet v0.15.8
// Runtime=.NET 10.0.4 (10.0.4, 10.0.426.12010), X64 RyuJIT x86-64-v3
// GC=Concurrent Workstation
// HardwareIntrinsics=AVX2+BMI1+BMI2+F16C+FMA+LZCNT+MOVBE,AVX,SSE3+SSSE3+SSE4.1+SSE4.2+POPCNT,X86Base+SSE+SSE2,AES+PCLMUL VectorSize=256
// Job: ShortRun(IterationCount=3, LaunchCount=1, WarmupCount=3)

OverheadJitting  1: 1 op, 217000.00 ns, 217.0000 us/op
WorkloadJitting  1: 1 op, 955300.00 ns, 955.3000 us/op

OverheadJitting  2: 16 op, 273800.00 ns, 17.1125 us/op
WorkloadJitting  2: 16 op, 332200.00 ns, 20.7625 us/op

WorkloadPilot    1: 16 op, 1500.00 ns, 93.7500 ns/op
WorkloadPilot    2: 32 op, 1600.00 ns, 50.0000 ns/op
WorkloadPilot    3: 64 op, 1900.00 ns, 29.6875 ns/op
WorkloadPilot    4: 128 op, 3000.00 ns, 23.4375 ns/op
WorkloadPilot    5: 256 op, 5100.00 ns, 19.9219 ns/op
WorkloadPilot    6: 512 op, 9100.00 ns, 17.7734 ns/op
WorkloadPilot    7: 1024 op, 17300.00 ns, 16.8945 ns/op
WorkloadPilot    8: 2048 op, 33800.00 ns, 16.5039 ns/op
WorkloadPilot    9: 4096 op, 97400.00 ns, 23.7793 ns/op
WorkloadPilot   10: 8192 op, 157800.00 ns, 19.2627 ns/op
WorkloadPilot   11: 16384 op, 326900.00 ns, 19.9524 ns/op
WorkloadPilot   12: 32768 op, 525800.00 ns, 16.0461 ns/op
WorkloadPilot   13: 65536 op, 1078900.00 ns, 16.4627 ns/op
WorkloadPilot   14: 131072 op, 2304500.00 ns, 17.5819 ns/op
WorkloadPilot   15: 262144 op, 6679200.00 ns, 25.4791 ns/op
WorkloadPilot   16: 524288 op, 9095900.00 ns, 17.3491 ns/op
WorkloadPilot   17: 1048576 op, 17247400.00 ns, 16.4484 ns/op
WorkloadPilot   18: 2097152 op, 34138900.00 ns, 16.2787 ns/op
WorkloadPilot   19: 4194304 op, 69244600.00 ns, 16.5092 ns/op
WorkloadPilot   20: 8388608 op, 77861000.00 ns, 9.2818 ns/op
WorkloadPilot   21: 16777216 op, 111177000.00 ns, 6.6267 ns/op
WorkloadPilot   22: 33554432 op, 219736700.00 ns, 6.5487 ns/op
WorkloadPilot   23: 67108864 op, 439184100.00 ns, 6.5444 ns/op
WorkloadPilot   24: 134217728 op, 887380700.00 ns, 6.6115 ns/op

OverheadWarmup   1: 134217728 op, 310586300.00 ns, 2.3140 ns/op
OverheadWarmup   2: 134217728 op, 259030500.00 ns, 1.9299 ns/op
OverheadWarmup   3: 134217728 op, 259216500.00 ns, 1.9313 ns/op
OverheadWarmup   4: 134217728 op, 259154800.00 ns, 1.9309 ns/op
OverheadWarmup   5: 134217728 op, 258732800.00 ns, 1.9277 ns/op
OverheadWarmup   6: 134217728 op, 260624900.00 ns, 1.9418 ns/op
OverheadWarmup   7: 134217728 op, 259530300.00 ns, 1.9337 ns/op

OverheadActual   1: 134217728 op, 258728800.00 ns, 1.9277 ns/op
OverheadActual   2: 134217728 op, 260203600.00 ns, 1.9387 ns/op
OverheadActual   3: 134217728 op, 258091800.00 ns, 1.9229 ns/op
OverheadActual   4: 134217728 op, 259463500.00 ns, 1.9332 ns/op
OverheadActual   5: 134217728 op, 264751100.00 ns, 1.9725 ns/op
OverheadActual   6: 134217728 op, 270335800.00 ns, 2.0142 ns/op
OverheadActual   7: 134217728 op, 266863800.00 ns, 1.9883 ns/op
OverheadActual   8: 134217728 op, 264516400.00 ns, 1.9708 ns/op
OverheadActual   9: 134217728 op, 259355300.00 ns, 1.9323 ns/op
OverheadActual  10: 134217728 op, 258355000.00 ns, 1.9249 ns/op
OverheadActual  11: 134217728 op, 264849500.00 ns, 1.9733 ns/op
OverheadActual  12: 134217728 op, 258648300.00 ns, 1.9271 ns/op
OverheadActual  13: 134217728 op, 259349500.00 ns, 1.9323 ns/op
OverheadActual  14: 134217728 op, 260584200.00 ns, 1.9415 ns/op
OverheadActual  15: 134217728 op, 265194900.00 ns, 1.9759 ns/op

WorkloadWarmup   1: 134217728 op, 885865000.00 ns, 6.6002 ns/op
WorkloadWarmup   2: 134217728 op, 880467400.00 ns, 6.5600 ns/op
WorkloadWarmup   3: 134217728 op, 926425400.00 ns, 6.9024 ns/op

// BeforeActualRun
WorkloadActual   1: 134217728 op, 886101800.00 ns, 6.6020 ns/op
WorkloadActual   2: 134217728 op, 877370600.00 ns, 6.5369 ns/op
WorkloadActual   3: 134217728 op, 889229300.00 ns, 6.6253 ns/op

// AfterActualRun
WorkloadResult   1: 134217728 op, 625898200.00 ns, 4.6633 ns/op
WorkloadResult   2: 134217728 op, 617167000.00 ns, 4.5983 ns/op
WorkloadResult   3: 134217728 op, 629025700.00 ns, 4.6866 ns/op
// GC:  0 0 0 0 134217728
// Threading:  0 0 134217728

// AfterAll
// Benchmark Process 10420 has exited with code 0.

Mean = 4.649 ns, StdErr = 0.026 ns (0.57%), N = 3, StdDev = 0.046 ns
Min = 4.598 ns, Q1 = 4.631 ns, Median = 4.663 ns, Q3 = 4.675 ns, Max = 4.687 ns
IQR = 0.044 ns, LowerFence = 4.565 ns, UpperFence = 4.741 ns
ConfidenceInterval = [3.814 ns; 5.485 ns] (CI 99.9%), Margin = 0.835 ns (17.97% of Mean)
Skewness = -0.28, Kurtosis = 0.67, MValue = 2

// ** Remained 48 (68.6%) benchmark(s) to run. Estimated finish 2026-03-22 17:24 (0h 8m from now) **
Setup power plan (GUID: 8c5e7fda-e8bf-4a96-9a85-a6e23a8c635c FriendlyName: High performance)
// **************************
// Benchmark: StringCopyToCharArrayBenchmarks.Emit_Cpblk: ShortRun(Runtime=.NET 10.0, IterationCount=3, LaunchCount=1, WarmupCount=3) [source=Sphin(...) vow! [37], destination=Char[53]]
// *** Execute ***
// Launch: 1 / 1
// Execute: dotnet ScrubJay.Text.Benchmarks-ShortRun-1.dll --anonymousPipes 1760 2868 --benchmarkName "ScrubJay.Text.Benchmarks.CopyTo.StringCopyToCharArrayBenchmarks.Emit_Cpblk(source: \"Sphinx of black quartz, judge my vow!\", destination: ['\0', '\0', '\0', '\0', '\0', ...])" --job ShortRun --benchmarkId 12 in C:\git\ScrubJay\ScrubJay.Text\benchmarks\bin\Release\net10.0\ScrubJay.Text.Benchmarks-ShortRun-1\bin\Release\net10.0
// BeforeAnythingElse

// Benchmark Process Environment Information:
// BenchmarkDotNet v0.15.8
// Runtime=.NET 10.0.4 (10.0.4, 10.0.426.12010), X64 RyuJIT x86-64-v3
// GC=Concurrent Workstation
// HardwareIntrinsics=AVX2+BMI1+BMI2+F16C+FMA+LZCNT+MOVBE,AVX,SSE3+SSSE3+SSE4.1+SSE4.2+POPCNT,X86Base+SSE+SSE2,AES+PCLMUL VectorSize=256
// Job: ShortRun(IterationCount=3, LaunchCount=1, WarmupCount=3)

OverheadJitting  1: 1 op, 211800.00 ns, 211.8000 us/op
WorkloadJitting  1: 1 op, 967100.00 ns, 967.1000 us/op

OverheadJitting  2: 16 op, 281700.00 ns, 17.6063 us/op
WorkloadJitting  2: 16 op, 455400.00 ns, 28.4625 us/op

WorkloadPilot    1: 16 op, 1400.00 ns, 87.5000 ns/op
WorkloadPilot    2: 32 op, 1500.00 ns, 46.8750 ns/op
WorkloadPilot    3: 64 op, 2000.00 ns, 31.2500 ns/op
WorkloadPilot    4: 128 op, 2900.00 ns, 22.6563 ns/op
WorkloadPilot    5: 256 op, 5400.00 ns, 21.0938 ns/op
WorkloadPilot    6: 512 op, 28500.00 ns, 55.6641 ns/op
WorkloadPilot    7: 1024 op, 18600.00 ns, 18.1641 ns/op
WorkloadPilot    8: 2048 op, 36200.00 ns, 17.6758 ns/op
WorkloadPilot    9: 4096 op, 97800.00 ns, 23.8770 ns/op
WorkloadPilot   10: 8192 op, 211000.00 ns, 25.7568 ns/op
WorkloadPilot   11: 16384 op, 372500.00 ns, 22.7356 ns/op
WorkloadPilot   12: 32768 op, 674100.00 ns, 20.5719 ns/op
WorkloadPilot   13: 65536 op, 1221700.00 ns, 18.6417 ns/op
WorkloadPilot   14: 131072 op, 2334800.00 ns, 17.8131 ns/op
WorkloadPilot   15: 262144 op, 4705000.00 ns, 17.9482 ns/op
WorkloadPilot   16: 524288 op, 9353400.00 ns, 17.8402 ns/op
WorkloadPilot   17: 1048576 op, 18547600.00 ns, 17.6884 ns/op
WorkloadPilot   18: 2097152 op, 36489800.00 ns, 17.3997 ns/op
WorkloadPilot   19: 4194304 op, 76151300.00 ns, 18.1559 ns/op
WorkloadPilot   20: 8388608 op, 76405100.00 ns, 9.1082 ns/op
WorkloadPilot   21: 16777216 op, 129700300.00 ns, 7.7307 ns/op
WorkloadPilot   22: 33554432 op, 259330200.00 ns, 7.7286 ns/op
WorkloadPilot   23: 67108864 op, 515258400.00 ns, 7.6779 ns/op

OverheadWarmup   1: 67108864 op, 171998000.00 ns, 2.5630 ns/op
OverheadWarmup   2: 67108864 op, 141462000.00 ns, 2.1079 ns/op
OverheadWarmup   3: 67108864 op, 128234200.00 ns, 1.9108 ns/op
OverheadWarmup   4: 67108864 op, 131506500.00 ns, 1.9596 ns/op
OverheadWarmup   5: 67108864 op, 129453400.00 ns, 1.9290 ns/op
OverheadWarmup   6: 67108864 op, 129443900.00 ns, 1.9289 ns/op
OverheadWarmup   7: 67108864 op, 129947000.00 ns, 1.9364 ns/op
OverheadWarmup   8: 67108864 op, 129447100.00 ns, 1.9289 ns/op

OverheadActual   1: 67108864 op, 130483900.00 ns, 1.9444 ns/op
OverheadActual   2: 67108864 op, 129288200.00 ns, 1.9265 ns/op
OverheadActual   3: 67108864 op, 128474300.00 ns, 1.9144 ns/op
OverheadActual   4: 67108864 op, 130867300.00 ns, 1.9501 ns/op
OverheadActual   5: 67108864 op, 128650100.00 ns, 1.9170 ns/op
OverheadActual   6: 67108864 op, 129742600.00 ns, 1.9333 ns/op
OverheadActual   7: 67108864 op, 129529600.00 ns, 1.9301 ns/op
OverheadActual   8: 67108864 op, 128990500.00 ns, 1.9221 ns/op
OverheadActual   9: 67108864 op, 130199200.00 ns, 1.9401 ns/op
OverheadActual  10: 67108864 op, 128748800.00 ns, 1.9185 ns/op
OverheadActual  11: 67108864 op, 138109300.00 ns, 2.0580 ns/op
OverheadActual  12: 67108864 op, 130602300.00 ns, 1.9461 ns/op
OverheadActual  13: 67108864 op, 129420900.00 ns, 1.9285 ns/op
OverheadActual  14: 67108864 op, 130391200.00 ns, 1.9430 ns/op
OverheadActual  15: 67108864 op, 128535300.00 ns, 1.9153 ns/op

WorkloadWarmup   1: 67108864 op, 518175800.00 ns, 7.7214 ns/op
WorkloadWarmup   2: 67108864 op, 516611700.00 ns, 7.6981 ns/op
WorkloadWarmup   3: 67108864 op, 523038800.00 ns, 7.7939 ns/op

// BeforeActualRun
WorkloadActual   1: 67108864 op, 521745600.00 ns, 7.7746 ns/op
WorkloadActual   2: 67108864 op, 517760000.00 ns, 7.7152 ns/op
WorkloadActual   3: 67108864 op, 513161200.00 ns, 7.6467 ns/op

// AfterActualRun
WorkloadResult   1: 67108864 op, 392216000.00 ns, 5.8445 ns/op
WorkloadResult   2: 67108864 op, 388230400.00 ns, 5.7851 ns/op
WorkloadResult   3: 67108864 op, 383631600.00 ns, 5.7166 ns/op
// GC:  0 0 0 0 67108864
// Threading:  0 0 67108864

// AfterAll
// Benchmark Process 17812 has exited with code 0.

Mean = 5.782 ns, StdErr = 0.037 ns (0.64%), N = 3, StdDev = 0.064 ns
Min = 5.717 ns, Q1 = 5.751 ns, Median = 5.785 ns, Q3 = 5.815 ns, Max = 5.844 ns
IQR = 0.064 ns, LowerFence = 5.655 ns, UpperFence = 5.911 ns
ConfidenceInterval = [4.614 ns; 6.950 ns] (CI 99.9%), Margin = 1.168 ns (20.20% of Mean)
Skewness = -0.05, Kurtosis = 0.67, MValue = 2

// ** Remained 47 (67.1%) benchmark(s) to run. Estimated finish 2026-03-22 17:24 (0h 8m from now) **
Setup power plan (GUID: 8c5e7fda-e8bf-4a96-9a85-a6e23a8c635c FriendlyName: High performance)
// **************************
// Benchmark: StringCopyToCharArrayBenchmarks.Emit_Cpblk: ShortRun(Runtime=.NET 10.0, IterationCount=3, LaunchCount=1, WarmupCount=3) [source='"\\\0(...){]}\\ [512], destination=Char[528]]
// *** Execute ***
// Launch: 1 / 1
// Execute: dotnet ScrubJay.Text.Benchmarks-ShortRun-1.dll --anonymousPipes 1724 3308 --benchmarkName "ScrubJay.Text.Benchmarks.CopyTo.StringCopyToCharArrayBenchmarks.Emit_Cpblk(source: \"'\\\"\\\0\a\b\f\n\r\t\v`~!@#$%^&*()-_=+[{]}\\|;:'\\\",<.>/?Sphinx of black quartz, judge my vow!'\\\"\\\0\a\b\f\n\r\t\v`~!@#$%^&*()-_=+[{]}\\|;:'\\\",<.>/?Sphinx of black quartz, judge my vow!'\\\"\\\0\a\b\f\n\r\t\v`~!@#$%^&*()-_=+[{]}\\|;:'\\\",<.>/?Sphinx of black quartz, judge my vow!'\\\"\\\0\a\b\f\n\r\t\v`~!@#$%^&*()-_=+[{]}\\|;:'\\\",<.>/?Sphinx of black quartz, judge my vow!'\\\"\\\0\a\b\f\n\r\t\v`~!@#$%^&*()-_=+[{]}\\|;:'\\\",<.>/?Sphinx of black quartz, judge my vow!'\\\"\\\0\a\b\f\n\r\t\v`~!@#$%^&*()-_=+[{]}\\|;:'\\\",<.>/?Sphinx of black quartz, judge my vow!'\\\"\\\0\a\b\f\n\r\t\v`~!@#$%^&*()-_=+[{]}\\\\\", destination: ['\0', '\0', '\0', '\0', '\0', ...])" --job ShortRun --benchmarkId 13 in C:\git\ScrubJay\ScrubJay.Text\benchmarks\bin\Release\net10.0\ScrubJay.Text.Benchmarks-ShortRun-1\bin\Release\net10.0
// BeforeAnythingElse

// Benchmark Process Environment Information:
// BenchmarkDotNet v0.15.8
// Runtime=.NET 10.0.4 (10.0.4, 10.0.426.12010), X64 RyuJIT x86-64-v3
// GC=Concurrent Workstation
// HardwareIntrinsics=AVX2+BMI1+BMI2+F16C+FMA+LZCNT+MOVBE,AVX,SSE3+SSSE3+SSE4.1+SSE4.2+POPCNT,X86Base+SSE+SSE2,AES+PCLMUL VectorSize=256
// Job: ShortRun(IterationCount=3, LaunchCount=1, WarmupCount=3)

OverheadJitting  1: 1 op, 226300.00 ns, 226.3000 us/op
WorkloadJitting  1: 1 op, 1082300.00 ns, 1.0823 ms/op

OverheadJitting  2: 16 op, 353200.00 ns, 22.0750 us/op
WorkloadJitting  2: 16 op, 436900.00 ns, 27.3063 us/op

WorkloadPilot    1: 16 op, 2100.00 ns, 131.2500 ns/op
WorkloadPilot    2: 32 op, 2700.00 ns, 84.3750 ns/op
WorkloadPilot    3: 64 op, 3700.00 ns, 57.8125 ns/op
WorkloadPilot    4: 128 op, 6200.00 ns, 48.4375 ns/op
WorkloadPilot    5: 256 op, 11700.00 ns, 45.7031 ns/op
WorkloadPilot    6: 512 op, 22200.00 ns, 43.3594 ns/op
WorkloadPilot    7: 1024 op, 56600.00 ns, 55.2734 ns/op
WorkloadPilot    8: 2048 op, 71600.00 ns, 34.9609 ns/op
WorkloadPilot    9: 4096 op, 180900.00 ns, 44.1650 ns/op
WorkloadPilot   10: 8192 op, 305800.00 ns, 37.3291 ns/op
WorkloadPilot   11: 16384 op, 771000.00 ns, 47.0581 ns/op
WorkloadPilot   12: 32768 op, 1315100.00 ns, 40.1337 ns/op
WorkloadPilot   13: 65536 op, 2469600.00 ns, 37.6831 ns/op
WorkloadPilot   14: 131072 op, 4930600.00 ns, 37.6175 ns/op
WorkloadPilot   15: 262144 op, 9523000.00 ns, 36.3274 ns/op
WorkloadPilot   16: 524288 op, 21151700.00 ns, 40.3437 ns/op
WorkloadPilot   17: 1048576 op, 40646900.00 ns, 38.7639 ns/op
WorkloadPilot   18: 2097152 op, 68453400.00 ns, 32.6411 ns/op
WorkloadPilot   19: 4194304 op, 88626000.00 ns, 21.1301 ns/op
WorkloadPilot   20: 8388608 op, 158579900.00 ns, 18.9042 ns/op
WorkloadPilot   21: 16777216 op, 321269100.00 ns, 19.1491 ns/op
WorkloadPilot   22: 33554432 op, 638313500.00 ns, 19.0232 ns/op

OverheadWarmup   1: 33554432 op, 90511600.00 ns, 2.6975 ns/op
OverheadWarmup   2: 33554432 op, 93622200.00 ns, 2.7902 ns/op
OverheadWarmup   3: 33554432 op, 79519800.00 ns, 2.3699 ns/op
OverheadWarmup   4: 33554432 op, 82691300.00 ns, 2.4644 ns/op
OverheadWarmup   5: 33554432 op, 71806100.00 ns, 2.1400 ns/op

OverheadActual   1: 33554432 op, 71577000.00 ns, 2.1332 ns/op
OverheadActual   2: 33554432 op, 72314600.00 ns, 2.1551 ns/op
OverheadActual   3: 33554432 op, 80064400.00 ns, 2.3861 ns/op
OverheadActual   4: 33554432 op, 66760100.00 ns, 1.9896 ns/op
OverheadActual   5: 33554432 op, 65879500.00 ns, 1.9634 ns/op
OverheadActual   6: 33554432 op, 78177500.00 ns, 2.3299 ns/op
OverheadActual   7: 33554432 op, 76037100.00 ns, 2.2661 ns/op
OverheadActual   8: 33554432 op, 72141100.00 ns, 2.1500 ns/op
OverheadActual   9: 33554432 op, 68474300.00 ns, 2.0407 ns/op
OverheadActual  10: 33554432 op, 68524900.00 ns, 2.0422 ns/op
OverheadActual  11: 33554432 op, 66551300.00 ns, 1.9834 ns/op
OverheadActual  12: 33554432 op, 65179600.00 ns, 1.9425 ns/op
OverheadActual  13: 33554432 op, 65845000.00 ns, 1.9623 ns/op
OverheadActual  14: 33554432 op, 64756700.00 ns, 1.9299 ns/op
OverheadActual  15: 33554432 op, 67026100.00 ns, 1.9975 ns/op
OverheadActual  16: 33554432 op, 66886700.00 ns, 1.9934 ns/op
OverheadActual  17: 33554432 op, 65389300.00 ns, 1.9488 ns/op
OverheadActual  18: 33554432 op, 65975500.00 ns, 1.9662 ns/op
OverheadActual  19: 33554432 op, 66623300.00 ns, 1.9855 ns/op
OverheadActual  20: 33554432 op, 66761500.00 ns, 1.9896 ns/op

WorkloadWarmup   1: 33554432 op, 668821700.00 ns, 19.9324 ns/op
WorkloadWarmup   2: 33554432 op, 644940600.00 ns, 19.2207 ns/op
WorkloadWarmup   3: 33554432 op, 633609600.00 ns, 18.8830 ns/op

// BeforeActualRun
WorkloadActual   1: 33554432 op, 619436100.00 ns, 18.4606 ns/op
WorkloadActual   2: 33554432 op, 613767300.00 ns, 18.2917 ns/op
WorkloadActual   3: 33554432 op, 613855000.00 ns, 18.2943 ns/op

// AfterActualRun
WorkloadResult   1: 33554432 op, 552612000.00 ns, 16.4691 ns/op
WorkloadResult   2: 33554432 op, 546943200.00 ns, 16.3002 ns/op
WorkloadResult   3: 33554432 op, 547030900.00 ns, 16.3028 ns/op
// GC:  0 0 0 0 33554432
// Threading:  0 0 33554432

// AfterAll
// Benchmark Process 11808 has exited with code 0.

Mean = 16.357 ns, StdErr = 0.056 ns (0.34%), N = 3, StdDev = 0.097 ns
Min = 16.300 ns, Q1 = 16.301 ns, Median = 16.303 ns, Q3 = 16.386 ns, Max = 16.469 ns
IQR = 0.084 ns, LowerFence = 16.175 ns, UpperFence = 16.513 ns
ConfidenceInterval = [14.591 ns; 18.123 ns] (CI 99.9%), Margin = 1.766 ns (10.80% of Mean)
Skewness = 0.38, Kurtosis = 0.67, MValue = 2

// ** Remained 46 (65.7%) benchmark(s) to run. Estimated finish 2026-03-22 17:24 (0h 8m from now) **
Setup power plan (GUID: 8c5e7fda-e8bf-4a96-9a85-a6e23a8c635c FriendlyName: High performance)
// **************************
// Benchmark: StringCopyToCharArrayBenchmarks.Emit_Cpblk: ShortRun(Runtime=.NET 10.0, IterationCount=3, LaunchCount=1, WarmupCount=3) [source='"\\\0(...)~!@# [4096], destination=Char[4112]]
// *** Execute ***
// Launch: 1 / 1
// Execute: dotnet ScrubJay.Text.Benchmarks-ShortRun-1.dll --anonymousPipes 1724 3308 --benchmarkName StringCopyToCharArrayBenchmarks.Emit_Cpblk(paramsHash_2332035163) --job ShortRun --benchmarkId 14 in C:\git\ScrubJay\ScrubJay.Text\benchmarks\bin\Release\net10.0\ScrubJay.Text.Benchmarks-ShortRun-1\bin\Release\net10.0
// BeforeAnythingElse

// Benchmark Process Environment Information:
// BenchmarkDotNet v0.15.8
// Runtime=.NET 10.0.4 (10.0.4, 10.0.426.12010), X64 RyuJIT x86-64-v3
// GC=Concurrent Workstation
// HardwareIntrinsics=AVX2+BMI1+BMI2+F16C+FMA+LZCNT+MOVBE,AVX,SSE3+SSSE3+SSE4.1+SSE4.2+POPCNT,X86Base+SSE+SSE2,AES+PCLMUL VectorSize=256
// Job: ShortRun(IterationCount=3, LaunchCount=1, WarmupCount=3)

OverheadJitting  1: 1 op, 224600.00 ns, 224.6000 us/op
WorkloadJitting  1: 1 op, 950300.00 ns, 950.3000 us/op

OverheadJitting  2: 16 op, 307400.00 ns, 19.2125 us/op
WorkloadJitting  2: 16 op, 418000.00 ns, 26.1250 us/op

WorkloadPilot    1: 16 op, 4700.00 ns, 293.7500 ns/op
WorkloadPilot    2: 32 op, 8300.00 ns, 259.3750 ns/op
WorkloadPilot    3: 64 op, 10900.00 ns, 170.3125 ns/op
WorkloadPilot    4: 128 op, 35200.00 ns, 275.0000 ns/op
WorkloadPilot    5: 256 op, 49300.00 ns, 192.5781 ns/op
WorkloadPilot    6: 512 op, 83300.00 ns, 162.6953 ns/op
WorkloadPilot    7: 1024 op, 165000.00 ns, 161.1328 ns/op
WorkloadPilot    8: 2048 op, 336300.00 ns, 164.2090 ns/op
WorkloadPilot    9: 4096 op, 476900.00 ns, 116.4307 ns/op
WorkloadPilot   10: 8192 op, 958900.00 ns, 117.0532 ns/op
WorkloadPilot   11: 16384 op, 2091400.00 ns, 127.6489 ns/op
WorkloadPilot   12: 32768 op, 4087000.00 ns, 124.7253 ns/op
WorkloadPilot   13: 65536 op, 7698900.00 ns, 117.4759 ns/op
WorkloadPilot   14: 131072 op, 15442100.00 ns, 117.8139 ns/op
WorkloadPilot   15: 262144 op, 30040900.00 ns, 114.5969 ns/op
WorkloadPilot   16: 524288 op, 60325900.00 ns, 115.0625 ns/op
WorkloadPilot   17: 1048576 op, 107310200.00 ns, 102.3390 ns/op
WorkloadPilot   18: 2097152 op, 200423200.00 ns, 95.5692 ns/op
WorkloadPilot   19: 4194304 op, 398564000.00 ns, 95.0251 ns/op
WorkloadPilot   20: 8388608 op, 874510300.00 ns, 104.2498 ns/op

OverheadWarmup   1: 8388608 op, 21323500.00 ns, 2.5420 ns/op
OverheadWarmup   2: 8388608 op, 21687100.00 ns, 2.5853 ns/op
OverheadWarmup   3: 8388608 op, 21679400.00 ns, 2.5844 ns/op
OverheadWarmup   4: 8388608 op, 21586700.00 ns, 2.5733 ns/op
OverheadWarmup   5: 8388608 op, 21005100.00 ns, 2.5040 ns/op
OverheadWarmup   6: 8388608 op, 21941800.00 ns, 2.6157 ns/op
OverheadWarmup   7: 8388608 op, 21629700.00 ns, 2.5785 ns/op

OverheadActual   1: 8388608 op, 23404000.00 ns, 2.7900 ns/op
OverheadActual   2: 8388608 op, 22037500.00 ns, 2.6271 ns/op
OverheadActual   3: 8388608 op, 21634200.00 ns, 2.5790 ns/op
OverheadActual   4: 8388608 op, 21223500.00 ns, 2.5300 ns/op
OverheadActual   5: 8388608 op, 22125200.00 ns, 2.6375 ns/op
OverheadActual   6: 8388608 op, 21917700.00 ns, 2.6128 ns/op
OverheadActual   7: 8388608 op, 21532800.00 ns, 2.5669 ns/op
OverheadActual   8: 8388608 op, 21389200.00 ns, 2.5498 ns/op
OverheadActual   9: 8388608 op, 26050400.00 ns, 3.1054 ns/op
OverheadActual  10: 8388608 op, 21014500.00 ns, 2.5051 ns/op
OverheadActual  11: 8388608 op, 22081200.00 ns, 2.6323 ns/op
OverheadActual  12: 8388608 op, 20671900.00 ns, 2.4643 ns/op
OverheadActual  13: 8388608 op, 19173400.00 ns, 2.2856 ns/op
OverheadActual  14: 8388608 op, 20608400.00 ns, 2.4567 ns/op
OverheadActual  15: 8388608 op, 18980300.00 ns, 2.2626 ns/op
OverheadActual  16: 8388608 op, 19058300.00 ns, 2.2719 ns/op
OverheadActual  17: 8388608 op, 19310000.00 ns, 2.3019 ns/op
OverheadActual  18: 8388608 op, 19232100.00 ns, 2.2926 ns/op
OverheadActual  19: 8388608 op, 19331200.00 ns, 2.3045 ns/op
OverheadActual  20: 8388608 op, 19293000.00 ns, 2.2999 ns/op

WorkloadWarmup   1: 8388608 op, 803100700.00 ns, 95.7371 ns/op
WorkloadWarmup   2: 8388608 op, 804597800.00 ns, 95.9155 ns/op
WorkloadWarmup   3: 8388608 op, 797790800.00 ns, 95.1041 ns/op

// BeforeActualRun
WorkloadActual   1: 8388608 op, 796954600.00 ns, 95.0044 ns/op
WorkloadActual   2: 8388608 op, 798233400.00 ns, 95.1568 ns/op
WorkloadActual   3: 8388608 op, 798215300.00 ns, 95.1547 ns/op

// AfterActualRun
WorkloadResult   1: 8388608 op, 775835600.00 ns, 92.4868 ns/op
WorkloadResult   2: 8388608 op, 777114400.00 ns, 92.6393 ns/op
WorkloadResult   3: 8388608 op, 777096300.00 ns, 92.6371 ns/op
// GC:  0 0 0 0 8388608
// Threading:  0 0 8388608

// AfterAll
// Benchmark Process 12060 has exited with code 0.

Mean = 92.588 ns, StdErr = 0.050 ns (0.05%), N = 3, StdDev = 0.087 ns
Min = 92.487 ns, Q1 = 92.562 ns, Median = 92.637 ns, Q3 = 92.638 ns, Max = 92.639 ns
IQR = 0.076 ns, LowerFence = 92.448 ns, UpperFence = 92.753 ns
ConfidenceInterval = [90.993 ns; 94.182 ns] (CI 99.9%), Margin = 1.594 ns (1.72% of Mean)
Skewness = -0.38, Kurtosis = 0.67, MValue = 2

// ** Remained 45 (64.3%) benchmark(s) to run. Estimated finish 2026-03-22 17:24 (0h 7m from now) **
Setup power plan (GUID: 8c5e7fda-e8bf-4a96-9a85-a6e23a8c635c FriendlyName: High performance)
// **************************
// Benchmark: StringCopyToCharArrayBenchmarks.Emit_Cpblk: ShortRun(Runtime=.NET 6.0, IterationCount=3, LaunchCount=1, WarmupCount=3) [source=,, destination=Char[17]]
// *** Execute ***
// Launch: 1 / 1
// Execute: dotnet ScrubJay.Text.Benchmarks-ShortRun-2.dll --anonymousPipes 2568 1660 --benchmarkName "ScrubJay.Text.Benchmarks.CopyTo.StringCopyToCharArrayBenchmarks.Emit_Cpblk(source: \",\", destination: ['\0', '\0', '\0', '\0', '\0', ...])" --job ShortRun --benchmarkId 10 in C:\git\ScrubJay\ScrubJay.Text\benchmarks\bin\Release\net10.0\ScrubJay.Text.Benchmarks-ShortRun-2\bin\Release\net6.0
// BeforeAnythingElse

// Benchmark Process Environment Information:
// BenchmarkDotNet v0.15.8
// Runtime=.NET 6.0.36 (6.0.36, 6.0.3624.51421), X64 RyuJIT x86-64-v3
// GC=Concurrent Workstation
// HardwareIntrinsics=AVX2+BMI1+BMI2+F16C+FMA+LZCNT+MOVBE,AVX,SSE3+SSSE3+SSE4.1+SSE4.2+POPCNT,X86Base+SSE+SSE2,AES+PCLMUL VectorSize=256
// Job: ShortRun(IterationCount=3, LaunchCount=1, WarmupCount=3)

OverheadJitting  1: 1 op, 173700.00 ns, 173.7000 us/op
WorkloadJitting  1: 1 op, 1094900.00 ns, 1.0949 ms/op

OverheadJitting  2: 16 op, 316800.00 ns, 19.8000 us/op
WorkloadJitting  2: 16 op, 344900.00 ns, 21.5563 us/op

WorkloadPilot    1: 16 op, 1500.00 ns, 93.7500 ns/op
WorkloadPilot    2: 32 op, 1500.00 ns, 46.8750 ns/op
WorkloadPilot    3: 64 op, 1900.00 ns, 29.6875 ns/op
WorkloadPilot    4: 128 op, 3100.00 ns, 24.2188 ns/op
WorkloadPilot    5: 256 op, 19200.00 ns, 75.0000 ns/op
WorkloadPilot    6: 512 op, 14400.00 ns, 28.1250 ns/op
WorkloadPilot    7: 1024 op, 19800.00 ns, 19.3359 ns/op
WorkloadPilot    8: 2048 op, 65400.00 ns, 31.9336 ns/op
WorkloadPilot    9: 4096 op, 116400.00 ns, 28.4180 ns/op
WorkloadPilot   10: 8192 op, 166800.00 ns, 20.3613 ns/op
WorkloadPilot   11: 16384 op, 375700.00 ns, 22.9309 ns/op
WorkloadPilot   12: 32768 op, 655200.00 ns, 19.9951 ns/op
WorkloadPilot   13: 65536 op, 1240100.00 ns, 18.9224 ns/op
WorkloadPilot   14: 131072 op, 2715700.00 ns, 20.7191 ns/op
WorkloadPilot   15: 262144 op, 4989600.00 ns, 19.0338 ns/op
WorkloadPilot   16: 524288 op, 9823900.00 ns, 18.7376 ns/op
WorkloadPilot   17: 1048576 op, 19729100.00 ns, 18.8151 ns/op
WorkloadPilot   18: 2097152 op, 38442400.00 ns, 18.3308 ns/op
WorkloadPilot   19: 4194304 op, 78055100.00 ns, 18.6098 ns/op
WorkloadPilot   20: 8388608 op, 69330200.00 ns, 8.2648 ns/op
WorkloadPilot   21: 16777216 op, 95195000.00 ns, 5.6741 ns/op
WorkloadPilot   22: 33554432 op, 192472800.00 ns, 5.7361 ns/op
WorkloadPilot   23: 67108864 op, 382821100.00 ns, 5.7045 ns/op
WorkloadPilot   24: 134217728 op, 768132400.00 ns, 5.7230 ns/op

OverheadWarmup   1: 134217728 op, 305830100.00 ns, 2.2786 ns/op
OverheadWarmup   2: 134217728 op, 233736400.00 ns, 1.7415 ns/op
OverheadWarmup   3: 134217728 op, 232885100.00 ns, 1.7351 ns/op
OverheadWarmup   4: 134217728 op, 234822200.00 ns, 1.7496 ns/op
OverheadWarmup   5: 134217728 op, 235975200.00 ns, 1.7582 ns/op
OverheadWarmup   6: 134217728 op, 236176400.00 ns, 1.7597 ns/op
OverheadWarmup   7: 134217728 op, 233953400.00 ns, 1.7431 ns/op
OverheadWarmup   8: 134217728 op, 233858100.00 ns, 1.7424 ns/op
OverheadWarmup   9: 134217728 op, 236658600.00 ns, 1.7632 ns/op
OverheadWarmup  10: 134217728 op, 233496300.00 ns, 1.7397 ns/op

OverheadActual   1: 134217728 op, 235026800.00 ns, 1.7511 ns/op
OverheadActual   2: 134217728 op, 231662400.00 ns, 1.7260 ns/op
OverheadActual   3: 134217728 op, 235134200.00 ns, 1.7519 ns/op
OverheadActual   4: 134217728 op, 234921600.00 ns, 1.7503 ns/op
OverheadActual   5: 134217728 op, 236058900.00 ns, 1.7588 ns/op
OverheadActual   6: 134217728 op, 251750800.00 ns, 1.8757 ns/op
OverheadActual   7: 134217728 op, 232032800.00 ns, 1.7288 ns/op
OverheadActual   8: 134217728 op, 235299700.00 ns, 1.7531 ns/op
OverheadActual   9: 134217728 op, 235966100.00 ns, 1.7581 ns/op
OverheadActual  10: 134217728 op, 235169700.00 ns, 1.7522 ns/op
OverheadActual  11: 134217728 op, 235265000.00 ns, 1.7529 ns/op
OverheadActual  12: 134217728 op, 234066000.00 ns, 1.7439 ns/op
OverheadActual  13: 134217728 op, 234173100.00 ns, 1.7447 ns/op
OverheadActual  14: 134217728 op, 237009800.00 ns, 1.7659 ns/op
OverheadActual  15: 134217728 op, 231862200.00 ns, 1.7275 ns/op

WorkloadWarmup   1: 134217728 op, 769303400.00 ns, 5.7318 ns/op
WorkloadWarmup   2: 134217728 op, 762732700.00 ns, 5.6828 ns/op
WorkloadWarmup   3: 134217728 op, 776385000.00 ns, 5.7845 ns/op

// BeforeActualRun
WorkloadActual   1: 134217728 op, 763801200.00 ns, 5.6908 ns/op
WorkloadActual   2: 134217728 op, 768749200.00 ns, 5.7276 ns/op
WorkloadActual   3: 134217728 op, 766631600.00 ns, 5.7119 ns/op

// AfterActualRun
WorkloadResult   1: 134217728 op, 528667000.00 ns, 3.9389 ns/op
WorkloadResult   2: 134217728 op, 533615000.00 ns, 3.9757 ns/op
WorkloadResult   3: 134217728 op, 531497400.00 ns, 3.9600 ns/op
// GC:  0 0 0 0 134217728
// Threading:  0 0 134217728

// AfterAll
// Benchmark Process 21368 has exited with code 0.

Mean = 3.958 ns, StdErr = 0.011 ns (0.27%), N = 3, StdDev = 0.018 ns
Min = 3.939 ns, Q1 = 3.949 ns, Median = 3.960 ns, Q3 = 3.968 ns, Max = 3.976 ns
IQR = 0.018 ns, LowerFence = 3.922 ns, UpperFence = 3.996 ns
ConfidenceInterval = [3.621 ns; 4.296 ns] (CI 99.9%), Margin = 0.337 ns (8.53% of Mean)
Skewness = -0.09, Kurtosis = 0.67, MValue = 2

// ** Remained 44 (62.9%) benchmark(s) to run. Estimated finish 2026-03-22 17:24 (0h 7m from now) **
Setup power plan (GUID: 8c5e7fda-e8bf-4a96-9a85-a6e23a8c635c FriendlyName: High performance)
// **************************
// Benchmark: StringCopyToCharArrayBenchmarks.Emit_Cpblk: ShortRun(Runtime=.NET 6.0, IterationCount=3, LaunchCount=1, WarmupCount=3) [source=\r\n, destination=Char[18]]
// *** Execute ***
// Launch: 1 / 1
// Execute: dotnet ScrubJay.Text.Benchmarks-ShortRun-2.dll --anonymousPipes 1780 3332 --benchmarkName "ScrubJay.Text.Benchmarks.CopyTo.StringCopyToCharArrayBenchmarks.Emit_Cpblk(source: \"\r\n\", destination: ['\0', '\0', '\0', '\0', '\0', ...])" --job ShortRun --benchmarkId 11 in C:\git\ScrubJay\ScrubJay.Text\benchmarks\bin\Release\net10.0\ScrubJay.Text.Benchmarks-ShortRun-2\bin\Release\net6.0
// BeforeAnythingElse

// Benchmark Process Environment Information:
// BenchmarkDotNet v0.15.8
// Runtime=.NET 6.0.36 (6.0.36, 6.0.3624.51421), X64 RyuJIT x86-64-v3
// GC=Concurrent Workstation
// HardwareIntrinsics=AVX2+BMI1+BMI2+F16C+FMA+LZCNT+MOVBE,AVX,SSE3+SSSE3+SSE4.1+SSE4.2+POPCNT,X86Base+SSE+SSE2,AES+PCLMUL VectorSize=256
// Job: ShortRun(IterationCount=3, LaunchCount=1, WarmupCount=3)

OverheadJitting  1: 1 op, 155700.00 ns, 155.7000 us/op
WorkloadJitting  1: 1 op, 1227300.00 ns, 1.2273 ms/op

OverheadJitting  2: 16 op, 279200.00 ns, 17.4500 us/op
WorkloadJitting  2: 16 op, 378700.00 ns, 23.6688 us/op

WorkloadPilot    1: 16 op, 1700.00 ns, 106.2500 ns/op
WorkloadPilot    2: 32 op, 2000.00 ns, 62.5000 ns/op
WorkloadPilot    3: 64 op, 3000.00 ns, 46.8750 ns/op
WorkloadPilot    4: 128 op, 3200.00 ns, 25.0000 ns/op
WorkloadPilot    5: 256 op, 12100.00 ns, 47.2656 ns/op
WorkloadPilot    6: 512 op, 10200.00 ns, 19.9219 ns/op
WorkloadPilot    7: 1024 op, 19500.00 ns, 19.0430 ns/op
WorkloadPilot    8: 2048 op, 64700.00 ns, 31.5918 ns/op
WorkloadPilot    9: 4096 op, 73900.00 ns, 18.0420 ns/op
WorkloadPilot   10: 8192 op, 200000.00 ns, 24.4141 ns/op
WorkloadPilot   11: 16384 op, 486900.00 ns, 29.7180 ns/op
WorkloadPilot   12: 32768 op, 662900.00 ns, 20.2301 ns/op
WorkloadPilot   13: 65536 op, 1169900.00 ns, 17.8513 ns/op
WorkloadPilot   14: 131072 op, 2494900.00 ns, 19.0346 ns/op
WorkloadPilot   15: 262144 op, 4956900.00 ns, 18.9091 ns/op
WorkloadPilot   16: 524288 op, 10007900.00 ns, 19.0886 ns/op
WorkloadPilot   17: 1048576 op, 19486400.00 ns, 18.5837 ns/op
WorkloadPilot   18: 2097152 op, 38077500.00 ns, 18.1568 ns/op
WorkloadPilot   19: 4194304 op, 75278100.00 ns, 17.9477 ns/op
WorkloadPilot   20: 8388608 op, 66169400.00 ns, 7.8880 ns/op
WorkloadPilot   21: 16777216 op, 95434000.00 ns, 5.6883 ns/op
WorkloadPilot   22: 33554432 op, 193570200.00 ns, 5.7688 ns/op
WorkloadPilot   23: 67108864 op, 387457000.00 ns, 5.7736 ns/op
WorkloadPilot   24: 134217728 op, 768153000.00 ns, 5.7232 ns/op

OverheadWarmup   1: 134217728 op, 309196400.00 ns, 2.3037 ns/op
OverheadWarmup   2: 134217728 op, 244553000.00 ns, 1.8221 ns/op
OverheadWarmup   3: 134217728 op, 243654000.00 ns, 1.8154 ns/op
OverheadWarmup   4: 134217728 op, 245489600.00 ns, 1.8290 ns/op
OverheadWarmup   5: 134217728 op, 243867300.00 ns, 1.8170 ns/op
OverheadWarmup   6: 134217728 op, 242643800.00 ns, 1.8078 ns/op
OverheadWarmup   7: 134217728 op, 245936900.00 ns, 1.8324 ns/op
OverheadWarmup   8: 134217728 op, 243192300.00 ns, 1.8119 ns/op

OverheadActual   1: 134217728 op, 242962900.00 ns, 1.8102 ns/op
OverheadActual   2: 134217728 op, 245590700.00 ns, 1.8298 ns/op
OverheadActual   3: 134217728 op, 244796800.00 ns, 1.8239 ns/op
OverheadActual   4: 134217728 op, 248694600.00 ns, 1.8529 ns/op
OverheadActual   5: 134217728 op, 248814100.00 ns, 1.8538 ns/op
OverheadActual   6: 134217728 op, 244051700.00 ns, 1.8183 ns/op
OverheadActual   7: 134217728 op, 244207500.00 ns, 1.8195 ns/op
OverheadActual   8: 134217728 op, 243900300.00 ns, 1.8172 ns/op
OverheadActual   9: 134217728 op, 246019400.00 ns, 1.8330 ns/op
OverheadActual  10: 134217728 op, 244408700.00 ns, 1.8210 ns/op
OverheadActual  11: 134217728 op, 246439800.00 ns, 1.8361 ns/op
OverheadActual  12: 134217728 op, 242051200.00 ns, 1.8034 ns/op
OverheadActual  13: 134217728 op, 243560500.00 ns, 1.8147 ns/op
OverheadActual  14: 134217728 op, 247384900.00 ns, 1.8432 ns/op
OverheadActual  15: 134217728 op, 244836700.00 ns, 1.8242 ns/op

WorkloadWarmup   1: 134217728 op, 773943800.00 ns, 5.7663 ns/op
WorkloadWarmup   2: 134217728 op, 767405600.00 ns, 5.7176 ns/op
WorkloadWarmup   3: 134217728 op, 771658100.00 ns, 5.7493 ns/op

// BeforeActualRun
WorkloadActual   1: 134217728 op, 771825100.00 ns, 5.7505 ns/op
WorkloadActual   2: 134217728 op, 767214600.00 ns, 5.7162 ns/op
WorkloadActual   3: 134217728 op, 769529400.00 ns, 5.7334 ns/op

// AfterActualRun
WorkloadResult   1: 134217728 op, 527028300.00 ns, 3.9267 ns/op
WorkloadResult   2: 134217728 op, 522417800.00 ns, 3.8923 ns/op
WorkloadResult   3: 134217728 op, 524732600.00 ns, 3.9096 ns/op
// GC:  0 0 0 0 134217728
// Threading:  0 0 134217728

// AfterAll
// Benchmark Process 19096 has exited with code 0.

Mean = 3.910 ns, StdErr = 0.010 ns (0.25%), N = 3, StdDev = 0.017 ns
Min = 3.892 ns, Q1 = 3.901 ns, Median = 3.910 ns, Q3 = 3.918 ns, Max = 3.927 ns
IQR = 0.017 ns, LowerFence = 3.875 ns, UpperFence = 3.944 ns
ConfidenceInterval = [3.596 ns; 4.223 ns] (CI 99.9%), Margin = 0.313 ns (8.01% of Mean)
Skewness = -0, Kurtosis = 0.67, MValue = 2

// ** Remained 43 (61.4%) benchmark(s) to run. Estimated finish 2026-03-22 17:24 (0h 7m from now) **
Setup power plan (GUID: 8c5e7fda-e8bf-4a96-9a85-a6e23a8c635c FriendlyName: High performance)
// **************************
// Benchmark: StringCopyToCharArrayBenchmarks.Emit_Cpblk: ShortRun(Runtime=.NET 6.0, IterationCount=3, LaunchCount=1, WarmupCount=3) [source=Sphin(...) vow! [37], destination=Char[53]]
// *** Execute ***
// Launch: 1 / 1
// Execute: dotnet ScrubJay.Text.Benchmarks-ShortRun-2.dll --anonymousPipes 2084 1656 --benchmarkName "ScrubJay.Text.Benchmarks.CopyTo.StringCopyToCharArrayBenchmarks.Emit_Cpblk(source: \"Sphinx of black quartz, judge my vow!\", destination: ['\0', '\0', '\0', '\0', '\0', ...])" --job ShortRun --benchmarkId 12 in C:\git\ScrubJay\ScrubJay.Text\benchmarks\bin\Release\net10.0\ScrubJay.Text.Benchmarks-ShortRun-2\bin\Release\net6.0
// BeforeAnythingElse

// Benchmark Process Environment Information:
// BenchmarkDotNet v0.15.8
// Runtime=.NET 6.0.36 (6.0.36, 6.0.3624.51421), X64 RyuJIT x86-64-v3
// GC=Concurrent Workstation
// HardwareIntrinsics=AVX2+BMI1+BMI2+F16C+FMA+LZCNT+MOVBE,AVX,SSE3+SSSE3+SSE4.1+SSE4.2+POPCNT,X86Base+SSE+SSE2,AES+PCLMUL VectorSize=256
// Job: ShortRun(IterationCount=3, LaunchCount=1, WarmupCount=3)

OverheadJitting  1: 1 op, 149600.00 ns, 149.6000 us/op
WorkloadJitting  1: 1 op, 1431200.00 ns, 1.4312 ms/op

OverheadJitting  2: 16 op, 335200.00 ns, 20.9500 us/op
WorkloadJitting  2: 16 op, 460300.00 ns, 28.7688 us/op

WorkloadPilot    1: 16 op, 1900.00 ns, 118.7500 ns/op
WorkloadPilot    2: 32 op, 1600.00 ns, 50.0000 ns/op
WorkloadPilot    3: 64 op, 5900.00 ns, 92.1875 ns/op
WorkloadPilot    4: 128 op, 4100.00 ns, 32.0313 ns/op
WorkloadPilot    5: 256 op, 6300.00 ns, 24.6094 ns/op
WorkloadPilot    6: 512 op, 18600.00 ns, 36.3281 ns/op
WorkloadPilot    7: 1024 op, 61100.00 ns, 59.6680 ns/op
WorkloadPilot    8: 2048 op, 41600.00 ns, 20.3125 ns/op
WorkloadPilot    9: 4096 op, 125000.00 ns, 30.5176 ns/op
WorkloadPilot   10: 8192 op, 275200.00 ns, 33.5938 ns/op
WorkloadPilot   11: 16384 op, 440500.00 ns, 26.8860 ns/op
WorkloadPilot   12: 32768 op, 744400.00 ns, 22.7173 ns/op
WorkloadPilot   13: 65536 op, 1472500.00 ns, 22.4686 ns/op
WorkloadPilot   14: 131072 op, 2756300.00 ns, 21.0289 ns/op
WorkloadPilot   15: 262144 op, 5445600.00 ns, 20.7733 ns/op
WorkloadPilot   16: 524288 op, 12323900.00 ns, 23.5060 ns/op
WorkloadPilot   17: 1048576 op, 22175200.00 ns, 21.1479 ns/op
WorkloadPilot   18: 2097152 op, 44286400.00 ns, 21.1174 ns/op
WorkloadPilot   19: 4194304 op, 84845300.00 ns, 20.2287 ns/op
WorkloadPilot   20: 8388608 op, 66833100.00 ns, 7.9671 ns/op
WorkloadPilot   21: 16777216 op, 132384900.00 ns, 7.8908 ns/op
WorkloadPilot   22: 33554432 op, 263921600.00 ns, 7.8655 ns/op
WorkloadPilot   23: 67108864 op, 527640800.00 ns, 7.8625 ns/op

OverheadWarmup   1: 67108864 op, 187050600.00 ns, 2.7873 ns/op
OverheadWarmup   2: 67108864 op, 125304100.00 ns, 1.8672 ns/op
OverheadWarmup   3: 67108864 op, 117807100.00 ns, 1.7555 ns/op
OverheadWarmup   4: 67108864 op, 118813700.00 ns, 1.7705 ns/op
OverheadWarmup   5: 67108864 op, 117189900.00 ns, 1.7463 ns/op
OverheadWarmup   6: 67108864 op, 121013000.00 ns, 1.8032 ns/op
OverheadWarmup   7: 67108864 op, 117078100.00 ns, 1.7446 ns/op

OverheadActual   1: 67108864 op, 116101600.00 ns, 1.7300 ns/op
OverheadActual   2: 67108864 op, 116159600.00 ns, 1.7309 ns/op
OverheadActual   3: 67108864 op, 119251700.00 ns, 1.7770 ns/op
OverheadActual   4: 67108864 op, 118443600.00 ns, 1.7649 ns/op
OverheadActual   5: 67108864 op, 118608200.00 ns, 1.7674 ns/op
OverheadActual   6: 67108864 op, 116563300.00 ns, 1.7369 ns/op
OverheadActual   7: 67108864 op, 117339900.00 ns, 1.7485 ns/op
OverheadActual   8: 67108864 op, 118171600.00 ns, 1.7609 ns/op
OverheadActual   9: 67108864 op, 116214700.00 ns, 1.7317 ns/op
OverheadActual  10: 67108864 op, 116014600.00 ns, 1.7288 ns/op
OverheadActual  11: 67108864 op, 116632100.00 ns, 1.7380 ns/op
OverheadActual  12: 67108864 op, 126268100.00 ns, 1.8815 ns/op
OverheadActual  13: 67108864 op, 117712200.00 ns, 1.7540 ns/op
OverheadActual  14: 67108864 op, 118278700.00 ns, 1.7625 ns/op
OverheadActual  15: 67108864 op, 122268500.00 ns, 1.8219 ns/op

WorkloadWarmup   1: 67108864 op, 531705000.00 ns, 7.9230 ns/op
WorkloadWarmup   2: 67108864 op, 527805100.00 ns, 7.8649 ns/op
WorkloadWarmup   3: 67108864 op, 522048800.00 ns, 7.7791 ns/op

// BeforeActualRun
WorkloadActual   1: 67108864 op, 539453300.00 ns, 8.0385 ns/op
WorkloadActual   2: 67108864 op, 522751700.00 ns, 7.7896 ns/op
WorkloadActual   3: 67108864 op, 554182800.00 ns, 8.2580 ns/op

// AfterActualRun
WorkloadResult   1: 67108864 op, 421741100.00 ns, 6.2844 ns/op
WorkloadResult   2: 67108864 op, 405039500.00 ns, 6.0356 ns/op
WorkloadResult   3: 67108864 op, 436470600.00 ns, 6.5039 ns/op
// GC:  0 0 0 0 67108864
// Threading:  0 0 67108864

// AfterAll
// Benchmark Process 8304 has exited with code 0.

Mean = 6.275 ns, StdErr = 0.135 ns (2.16%), N = 3, StdDev = 0.234 ns
Min = 6.036 ns, Q1 = 6.160 ns, Median = 6.284 ns, Q3 = 6.394 ns, Max = 6.504 ns
IQR = 0.234 ns, LowerFence = 5.809 ns, UpperFence = 6.745 ns
ConfidenceInterval = [2.000 ns; 10.550 ns] (CI 99.9%), Margin = 4.275 ns (68.13% of Mean)
Skewness = -0.04, Kurtosis = 0.67, MValue = 2

// ** Remained 42 (60.0%) benchmark(s) to run. Estimated finish 2026-03-22 17:24 (0h 7m from now) **
Setup power plan (GUID: 8c5e7fda-e8bf-4a96-9a85-a6e23a8c635c FriendlyName: High performance)
// **************************
// Benchmark: StringCopyToCharArrayBenchmarks.Emit_Cpblk: ShortRun(Runtime=.NET 6.0, IterationCount=3, LaunchCount=1, WarmupCount=3) [source='"\\\0(...){]}\\ [512], destination=Char[528]]
// *** Execute ***
// Launch: 1 / 1
// Execute: dotnet ScrubJay.Text.Benchmarks-ShortRun-2.dll --anonymousPipes 1760 3000 --benchmarkName "ScrubJay.Text.Benchmarks.CopyTo.StringCopyToCharArrayBenchmarks.Emit_Cpblk(source: \"'\\\"\\\0\a\b\f\n\r\t\v`~!@#$%^&*()-_=+[{]}\\|;:'\\\",<.>/?Sphinx of black quartz, judge my vow!'\\\"\\\0\a\b\f\n\r\t\v`~!@#$%^&*()-_=+[{]}\\|;:'\\\",<.>/?Sphinx of black quartz, judge my vow!'\\\"\\\0\a\b\f\n\r\t\v`~!@#$%^&*()-_=+[{]}\\|;:'\\\",<.>/?Sphinx of black quartz, judge my vow!'\\\"\\\0\a\b\f\n\r\t\v`~!@#$%^&*()-_=+[{]}\\|;:'\\\",<.>/?Sphinx of black quartz, judge my vow!'\\\"\\\0\a\b\f\n\r\t\v`~!@#$%^&*()-_=+[{]}\\|;:'\\\",<.>/?Sphinx of black quartz, judge my vow!'\\\"\\\0\a\b\f\n\r\t\v`~!@#$%^&*()-_=+[{]}\\|;:'\\\",<.>/?Sphinx of black quartz, judge my vow!'\\\"\\\0\a\b\f\n\r\t\v`~!@#$%^&*()-_=+[{]}\\\\\", destination: ['\0', '\0', '\0', '\0', '\0', ...])" --job ShortRun --benchmarkId 13 in C:\git\ScrubJay\ScrubJay.Text\benchmarks\bin\Release\net10.0\ScrubJay.Text.Benchmarks-ShortRun-2\bin\Release\net6.0
// BeforeAnythingElse

// Benchmark Process Environment Information:
// BenchmarkDotNet v0.15.8
// Runtime=.NET 6.0.36 (6.0.36, 6.0.3624.51421), X64 RyuJIT x86-64-v3
// GC=Concurrent Workstation
// HardwareIntrinsics=AVX2+BMI1+BMI2+F16C+FMA+LZCNT+MOVBE,AVX,SSE3+SSSE3+SSE4.1+SSE4.2+POPCNT,X86Base+SSE+SSE2,AES+PCLMUL VectorSize=256
// Job: ShortRun(IterationCount=3, LaunchCount=1, WarmupCount=3)

OverheadJitting  1: 1 op, 149000.00 ns, 149.0000 us/op
WorkloadJitting  1: 1 op, 832600.00 ns, 832.6000 us/op

OverheadJitting  2: 16 op, 296800.00 ns, 18.5500 us/op
WorkloadJitting  2: 16 op, 336100.00 ns, 21.0063 us/op

WorkloadPilot    1: 16 op, 1600.00 ns, 100.0000 ns/op
WorkloadPilot    2: 32 op, 2000.00 ns, 62.5000 ns/op
WorkloadPilot    3: 64 op, 2800.00 ns, 43.7500 ns/op
WorkloadPilot    4: 128 op, 4600.00 ns, 35.9375 ns/op
WorkloadPilot    5: 256 op, 29500.00 ns, 115.2344 ns/op
WorkloadPilot    6: 512 op, 29600.00 ns, 57.8125 ns/op
WorkloadPilot    7: 1024 op, 43700.00 ns, 42.6758 ns/op
WorkloadPilot    8: 2048 op, 59100.00 ns, 28.8574 ns/op
WorkloadPilot    9: 4096 op, 130200.00 ns, 31.7871 ns/op
WorkloadPilot   10: 8192 op, 234900.00 ns, 28.6743 ns/op
WorkloadPilot   11: 16384 op, 520400.00 ns, 31.7627 ns/op
WorkloadPilot   12: 32768 op, 1056100.00 ns, 32.2296 ns/op
WorkloadPilot   13: 65536 op, 1975200.00 ns, 30.1392 ns/op
WorkloadPilot   14: 131072 op, 3811900.00 ns, 29.0825 ns/op
WorkloadPilot   15: 262144 op, 7716500.00 ns, 29.4361 ns/op
WorkloadPilot   16: 524288 op, 15007200.00 ns, 28.6240 ns/op
WorkloadPilot   17: 1048576 op, 29631200.00 ns, 28.2585 ns/op
WorkloadPilot   18: 2097152 op, 60504500.00 ns, 28.8508 ns/op
WorkloadPilot   19: 4194304 op, 97696700.00 ns, 23.2927 ns/op
WorkloadPilot   20: 8388608 op, 136926900.00 ns, 16.3230 ns/op
WorkloadPilot   21: 16777216 op, 276438100.00 ns, 16.4770 ns/op
WorkloadPilot   22: 33554432 op, 556980600.00 ns, 16.5993 ns/op

OverheadWarmup   1: 33554432 op, 86440500.00 ns, 2.5761 ns/op
OverheadWarmup   2: 33554432 op, 89568000.00 ns, 2.6693 ns/op
OverheadWarmup   3: 33554432 op, 72308100.00 ns, 2.1549 ns/op
OverheadWarmup   4: 33554432 op, 60770500.00 ns, 1.8111 ns/op
OverheadWarmup   5: 33554432 op, 61345800.00 ns, 1.8282 ns/op
OverheadWarmup   6: 33554432 op, 61314200.00 ns, 1.8273 ns/op

OverheadActual   1: 33554432 op, 62058600.00 ns, 1.8495 ns/op
OverheadActual   2: 33554432 op, 61141600.00 ns, 1.8222 ns/op
OverheadActual   3: 33554432 op, 61719400.00 ns, 1.8394 ns/op
OverheadActual   4: 33554432 op, 61782200.00 ns, 1.8413 ns/op
OverheadActual   5: 33554432 op, 62993500.00 ns, 1.8774 ns/op
OverheadActual   6: 33554432 op, 61780700.00 ns, 1.8412 ns/op
OverheadActual   7: 33554432 op, 61697000.00 ns, 1.8387 ns/op
OverheadActual   8: 33554432 op, 62307400.00 ns, 1.8569 ns/op
OverheadActual   9: 33554432 op, 61686300.00 ns, 1.8384 ns/op
OverheadActual  10: 33554432 op, 62963800.00 ns, 1.8765 ns/op
OverheadActual  11: 33554432 op, 61226500.00 ns, 1.8247 ns/op
OverheadActual  12: 33554432 op, 61032800.00 ns, 1.8189 ns/op
OverheadActual  13: 33554432 op, 61343600.00 ns, 1.8282 ns/op
OverheadActual  14: 33554432 op, 62593400.00 ns, 1.8654 ns/op
OverheadActual  15: 33554432 op, 63056800.00 ns, 1.8792 ns/op

WorkloadWarmup   1: 33554432 op, 552074600.00 ns, 16.4531 ns/op
WorkloadWarmup   2: 33554432 op, 560759800.00 ns, 16.7119 ns/op
WorkloadWarmup   3: 33554432 op, 558265300.00 ns, 16.6376 ns/op

// BeforeActualRun
WorkloadActual   1: 33554432 op, 554181100.00 ns, 16.5159 ns/op
WorkloadActual   2: 33554432 op, 556116300.00 ns, 16.5736 ns/op
WorkloadActual   3: 33554432 op, 555454700.00 ns, 16.5538 ns/op

// AfterActualRun
WorkloadResult   1: 33554432 op, 492400400.00 ns, 14.6747 ns/op
WorkloadResult   2: 33554432 op, 494335600.00 ns, 14.7323 ns/op
WorkloadResult   3: 33554432 op, 493674000.00 ns, 14.7126 ns/op
// GC:  0 0 0 0 33554432
// Threading:  0 0 33554432

// AfterAll
// Benchmark Process 19576 has exited with code 0.

Mean = 14.707 ns, StdErr = 0.017 ns (0.12%), N = 3, StdDev = 0.029 ns
Min = 14.675 ns, Q1 = 14.694 ns, Median = 14.713 ns, Q3 = 14.722 ns, Max = 14.732 ns
IQR = 0.029 ns, LowerFence = 14.650 ns, UpperFence = 14.766 ns
ConfidenceInterval = [14.172 ns; 15.241 ns] (CI 99.9%), Margin = 0.535 ns (3.64% of Mean)
Skewness = -0.2, Kurtosis = 0.67, MValue = 2

// ** Remained 41 (58.6%) benchmark(s) to run. Estimated finish 2026-03-22 17:24 (0h 7m from now) **
Setup power plan (GUID: 8c5e7fda-e8bf-4a96-9a85-a6e23a8c635c FriendlyName: High performance)
// **************************
// Benchmark: StringCopyToCharArrayBenchmarks.Emit_Cpblk: ShortRun(Runtime=.NET 6.0, IterationCount=3, LaunchCount=1, WarmupCount=3) [source='"\\\0(...)~!@# [4096], destination=Char[4112]]
// *** Execute ***
// Launch: 1 / 1
// Execute: dotnet ScrubJay.Text.Benchmarks-ShortRun-2.dll --anonymousPipes 1644 3400 --benchmarkName StringCopyToCharArrayBenchmarks.Emit_Cpblk(paramsHash_2332035163) --job ShortRun --benchmarkId 14 in C:\git\ScrubJay\ScrubJay.Text\benchmarks\bin\Release\net10.0\ScrubJay.Text.Benchmarks-ShortRun-2\bin\Release\net6.0
// BeforeAnythingElse

// Benchmark Process Environment Information:
// BenchmarkDotNet v0.15.8
// Runtime=.NET 6.0.36 (6.0.36, 6.0.3624.51421), X64 RyuJIT x86-64-v3
// GC=Concurrent Workstation
// HardwareIntrinsics=AVX2+BMI1+BMI2+F16C+FMA+LZCNT+MOVBE,AVX,SSE3+SSSE3+SSE4.1+SSE4.2+POPCNT,X86Base+SSE+SSE2,AES+PCLMUL VectorSize=256
// Job: ShortRun(IterationCount=3, LaunchCount=1, WarmupCount=3)

OverheadJitting  1: 1 op, 157900.00 ns, 157.9000 us/op
WorkloadJitting  1: 1 op, 870500.00 ns, 870.5000 us/op

OverheadJitting  2: 16 op, 307400.00 ns, 19.2125 us/op
WorkloadJitting  2: 16 op, 390800.00 ns, 24.4250 us/op

WorkloadPilot    1: 16 op, 3300.00 ns, 206.2500 ns/op
WorkloadPilot    2: 32 op, 27000.00 ns, 843.7500 ns/op
WorkloadPilot    3: 64 op, 7300.00 ns, 114.0625 ns/op
WorkloadPilot    4: 128 op, 29400.00 ns, 229.6875 ns/op
WorkloadPilot    5: 256 op, 41000.00 ns, 160.1563 ns/op
WorkloadPilot    6: 512 op, 84400.00 ns, 164.8438 ns/op
WorkloadPilot    7: 1024 op, 161400.00 ns, 157.6172 ns/op
WorkloadPilot    8: 2048 op, 218900.00 ns, 106.8848 ns/op
WorkloadPilot    9: 4096 op, 388800.00 ns, 94.9219 ns/op
WorkloadPilot   10: 8192 op, 797900.00 ns, 97.3999 ns/op
WorkloadPilot   11: 16384 op, 1688400.00 ns, 103.0518 ns/op
WorkloadPilot   12: 32768 op, 3098300.00 ns, 94.5526 ns/op
WorkloadPilot   13: 65536 op, 6956500.00 ns, 106.1478 ns/op
WorkloadPilot   14: 131072 op, 12835800.00 ns, 97.9294 ns/op
WorkloadPilot   15: 262144 op, 25742200.00 ns, 98.1987 ns/op
WorkloadPilot   16: 524288 op, 49865400.00 ns, 95.1107 ns/op
WorkloadPilot   17: 1048576 op, 97464000.00 ns, 92.9489 ns/op
WorkloadPilot   18: 2097152 op, 170684000.00 ns, 81.3885 ns/op
WorkloadPilot   19: 4194304 op, 337256000.00 ns, 80.4081 ns/op
WorkloadPilot   20: 8388608 op, 677517200.00 ns, 80.7663 ns/op

OverheadWarmup   1: 8388608 op, 22474800.00 ns, 2.6792 ns/op
OverheadWarmup   2: 8388608 op, 21887600.00 ns, 2.6092 ns/op
OverheadWarmup   3: 8388608 op, 23104200.00 ns, 2.7542 ns/op
OverheadWarmup   4: 8388608 op, 21786700.00 ns, 2.5972 ns/op
OverheadWarmup   5: 8388608 op, 22236500.00 ns, 2.6508 ns/op
OverheadWarmup   6: 8388608 op, 21637700.00 ns, 2.5794 ns/op

OverheadActual   1: 8388608 op, 22251400.00 ns, 2.6526 ns/op
OverheadActual   2: 8388608 op, 21708800.00 ns, 2.5879 ns/op
OverheadActual   3: 8388608 op, 21689300.00 ns, 2.5856 ns/op
OverheadActual   4: 8388608 op, 22008600.00 ns, 2.6236 ns/op
OverheadActual   5: 8388608 op, 21808500.00 ns, 2.5998 ns/op
OverheadActual   6: 8388608 op, 21618000.00 ns, 2.5771 ns/op
OverheadActual   7: 8388608 op, 21611600.00 ns, 2.5763 ns/op
OverheadActual   8: 8388608 op, 22026600.00 ns, 2.6258 ns/op
OverheadActual   9: 8388608 op, 17473700.00 ns, 2.0830 ns/op
OverheadActual  10: 8388608 op, 14834400.00 ns, 1.7684 ns/op
OverheadActual  11: 8388608 op, 14482500.00 ns, 1.7264 ns/op
OverheadActual  12: 8388608 op, 14379500.00 ns, 1.7142 ns/op
OverheadActual  13: 8388608 op, 14509200.00 ns, 1.7296 ns/op
OverheadActual  14: 8388608 op, 14839800.00 ns, 1.7690 ns/op
OverheadActual  15: 8388608 op, 14468200.00 ns, 1.7247 ns/op
OverheadActual  16: 8388608 op, 14623700.00 ns, 1.7433 ns/op
OverheadActual  17: 8388608 op, 14452700.00 ns, 1.7229 ns/op
OverheadActual  18: 8388608 op, 15340400.00 ns, 1.8287 ns/op
OverheadActual  19: 8388608 op, 16027800.00 ns, 1.9107 ns/op
OverheadActual  20: 8388608 op, 15026800.00 ns, 1.7913 ns/op

WorkloadWarmup   1: 8388608 op, 680493400.00 ns, 81.1211 ns/op
WorkloadWarmup   2: 8388608 op, 678492700.00 ns, 80.8826 ns/op
WorkloadWarmup   3: 8388608 op, 680411300.00 ns, 81.1113 ns/op

// BeforeActualRun
WorkloadActual   1: 8388608 op, 683354100.00 ns, 81.4622 ns/op
WorkloadActual   2: 8388608 op, 677541600.00 ns, 80.7693 ns/op
WorkloadActual   3: 8388608 op, 687648400.00 ns, 81.9741 ns/op

// AfterActualRun
WorkloadResult   1: 8388608 op, 667670000.00 ns, 79.5925 ns/op
WorkloadResult   2: 8388608 op, 661857500.00 ns, 78.8996 ns/op
WorkloadResult   3: 8388608 op, 671964300.00 ns, 80.1044 ns/op
// GC:  0 0 0 0 8388608
// Threading:  0 0 8388608

// AfterAll
// Benchmark Process 5812 has exited with code 0.

Mean = 79.532 ns, StdErr = 0.349 ns (0.44%), N = 3, StdDev = 0.605 ns
Min = 78.900 ns, Q1 = 79.246 ns, Median = 79.592 ns, Q3 = 79.848 ns, Max = 80.104 ns
IQR = 0.602 ns, LowerFence = 78.342 ns, UpperFence = 80.752 ns
ConfidenceInterval = [68.501 ns; 90.564 ns] (CI 99.9%), Margin = 11.031 ns (13.87% of Mean)
Skewness = -0.1, Kurtosis = 0.67, MValue = 2

// ** Remained 40 (57.1%) benchmark(s) to run. Estimated finish 2026-03-22 17:24 (0h 6m from now) **
Setup power plan (GUID: 8c5e7fda-e8bf-4a96-9a85-a6e23a8c635c FriendlyName: High performance)
// **************************
// Benchmark: StringCopyToCharArrayBenchmarks.Buffer_MemoryCopy: ShortRun(Runtime=.NET 10.0, IterationCount=3, LaunchCount=1, WarmupCount=3) [source=,, destination=Char[17]]
// *** Execute ***
// Launch: 1 / 1
// Execute: dotnet ScrubJay.Text.Benchmarks-ShortRun-1.dll --anonymousPipes 1644 3400 --benchmarkName "ScrubJay.Text.Benchmarks.CopyTo.StringCopyToCharArrayBenchmarks.Buffer_MemoryCopy(source: \",\", destination: ['\0', '\0', '\0', '\0', '\0', ...])" --job ShortRun --benchmarkId 15 in C:\git\ScrubJay\ScrubJay.Text\benchmarks\bin\Release\net10.0\ScrubJay.Text.Benchmarks-ShortRun-1\bin\Release\net10.0
// BeforeAnythingElse

// Benchmark Process Environment Information:
// BenchmarkDotNet v0.15.8
// Runtime=.NET 10.0.4 (10.0.4, 10.0.426.12010), X64 RyuJIT x86-64-v3
// GC=Concurrent Workstation
// HardwareIntrinsics=AVX2+BMI1+BMI2+F16C+FMA+LZCNT+MOVBE,AVX,SSE3+SSSE3+SSE4.1+SSE4.2+POPCNT,X86Base+SSE+SSE2,AES+PCLMUL VectorSize=256
// Job: ShortRun(IterationCount=3, LaunchCount=1, WarmupCount=3)

OverheadJitting  1: 1 op, 217600.00 ns, 217.6000 us/op
WorkloadJitting  1: 1 op, 480500.00 ns, 480.5000 us/op

OverheadJitting  2: 16 op, 306700.00 ns, 19.1688 us/op
WorkloadJitting  2: 16 op, 371900.00 ns, 23.2438 us/op

WorkloadPilot    1: 16 op, 1600.00 ns, 100.0000 ns/op
WorkloadPilot    2: 32 op, 1800.00 ns, 56.2500 ns/op
WorkloadPilot    3: 64 op, 3300.00 ns, 51.5625 ns/op
WorkloadPilot    4: 128 op, 3400.00 ns, 26.5625 ns/op
WorkloadPilot    5: 256 op, 5200.00 ns, 20.3125 ns/op
WorkloadPilot    6: 512 op, 10600.00 ns, 20.7031 ns/op
WorkloadPilot    7: 1024 op, 29500.00 ns, 28.8086 ns/op
WorkloadPilot    8: 2048 op, 58800.00 ns, 28.7109 ns/op
WorkloadPilot    9: 4096 op, 180600.00 ns, 44.0918 ns/op
WorkloadPilot   10: 8192 op, 222700.00 ns, 27.1851 ns/op
WorkloadPilot   11: 16384 op, 272400.00 ns, 16.6260 ns/op
WorkloadPilot   12: 32768 op, 579600.00 ns, 17.6880 ns/op
WorkloadPilot   13: 65536 op, 1042400.00 ns, 15.9058 ns/op
WorkloadPilot   14: 131072 op, 2157600.00 ns, 16.4612 ns/op
WorkloadPilot   15: 262144 op, 4191700.00 ns, 15.9901 ns/op
WorkloadPilot   16: 524288 op, 8722500.00 ns, 16.6368 ns/op
WorkloadPilot   17: 1048576 op, 17255400.00 ns, 16.4560 ns/op
WorkloadPilot   18: 2097152 op, 34500600.00 ns, 16.4512 ns/op
WorkloadPilot   19: 4194304 op, 71062700.00 ns, 16.9427 ns/op
WorkloadPilot   20: 8388608 op, 81740100.00 ns, 9.7442 ns/op
WorkloadPilot   21: 16777216 op, 132761800.00 ns, 7.9132 ns/op
WorkloadPilot   22: 33554432 op, 271305400.00 ns, 8.0855 ns/op
WorkloadPilot   23: 67108864 op, 534755700.00 ns, 7.9685 ns/op

OverheadWarmup   1: 67108864 op, 171357500.00 ns, 2.5534 ns/op
OverheadWarmup   2: 67108864 op, 145326900.00 ns, 2.1655 ns/op
OverheadWarmup   3: 67108864 op, 130247100.00 ns, 1.9408 ns/op
OverheadWarmup   4: 67108864 op, 129309400.00 ns, 1.9269 ns/op
OverheadWarmup   5: 67108864 op, 130197800.00 ns, 1.9401 ns/op
OverheadWarmup   6: 67108864 op, 131575500.00 ns, 1.9606 ns/op
OverheadWarmup   7: 67108864 op, 131788300.00 ns, 1.9638 ns/op
OverheadWarmup   8: 67108864 op, 127625500.00 ns, 1.9018 ns/op
OverheadWarmup   9: 67108864 op, 131623700.00 ns, 1.9613 ns/op
OverheadWarmup  10: 67108864 op, 128846300.00 ns, 1.9200 ns/op

OverheadActual   1: 67108864 op, 129910100.00 ns, 1.9358 ns/op
OverheadActual   2: 67108864 op, 129458100.00 ns, 1.9291 ns/op
OverheadActual   3: 67108864 op, 128500800.00 ns, 1.9148 ns/op
OverheadActual   4: 67108864 op, 130368300.00 ns, 1.9426 ns/op
OverheadActual   5: 67108864 op, 128629100.00 ns, 1.9167 ns/op
OverheadActual   6: 67108864 op, 128398000.00 ns, 1.9133 ns/op
OverheadActual   7: 67108864 op, 130868000.00 ns, 1.9501 ns/op
OverheadActual   8: 67108864 op, 129216600.00 ns, 1.9255 ns/op
OverheadActual   9: 67108864 op, 130513500.00 ns, 1.9448 ns/op
OverheadActual  10: 67108864 op, 129228600.00 ns, 1.9257 ns/op
OverheadActual  11: 67108864 op, 128525900.00 ns, 1.9152 ns/op
OverheadActual  12: 67108864 op, 130499500.00 ns, 1.9446 ns/op
OverheadActual  13: 67108864 op, 128853700.00 ns, 1.9201 ns/op
OverheadActual  14: 67108864 op, 128507500.00 ns, 1.9149 ns/op
OverheadActual  15: 67108864 op, 132373200.00 ns, 1.9725 ns/op

WorkloadWarmup   1: 67108864 op, 538867900.00 ns, 8.0298 ns/op
WorkloadWarmup   2: 67108864 op, 537866700.00 ns, 8.0148 ns/op
WorkloadWarmup   3: 67108864 op, 536742300.00 ns, 7.9981 ns/op

// BeforeActualRun
WorkloadActual   1: 67108864 op, 540846300.00 ns, 8.0592 ns/op
WorkloadActual   2: 67108864 op, 538700500.00 ns, 8.0273 ns/op
WorkloadActual   3: 67108864 op, 533837200.00 ns, 7.9548 ns/op

// AfterActualRun
WorkloadResult   1: 67108864 op, 411617700.00 ns, 6.1336 ns/op
WorkloadResult   2: 67108864 op, 409471900.00 ns, 6.1016 ns/op
WorkloadResult   3: 67108864 op, 404608600.00 ns, 6.0291 ns/op
// GC:  0 0 0 0 67108864
// Threading:  0 0 67108864

// AfterAll
// Benchmark Process 19552 has exited with code 0.

Mean = 6.088 ns, StdErr = 0.031 ns (0.51%), N = 3, StdDev = 0.054 ns
Min = 6.029 ns, Q1 = 6.065 ns, Median = 6.102 ns, Q3 = 6.118 ns, Max = 6.134 ns
IQR = 0.052 ns, LowerFence = 5.987 ns, UpperFence = 6.196 ns
ConfidenceInterval = [5.112 ns; 7.064 ns] (CI 99.9%), Margin = 0.976 ns (16.04% of Mean)
Skewness = -0.24, Kurtosis = 0.67, MValue = 2

// ** Remained 39 (55.7%) benchmark(s) to run. Estimated finish 2026-03-22 17:24 (0h 6m from now) **
Setup power plan (GUID: 8c5e7fda-e8bf-4a96-9a85-a6e23a8c635c FriendlyName: High performance)
// **************************
// Benchmark: StringCopyToCharArrayBenchmarks.Buffer_MemoryCopy: ShortRun(Runtime=.NET 10.0, IterationCount=3, LaunchCount=1, WarmupCount=3) [source=\r\n, destination=Char[18]]
// *** Execute ***
// Launch: 1 / 1
// Execute: dotnet ScrubJay.Text.Benchmarks-ShortRun-1.dll --anonymousPipes 1784 2900 --benchmarkName "ScrubJay.Text.Benchmarks.CopyTo.StringCopyToCharArrayBenchmarks.Buffer_MemoryCopy(source: \"\r\n\", destination: ['\0', '\0', '\0', '\0', '\0', ...])" --job ShortRun --benchmarkId 16 in C:\git\ScrubJay\ScrubJay.Text\benchmarks\bin\Release\net10.0\ScrubJay.Text.Benchmarks-ShortRun-1\bin\Release\net10.0
// BeforeAnythingElse

// Benchmark Process Environment Information:
// BenchmarkDotNet v0.15.8
// Runtime=.NET 10.0.4 (10.0.4, 10.0.426.12010), X64 RyuJIT x86-64-v3
// GC=Concurrent Workstation
// HardwareIntrinsics=AVX2+BMI1+BMI2+F16C+FMA+LZCNT+MOVBE,AVX,SSE3+SSSE3+SSE4.1+SSE4.2+POPCNT,X86Base+SSE+SSE2,AES+PCLMUL VectorSize=256
// Job: ShortRun(IterationCount=3, LaunchCount=1, WarmupCount=3)

OverheadJitting  1: 1 op, 213900.00 ns, 213.9000 us/op
WorkloadJitting  1: 1 op, 496800.00 ns, 496.8000 us/op

OverheadJitting  2: 16 op, 298100.00 ns, 18.6313 us/op
WorkloadJitting  2: 16 op, 414500.00 ns, 25.9063 us/op

WorkloadPilot    1: 16 op, 2000.00 ns, 125.0000 ns/op
WorkloadPilot    2: 32 op, 21200.00 ns, 662.5000 ns/op
WorkloadPilot    3: 64 op, 2000.00 ns, 31.2500 ns/op
WorkloadPilot    4: 128 op, 3000.00 ns, 23.4375 ns/op
WorkloadPilot    5: 256 op, 5400.00 ns, 21.0938 ns/op
WorkloadPilot    6: 512 op, 22700.00 ns, 44.3359 ns/op
WorkloadPilot    7: 1024 op, 18400.00 ns, 17.9688 ns/op
WorkloadPilot    8: 2048 op, 34500.00 ns, 16.8457 ns/op
WorkloadPilot    9: 4096 op, 119800.00 ns, 29.2480 ns/op
WorkloadPilot   10: 8192 op, 198200.00 ns, 24.1943 ns/op
WorkloadPilot   11: 16384 op, 275000.00 ns, 16.7847 ns/op
WorkloadPilot   12: 32768 op, 585100.00 ns, 17.8558 ns/op
WorkloadPilot   13: 65536 op, 1080800.00 ns, 16.4917 ns/op
WorkloadPilot   14: 131072 op, 2860100.00 ns, 21.8208 ns/op
WorkloadPilot   15: 262144 op, 4482400.00 ns, 17.0990 ns/op
WorkloadPilot   16: 524288 op, 11781800.00 ns, 22.4720 ns/op
WorkloadPilot   17: 1048576 op, 19419000.00 ns, 18.5194 ns/op
WorkloadPilot   18: 2097152 op, 38764600.00 ns, 18.4844 ns/op
WorkloadPilot   19: 4194304 op, 68593000.00 ns, 16.3538 ns/op
WorkloadPilot   20: 8388608 op, 77612800.00 ns, 9.2522 ns/op
WorkloadPilot   21: 16777216 op, 132987700.00 ns, 7.9267 ns/op
WorkloadPilot   22: 33554432 op, 262718900.00 ns, 7.8296 ns/op
WorkloadPilot   23: 67108864 op, 526093400.00 ns, 7.8394 ns/op

OverheadWarmup   1: 67108864 op, 170662700.00 ns, 2.5431 ns/op
OverheadWarmup   2: 67108864 op, 140868200.00 ns, 2.0991 ns/op
OverheadWarmup   3: 67108864 op, 128959000.00 ns, 1.9216 ns/op
OverheadWarmup   4: 67108864 op, 133795600.00 ns, 1.9937 ns/op
OverheadWarmup   5: 67108864 op, 128813300.00 ns, 1.9195 ns/op
OverheadWarmup   6: 67108864 op, 130644100.00 ns, 1.9467 ns/op
OverheadWarmup   7: 67108864 op, 129173300.00 ns, 1.9248 ns/op

OverheadActual   1: 67108864 op, 130038300.00 ns, 1.9377 ns/op
OverheadActual   2: 67108864 op, 127524100.00 ns, 1.9003 ns/op
OverheadActual   3: 67108864 op, 127219300.00 ns, 1.8957 ns/op
OverheadActual   4: 67108864 op, 127981400.00 ns, 1.9071 ns/op
OverheadActual   5: 67108864 op, 130330800.00 ns, 1.9421 ns/op
OverheadActual   6: 67108864 op, 130000000.00 ns, 1.9372 ns/op
OverheadActual   7: 67108864 op, 131576600.00 ns, 1.9606 ns/op
OverheadActual   8: 67108864 op, 128778700.00 ns, 1.9190 ns/op
OverheadActual   9: 67108864 op, 130094700.00 ns, 1.9386 ns/op
OverheadActual  10: 67108864 op, 129071300.00 ns, 1.9233 ns/op
OverheadActual  11: 67108864 op, 130416100.00 ns, 1.9434 ns/op
OverheadActual  12: 67108864 op, 130133500.00 ns, 1.9391 ns/op
OverheadActual  13: 67108864 op, 130375300.00 ns, 1.9427 ns/op
OverheadActual  14: 67108864 op, 130070400.00 ns, 1.9382 ns/op
OverheadActual  15: 67108864 op, 129759600.00 ns, 1.9336 ns/op

WorkloadWarmup   1: 67108864 op, 525785400.00 ns, 7.8348 ns/op
WorkloadWarmup   2: 67108864 op, 524521800.00 ns, 7.8160 ns/op
WorkloadWarmup   3: 67108864 op, 521859100.00 ns, 7.7763 ns/op

// BeforeActualRun
WorkloadActual   1: 67108864 op, 526187400.00 ns, 7.8408 ns/op
WorkloadActual   2: 67108864 op, 524205300.00 ns, 7.8113 ns/op
WorkloadActual   3: 67108864 op, 528126300.00 ns, 7.8697 ns/op

// AfterActualRun
WorkloadResult   1: 67108864 op, 396149100.00 ns, 5.9031 ns/op
WorkloadResult   2: 67108864 op, 394167000.00 ns, 5.8735 ns/op
WorkloadResult   3: 67108864 op, 398088000.00 ns, 5.9320 ns/op
// GC:  0 0 0 0 67108864
// Threading:  0 0 67108864

// AfterAll
// Benchmark Process 14080 has exited with code 0.

Mean = 5.903 ns, StdErr = 0.017 ns (0.29%), N = 3, StdDev = 0.029 ns
Min = 5.874 ns, Q1 = 5.888 ns, Median = 5.903 ns, Q3 = 5.918 ns, Max = 5.932 ns
IQR = 0.029 ns, LowerFence = 5.844 ns, UpperFence = 5.961 ns
ConfidenceInterval = [5.370 ns; 6.436 ns] (CI 99.9%), Margin = 0.533 ns (9.03% of Mean)
Skewness = -0.01, Kurtosis = 0.67, MValue = 2

// ** Remained 38 (54.3%) benchmark(s) to run. Estimated finish 2026-03-22 17:24 (0h 6m from now) **
Setup power plan (GUID: 8c5e7fda-e8bf-4a96-9a85-a6e23a8c635c FriendlyName: High performance)
// **************************
// Benchmark: StringCopyToCharArrayBenchmarks.Buffer_MemoryCopy: ShortRun(Runtime=.NET 10.0, IterationCount=3, LaunchCount=1, WarmupCount=3) [source=Sphin(...) vow! [37], destination=Char[53]]
// *** Execute ***
// Launch: 1 / 1
// Execute: dotnet ScrubJay.Text.Benchmarks-ShortRun-1.dll --anonymousPipes 2900 3388 --benchmarkName "ScrubJay.Text.Benchmarks.CopyTo.StringCopyToCharArrayBenchmarks.Buffer_MemoryCopy(source: \"Sphinx of black quartz, judge my vow!\", destination: ['\0', '\0', '\0', '\0', '\0', ...])" --job ShortRun --benchmarkId 17 in C:\git\ScrubJay\ScrubJay.Text\benchmarks\bin\Release\net10.0\ScrubJay.Text.Benchmarks-ShortRun-1\bin\Release\net10.0
// BeforeAnythingElse

// Benchmark Process Environment Information:
// BenchmarkDotNet v0.15.8
// Runtime=.NET 10.0.4 (10.0.4, 10.0.426.12010), X64 RyuJIT x86-64-v3
// GC=Concurrent Workstation
// HardwareIntrinsics=AVX2+BMI1+BMI2+F16C+FMA+LZCNT+MOVBE,AVX,SSE3+SSSE3+SSE4.1+SSE4.2+POPCNT,X86Base+SSE+SSE2,AES+PCLMUL VectorSize=256
// Job: ShortRun(IterationCount=3, LaunchCount=1, WarmupCount=3)

OverheadJitting  1: 1 op, 213000.00 ns, 213.0000 us/op
WorkloadJitting  1: 1 op, 486800.00 ns, 486.8000 us/op

OverheadJitting  2: 16 op, 307000.00 ns, 19.1875 us/op
WorkloadJitting  2: 16 op, 460100.00 ns, 28.7563 us/op

WorkloadPilot    1: 16 op, 2800.00 ns, 175.0000 ns/op
WorkloadPilot    2: 32 op, 1600.00 ns, 50.0000 ns/op
WorkloadPilot    3: 64 op, 2100.00 ns, 32.8125 ns/op
WorkloadPilot    4: 128 op, 19300.00 ns, 150.7813 ns/op
WorkloadPilot    5: 256 op, 24200.00 ns, 94.5313 ns/op
WorkloadPilot    6: 512 op, 22700.00 ns, 44.3359 ns/op
WorkloadPilot    7: 1024 op, 44500.00 ns, 43.4570 ns/op
WorkloadPilot    8: 2048 op, 68100.00 ns, 33.2520 ns/op
WorkloadPilot    9: 4096 op, 100400.00 ns, 24.5117 ns/op
WorkloadPilot   10: 8192 op, 182800.00 ns, 22.3145 ns/op
WorkloadPilot   11: 16384 op, 465100.00 ns, 28.3875 ns/op
WorkloadPilot   12: 32768 op, 557700.00 ns, 17.0197 ns/op
WorkloadPilot   13: 65536 op, 1344500.00 ns, 20.5154 ns/op
WorkloadPilot   14: 131072 op, 2185300.00 ns, 16.6725 ns/op
WorkloadPilot   15: 262144 op, 4419100.00 ns, 16.8575 ns/op
WorkloadPilot   16: 524288 op, 9219400.00 ns, 17.5846 ns/op
WorkloadPilot   17: 1048576 op, 17749100.00 ns, 16.9269 ns/op
WorkloadPilot   18: 2097152 op, 37118100.00 ns, 17.6993 ns/op
WorkloadPilot   19: 4194304 op, 69303100.00 ns, 16.5231 ns/op
WorkloadPilot   20: 8388608 op, 136518700.00 ns, 16.2743 ns/op
WorkloadPilot   21: 16777216 op, 159948000.00 ns, 9.5336 ns/op
WorkloadPilot   22: 33554432 op, 321360100.00 ns, 9.5773 ns/op
WorkloadPilot   23: 67108864 op, 636098100.00 ns, 9.4786 ns/op

OverheadWarmup   1: 67108864 op, 170605800.00 ns, 2.5422 ns/op
OverheadWarmup   2: 67108864 op, 137827000.00 ns, 2.0538 ns/op
OverheadWarmup   3: 67108864 op, 129134500.00 ns, 1.9243 ns/op
OverheadWarmup   4: 67108864 op, 131134800.00 ns, 1.9541 ns/op
OverheadWarmup   5: 67108864 op, 129431200.00 ns, 1.9287 ns/op
OverheadWarmup   6: 67108864 op, 130818900.00 ns, 1.9494 ns/op
OverheadWarmup   7: 67108864 op, 128540300.00 ns, 1.9154 ns/op

OverheadActual   1: 67108864 op, 134031800.00 ns, 1.9972 ns/op
OverheadActual   2: 67108864 op, 150624200.00 ns, 2.2445 ns/op
OverheadActual   3: 67108864 op, 131874200.00 ns, 1.9651 ns/op
OverheadActual   4: 67108864 op, 133171100.00 ns, 1.9844 ns/op
OverheadActual   5: 67108864 op, 129915000.00 ns, 1.9359 ns/op
OverheadActual   6: 67108864 op, 130340600.00 ns, 1.9422 ns/op
OverheadActual   7: 67108864 op, 129754700.00 ns, 1.9335 ns/op
OverheadActual   8: 67108864 op, 128967000.00 ns, 1.9218 ns/op
OverheadActual   9: 67108864 op, 131023500.00 ns, 1.9524 ns/op
OverheadActual  10: 67108864 op, 129199400.00 ns, 1.9252 ns/op
OverheadActual  11: 67108864 op, 130114000.00 ns, 1.9388 ns/op
OverheadActual  12: 67108864 op, 140746900.00 ns, 2.0973 ns/op
OverheadActual  13: 67108864 op, 128388400.00 ns, 1.9131 ns/op
OverheadActual  14: 67108864 op, 129078400.00 ns, 1.9234 ns/op
OverheadActual  15: 67108864 op, 129697000.00 ns, 1.9326 ns/op

WorkloadWarmup   1: 67108864 op, 640578300.00 ns, 9.5454 ns/op
WorkloadWarmup   2: 67108864 op, 636802800.00 ns, 9.4891 ns/op
WorkloadWarmup   3: 67108864 op, 638704800.00 ns, 9.5174 ns/op

// BeforeActualRun
WorkloadActual   1: 67108864 op, 634952800.00 ns, 9.4615 ns/op
WorkloadActual   2: 67108864 op, 643744100.00 ns, 9.5925 ns/op
WorkloadActual   3: 67108864 op, 641334300.00 ns, 9.5566 ns/op

// AfterActualRun
WorkloadResult   1: 67108864 op, 504838800.00 ns, 7.5227 ns/op
WorkloadResult   2: 67108864 op, 513630100.00 ns, 7.6537 ns/op
WorkloadResult   3: 67108864 op, 511220300.00 ns, 7.6178 ns/op
// GC:  0 0 0 0 67108864
// Threading:  0 0 67108864

// AfterAll
// Benchmark Process 18516 has exited with code 0.

Mean = 7.598 ns, StdErr = 0.039 ns (0.51%), N = 3, StdDev = 0.068 ns
Min = 7.523 ns, Q1 = 7.570 ns, Median = 7.618 ns, Q3 = 7.636 ns, Max = 7.654 ns
IQR = 0.066 ns, LowerFence = 7.472 ns, UpperFence = 7.734 ns
ConfidenceInterval = [6.363 ns; 8.833 ns] (CI 99.9%), Margin = 1.235 ns (16.25% of Mean)
Skewness = -0.27, Kurtosis = 0.67, MValue = 2

// ** Remained 37 (52.9%) benchmark(s) to run. Estimated finish 2026-03-22 17:23 (0h 6m from now) **
Setup power plan (GUID: 8c5e7fda-e8bf-4a96-9a85-a6e23a8c635c FriendlyName: High performance)
// **************************
// Benchmark: StringCopyToCharArrayBenchmarks.Buffer_MemoryCopy: ShortRun(Runtime=.NET 10.0, IterationCount=3, LaunchCount=1, WarmupCount=3) [source='"\\\0(...){]}\\ [512], destination=Char[528]]
// *** Execute ***
// Launch: 1 / 1
// Execute: dotnet ScrubJay.Text.Benchmarks-ShortRun-1.dll --anonymousPipes 2412 3384 --benchmarkName "ScrubJay.Text.Benchmarks.CopyTo.StringCopyToCharArrayBenchmarks.Buffer_MemoryCopy(source: \"'\\\"\\\0\a\b\f\n\r\t\v`~!@#$%^&*()-_=+[{]}\\|;:'\\\",<.>/?Sphinx of black quartz, judge my vow!'\\\"\\\0\a\b\f\n\r\t\v`~!@#$%^&*()-_=+[{]}\\|;:'\\\",<.>/?Sphinx of black quartz, judge my vow!'\\\"\\\0\a\b\f\n\r\t\v`~!@#$%^&*()-_=+[{]}\\|;:'\\\",<.>/?Sphinx of black quartz, judge my vow!'\\\"\\\0\a\b\f\n\r\t\v`~!@#$%^&*()-_=+[{]}\\|;:'\\\",<.>/?Sphinx of black quartz, judge my vow!'\\\"\\\0\a\b\f\n\r\t\v`~!@#$%^&*()-_=+[{]}\\|;:'\\\",<.>/?Sphinx of black quartz, judge my vow!'\\\"\\\0\a\b\f\n\r\t\v`~!@#$%^&*()-_=+[{]}\\|;:'\\\",<.>/?Sphinx of black quartz, judge my vow!'\\\"\\\0\a\b\f\n\r\t\v`~!@#$%^&*()-_=+[{]}\\\\\", destination: ['\0', '\0', '\0', '\0', '\0', ...])" --job ShortRun --benchmarkId 18 in C:\git\ScrubJay\ScrubJay.Text\benchmarks\bin\Release\net10.0\ScrubJay.Text.Benchmarks-ShortRun-1\bin\Release\net10.0
// BeforeAnythingElse

// Benchmark Process Environment Information:
// BenchmarkDotNet v0.15.8
// Runtime=.NET 10.0.4 (10.0.4, 10.0.426.12010), X64 RyuJIT x86-64-v3
// GC=Concurrent Workstation
// HardwareIntrinsics=AVX2+BMI1+BMI2+F16C+FMA+LZCNT+MOVBE,AVX,SSE3+SSSE3+SSE4.1+SSE4.2+POPCNT,X86Base+SSE+SSE2,AES+PCLMUL VectorSize=256
// Job: ShortRun(IterationCount=3, LaunchCount=1, WarmupCount=3)

OverheadJitting  1: 1 op, 211200.00 ns, 211.2000 us/op
WorkloadJitting  1: 1 op, 535100.00 ns, 535.1000 us/op

OverheadJitting  2: 16 op, 499000.00 ns, 31.1875 us/op
WorkloadJitting  2: 16 op, 594700.00 ns, 37.1688 us/op

WorkloadPilot    1: 16 op, 2500.00 ns, 156.2500 ns/op
WorkloadPilot    2: 32 op, 2600.00 ns, 81.2500 ns/op
WorkloadPilot    3: 64 op, 3300.00 ns, 51.5625 ns/op
WorkloadPilot    4: 128 op, 5500.00 ns, 42.9688 ns/op
WorkloadPilot    5: 256 op, 36600.00 ns, 142.9688 ns/op
WorkloadPilot    6: 512 op, 18600.00 ns, 36.3281 ns/op
WorkloadPilot    7: 1024 op, 54800.00 ns, 53.5156 ns/op
WorkloadPilot    8: 2048 op, 70800.00 ns, 34.5703 ns/op
WorkloadPilot    9: 4096 op, 191500.00 ns, 46.7529 ns/op
WorkloadPilot   10: 8192 op, 290900.00 ns, 35.5103 ns/op
WorkloadPilot   11: 16384 op, 703000.00 ns, 42.9077 ns/op
WorkloadPilot   12: 32768 op, 1208900.00 ns, 36.8927 ns/op
WorkloadPilot   13: 65536 op, 2336200.00 ns, 35.6476 ns/op
WorkloadPilot   14: 131072 op, 4493900.00 ns, 34.2857 ns/op
WorkloadPilot   15: 262144 op, 9571500.00 ns, 36.5124 ns/op
WorkloadPilot   16: 524288 op, 18186500.00 ns, 34.6880 ns/op
WorkloadPilot   17: 1048576 op, 37296900.00 ns, 35.5691 ns/op
WorkloadPilot   18: 2097152 op, 73350600.00 ns, 34.9763 ns/op
WorkloadPilot   19: 4194304 op, 85934900.00 ns, 20.4885 ns/op
WorkloadPilot   20: 8388608 op, 151279200.00 ns, 18.0339 ns/op
WorkloadPilot   21: 16777216 op, 303147700.00 ns, 18.0690 ns/op
WorkloadPilot   22: 33554432 op, 602091400.00 ns, 17.9437 ns/op

OverheadWarmup   1: 33554432 op, 85038900.00 ns, 2.5344 ns/op
OverheadWarmup   2: 33554432 op, 84404300.00 ns, 2.5154 ns/op
OverheadWarmup   3: 33554432 op, 73062800.00 ns, 2.1774 ns/op
OverheadWarmup   4: 33554432 op, 65483300.00 ns, 1.9516 ns/op
OverheadWarmup   5: 33554432 op, 64471300.00 ns, 1.9214 ns/op
OverheadWarmup   6: 33554432 op, 67304100.00 ns, 2.0058 ns/op
OverheadWarmup   7: 33554432 op, 64309700.00 ns, 1.9166 ns/op
OverheadWarmup   8: 33554432 op, 64681300.00 ns, 1.9277 ns/op
OverheadWarmup   9: 33554432 op, 68408700.00 ns, 2.0387 ns/op
OverheadWarmup  10: 33554432 op, 65887100.00 ns, 1.9636 ns/op

OverheadActual   1: 33554432 op, 71977700.00 ns, 2.1451 ns/op
OverheadActual   2: 33554432 op, 82126200.00 ns, 2.4476 ns/op
OverheadActual   3: 33554432 op, 71273200.00 ns, 2.1241 ns/op
OverheadActual   4: 33554432 op, 72341700.00 ns, 2.1560 ns/op
OverheadActual   5: 33554432 op, 66893600.00 ns, 1.9936 ns/op
OverheadActual   6: 33554432 op, 75197800.00 ns, 2.2411 ns/op
OverheadActual   7: 33554432 op, 68485100.00 ns, 2.0410 ns/op
OverheadActual   8: 33554432 op, 71577500.00 ns, 2.1332 ns/op
OverheadActual   9: 33554432 op, 70147100.00 ns, 2.0905 ns/op
OverheadActual  10: 33554432 op, 73716300.00 ns, 2.1969 ns/op
OverheadActual  11: 33554432 op, 74717900.00 ns, 2.2268 ns/op
OverheadActual  12: 33554432 op, 71773200.00 ns, 2.1390 ns/op
OverheadActual  13: 33554432 op, 74010100.00 ns, 2.2057 ns/op
OverheadActual  14: 33554432 op, 83776000.00 ns, 2.4967 ns/op
OverheadActual  15: 33554432 op, 73512800.00 ns, 2.1909 ns/op

WorkloadWarmup   1: 33554432 op, 630638200.00 ns, 18.7945 ns/op
WorkloadWarmup   2: 33554432 op, 659267500.00 ns, 19.6477 ns/op
WorkloadWarmup   3: 33554432 op, 605701400.00 ns, 18.0513 ns/op

// BeforeActualRun
WorkloadActual   1: 33554432 op, 604592500.00 ns, 18.0183 ns/op
WorkloadActual   2: 33554432 op, 611796100.00 ns, 18.2329 ns/op
WorkloadActual   3: 33554432 op, 606274100.00 ns, 18.0684 ns/op

// AfterActualRun
WorkloadResult   1: 33554432 op, 532250800.00 ns, 15.8623 ns/op
WorkloadResult   2: 33554432 op, 539454400.00 ns, 16.0770 ns/op
WorkloadResult   3: 33554432 op, 533932400.00 ns, 15.9124 ns/op
// GC:  0 0 0 0 33554432
// Threading:  0 0 33554432

// AfterAll
// Benchmark Process 10580 has exited with code 0.

Mean = 15.951 ns, StdErr = 0.065 ns (0.41%), N = 3, StdDev = 0.112 ns
Min = 15.862 ns, Q1 = 15.887 ns, Median = 15.912 ns, Q3 = 15.995 ns, Max = 16.077 ns
IQR = 0.107 ns, LowerFence = 15.726 ns, UpperFence = 16.156 ns
ConfidenceInterval = [13.902 ns; 18.000 ns] (CI 99.9%), Margin = 2.049 ns (12.85% of Mean)
Skewness = 0.3, Kurtosis = 0.67, MValue = 2

// ** Remained 36 (51.4%) benchmark(s) to run. Estimated finish 2026-03-22 17:23 (0h 6m from now) **
Setup power plan (GUID: 8c5e7fda-e8bf-4a96-9a85-a6e23a8c635c FriendlyName: High performance)
// **************************
// Benchmark: StringCopyToCharArrayBenchmarks.Buffer_MemoryCopy: ShortRun(Runtime=.NET 10.0, IterationCount=3, LaunchCount=1, WarmupCount=3) [source='"\\\0(...)~!@# [4096], destination=Char[4112]]
// *** Execute ***
// Launch: 1 / 1
// Execute: dotnet ScrubJay.Text.Benchmarks-ShortRun-1.dll --anonymousPipes 2096 3388 --benchmarkName StringCopyToCharArrayBenchmarks.Buffer_MemoryCopy(paramsHash_3406274775) --job ShortRun --benchmarkId 19 in C:\git\ScrubJay\ScrubJay.Text\benchmarks\bin\Release\net10.0\ScrubJay.Text.Benchmarks-ShortRun-1\bin\Release\net10.0
// BeforeAnythingElse

// Benchmark Process Environment Information:
// BenchmarkDotNet v0.15.8
// Runtime=.NET 10.0.4 (10.0.4, 10.0.426.12010), X64 RyuJIT x86-64-v3
// GC=Concurrent Workstation
// HardwareIntrinsics=AVX2+BMI1+BMI2+F16C+FMA+LZCNT+MOVBE,AVX,SSE3+SSSE3+SSE4.1+SSE4.2+POPCNT,X86Base+SSE+SSE2,AES+PCLMUL VectorSize=256
// Job: ShortRun(IterationCount=3, LaunchCount=1, WarmupCount=3)

OverheadJitting  1: 1 op, 213200.00 ns, 213.2000 us/op
WorkloadJitting  1: 1 op, 478900.00 ns, 478.9000 us/op

OverheadJitting  2: 16 op, 325400.00 ns, 20.3375 us/op
WorkloadJitting  2: 16 op, 378300.00 ns, 23.6438 us/op

WorkloadPilot    1: 16 op, 4300.00 ns, 268.7500 ns/op
WorkloadPilot    2: 32 op, 21600.00 ns, 675.0000 ns/op
WorkloadPilot    3: 64 op, 8400.00 ns, 131.2500 ns/op
WorkloadPilot    4: 128 op, 24200.00 ns, 189.0625 ns/op
WorkloadPilot    5: 256 op, 48200.00 ns, 188.2813 ns/op
WorkloadPilot    6: 512 op, 58000.00 ns, 113.2813 ns/op
WorkloadPilot    7: 1024 op, 149100.00 ns, 145.6055 ns/op
WorkloadPilot    8: 2048 op, 245300.00 ns, 119.7754 ns/op
WorkloadPilot    9: 4096 op, 476500.00 ns, 116.3330 ns/op
WorkloadPilot   10: 8192 op, 943400.00 ns, 115.1611 ns/op
WorkloadPilot   11: 16384 op, 1808000.00 ns, 110.3516 ns/op
WorkloadPilot   12: 32768 op, 3457600.00 ns, 105.5176 ns/op
WorkloadPilot   13: 65536 op, 7032800.00 ns, 107.3120 ns/op
WorkloadPilot   14: 131072 op, 14245000.00 ns, 108.6807 ns/op
WorkloadPilot   15: 262144 op, 27687600.00 ns, 105.6198 ns/op
WorkloadPilot   16: 524288 op, 56060400.00 ns, 106.9267 ns/op
WorkloadPilot   17: 1048576 op, 110725100.00 ns, 105.5957 ns/op
WorkloadPilot   18: 2097152 op, 198299000.00 ns, 94.5563 ns/op
WorkloadPilot   19: 4194304 op, 400176600.00 ns, 95.4095 ns/op
WorkloadPilot   20: 8388608 op, 886542500.00 ns, 105.6841 ns/op

OverheadWarmup   1: 8388608 op, 21046900.00 ns, 2.5090 ns/op
OverheadWarmup   2: 8388608 op, 22888000.00 ns, 2.7285 ns/op
OverheadWarmup   3: 8388608 op, 22428100.00 ns, 2.6736 ns/op
OverheadWarmup   4: 8388608 op, 21621100.00 ns, 2.5774 ns/op
OverheadWarmup   5: 8388608 op, 22364800.00 ns, 2.6661 ns/op
OverheadWarmup   6: 8388608 op, 22436900.00 ns, 2.6747 ns/op
OverheadWarmup   7: 8388608 op, 22006300.00 ns, 2.6234 ns/op

OverheadActual   1: 8388608 op, 20898700.00 ns, 2.4913 ns/op
OverheadActual   2: 8388608 op, 21566000.00 ns, 2.5709 ns/op
OverheadActual   3: 8388608 op, 22383100.00 ns, 2.6683 ns/op
OverheadActual   4: 8388608 op, 21657700.00 ns, 2.5818 ns/op
OverheadActual   5: 8388608 op, 22076700.00 ns, 2.6317 ns/op
OverheadActual   6: 8388608 op, 20926900.00 ns, 2.4947 ns/op
OverheadActual   7: 8388608 op, 21416000.00 ns, 2.5530 ns/op
OverheadActual   8: 8388608 op, 23273500.00 ns, 2.7744 ns/op
OverheadActual   9: 8388608 op, 21397300.00 ns, 2.5508 ns/op
OverheadActual  10: 8388608 op, 21316000.00 ns, 2.5411 ns/op
OverheadActual  11: 8388608 op, 21997700.00 ns, 2.6223 ns/op
OverheadActual  12: 8388608 op, 23014900.00 ns, 2.7436 ns/op
OverheadActual  13: 8388608 op, 17218300.00 ns, 2.0526 ns/op
OverheadActual  14: 8388608 op, 17436500.00 ns, 2.0786 ns/op
OverheadActual  15: 8388608 op, 16688600.00 ns, 1.9894 ns/op
OverheadActual  16: 8388608 op, 16250000.00 ns, 1.9372 ns/op
OverheadActual  17: 8388608 op, 16566600.00 ns, 1.9749 ns/op
OverheadActual  18: 8388608 op, 16590200.00 ns, 1.9777 ns/op
OverheadActual  19: 8388608 op, 16725600.00 ns, 1.9938 ns/op
OverheadActual  20: 8388608 op, 16827100.00 ns, 2.0059 ns/op

WorkloadWarmup   1: 8388608 op, 797912600.00 ns, 95.1186 ns/op
WorkloadWarmup   2: 8388608 op, 795050500.00 ns, 94.7774 ns/op
WorkloadWarmup   3: 8388608 op, 792292500.00 ns, 94.4486 ns/op

// BeforeActualRun
WorkloadActual   1: 8388608 op, 801702000.00 ns, 95.5703 ns/op
WorkloadActual   2: 8388608 op, 797514200.00 ns, 95.0711 ns/op
WorkloadActual   3: 8388608 op, 795718600.00 ns, 94.8570 ns/op

// AfterActualRun
WorkloadResult   1: 8388608 op, 780580550.00 ns, 93.0525 ns/op
WorkloadResult   2: 8388608 op, 776392750.00 ns, 92.5532 ns/op
WorkloadResult   3: 8388608 op, 774597150.00 ns, 92.3392 ns/op
// GC:  0 0 0 0 8388608
// Threading:  0 0 8388608

// AfterAll
// Benchmark Process 17856 has exited with code 0.

Mean = 92.648 ns, StdErr = 0.211 ns (0.23%), N = 3, StdDev = 0.366 ns
Min = 92.339 ns, Q1 = 92.446 ns, Median = 92.553 ns, Q3 = 92.803 ns, Max = 93.052 ns
IQR = 0.357 ns, LowerFence = 91.911 ns, UpperFence = 93.338 ns
ConfidenceInterval = [85.971 ns; 99.326 ns] (CI 99.9%), Margin = 6.677 ns (7.21% of Mean)
Skewness = 0.24, Kurtosis = 0.67, MValue = 2

// ** Remained 35 (50.0%) benchmark(s) to run. Estimated finish 2026-03-22 17:23 (0h 5m from now) **
Setup power plan (GUID: 8c5e7fda-e8bf-4a96-9a85-a6e23a8c635c FriendlyName: High performance)
// **************************
// Benchmark: StringCopyToCharArrayBenchmarks.Buffer_MemoryCopy: ShortRun(Runtime=.NET 6.0, IterationCount=3, LaunchCount=1, WarmupCount=3) [source=,, destination=Char[17]]
// *** Execute ***
// Launch: 1 / 1
// Execute: dotnet ScrubJay.Text.Benchmarks-ShortRun-2.dll --anonymousPipes 916 2904 --benchmarkName "ScrubJay.Text.Benchmarks.CopyTo.StringCopyToCharArrayBenchmarks.Buffer_MemoryCopy(source: \",\", destination: ['\0', '\0', '\0', '\0', '\0', ...])" --job ShortRun --benchmarkId 15 in C:\git\ScrubJay\ScrubJay.Text\benchmarks\bin\Release\net10.0\ScrubJay.Text.Benchmarks-ShortRun-2\bin\Release\net6.0
// BeforeAnythingElse

// Benchmark Process Environment Information:
// BenchmarkDotNet v0.15.8
// Runtime=.NET 6.0.36 (6.0.36, 6.0.3624.51421), X64 RyuJIT x86-64-v3
// GC=Concurrent Workstation
// HardwareIntrinsics=AVX2+BMI1+BMI2+F16C+FMA+LZCNT+MOVBE,AVX,SSE3+SSSE3+SSE4.1+SSE4.2+POPCNT,X86Base+SSE+SSE2,AES+PCLMUL VectorSize=256
// Job: ShortRun(IterationCount=3, LaunchCount=1, WarmupCount=3)

OverheadJitting  1: 1 op, 147900.00 ns, 147.9000 us/op
WorkloadJitting  1: 1 op, 348100.00 ns, 348.1000 us/op

OverheadJitting  2: 16 op, 272400.00 ns, 17.0250 us/op
WorkloadJitting  2: 16 op, 313900.00 ns, 19.6188 us/op

WorkloadPilot    1: 16 op, 1200.00 ns, 75.0000 ns/op
WorkloadPilot    2: 32 op, 1500.00 ns, 46.8750 ns/op
WorkloadPilot    3: 64 op, 1900.00 ns, 29.6875 ns/op
WorkloadPilot    4: 128 op, 2900.00 ns, 22.6563 ns/op
WorkloadPilot    5: 256 op, 5000.00 ns, 19.5313 ns/op
WorkloadPilot    6: 512 op, 29900.00 ns, 58.3984 ns/op
WorkloadPilot    7: 1024 op, 37000.00 ns, 36.1328 ns/op
WorkloadPilot    8: 2048 op, 34300.00 ns, 16.7480 ns/op
WorkloadPilot    9: 4096 op, 95900.00 ns, 23.4131 ns/op
WorkloadPilot   10: 8192 op, 160400.00 ns, 19.5801 ns/op
WorkloadPilot   11: 16384 op, 267100.00 ns, 16.3025 ns/op
WorkloadPilot   12: 32768 op, 558600.00 ns, 17.0471 ns/op
WorkloadPilot   13: 65536 op, 1115900.00 ns, 17.0273 ns/op
WorkloadPilot   14: 131072 op, 2166300.00 ns, 16.5276 ns/op
WorkloadPilot   15: 262144 op, 4326900.00 ns, 16.5058 ns/op
WorkloadPilot   16: 524288 op, 10712200.00 ns, 20.4319 ns/op
WorkloadPilot   17: 1048576 op, 18458100.00 ns, 17.6030 ns/op
WorkloadPilot   18: 2097152 op, 42460900.00 ns, 20.2469 ns/op
WorkloadPilot   19: 4194304 op, 70271000.00 ns, 16.7539 ns/op
WorkloadPilot   20: 8388608 op, 97253400.00 ns, 11.5935 ns/op
WorkloadPilot   21: 16777216 op, 155283500.00 ns, 9.2556 ns/op
WorkloadPilot   22: 33554432 op, 307661500.00 ns, 9.1690 ns/op
WorkloadPilot   23: 67108864 op, 609256300.00 ns, 9.0786 ns/op

OverheadWarmup   1: 67108864 op, 174893800.00 ns, 2.6061 ns/op
OverheadWarmup   2: 67108864 op, 135069800.00 ns, 2.0127 ns/op
OverheadWarmup   3: 67108864 op, 121480500.00 ns, 1.8102 ns/op
OverheadWarmup   4: 67108864 op, 121352200.00 ns, 1.8083 ns/op
OverheadWarmup   5: 67108864 op, 119854200.00 ns, 1.7860 ns/op
OverheadWarmup   6: 67108864 op, 122339000.00 ns, 1.8230 ns/op
OverheadWarmup   7: 67108864 op, 121870000.00 ns, 1.8160 ns/op
OverheadWarmup   8: 67108864 op, 121840900.00 ns, 1.8156 ns/op
OverheadWarmup   9: 67108864 op, 123960100.00 ns, 1.8471 ns/op
OverheadWarmup  10: 67108864 op, 121597900.00 ns, 1.8119 ns/op

OverheadActual   1: 67108864 op, 124585400.00 ns, 1.8565 ns/op
OverheadActual   2: 67108864 op, 120190100.00 ns, 1.7910 ns/op
OverheadActual   3: 67108864 op, 122078600.00 ns, 1.8191 ns/op
OverheadActual   4: 67108864 op, 121539300.00 ns, 1.8111 ns/op
OverheadActual   5: 67108864 op, 122321700.00 ns, 1.8227 ns/op
OverheadActual   6: 67108864 op, 121734200.00 ns, 1.8140 ns/op
OverheadActual   7: 67108864 op, 123159400.00 ns, 1.8352 ns/op
OverheadActual   8: 67108864 op, 121714100.00 ns, 1.8137 ns/op
OverheadActual   9: 67108864 op, 121710400.00 ns, 1.8136 ns/op
OverheadActual  10: 67108864 op, 121754600.00 ns, 1.8143 ns/op
OverheadActual  11: 67108864 op, 123018000.00 ns, 1.8331 ns/op
OverheadActual  12: 67108864 op, 123883000.00 ns, 1.8460 ns/op
OverheadActual  13: 67108864 op, 121410200.00 ns, 1.8092 ns/op
OverheadActual  14: 67108864 op, 121353400.00 ns, 1.8083 ns/op
OverheadActual  15: 67108864 op, 122165500.00 ns, 1.8204 ns/op

WorkloadWarmup   1: 67108864 op, 610140900.00 ns, 9.0918 ns/op
WorkloadWarmup   2: 67108864 op, 612230900.00 ns, 9.1230 ns/op
WorkloadWarmup   3: 67108864 op, 613247500.00 ns, 9.1381 ns/op

// BeforeActualRun
WorkloadActual   1: 67108864 op, 614560600.00 ns, 9.1577 ns/op
WorkloadActual   2: 67108864 op, 612737000.00 ns, 9.1305 ns/op
WorkloadActual   3: 67108864 op, 616176100.00 ns, 9.1817 ns/op

// AfterActualRun
WorkloadResult   1: 67108864 op, 492806000.00 ns, 7.3434 ns/op
WorkloadResult   2: 67108864 op, 490982400.00 ns, 7.3162 ns/op
WorkloadResult   3: 67108864 op, 494421500.00 ns, 7.3675 ns/op
// GC:  0 0 0 0 67108864
// Threading:  0 0 67108864

// AfterAll
// Benchmark Process 4892 has exited with code 0.

Mean = 7.342 ns, StdErr = 0.015 ns (0.20%), N = 3, StdDev = 0.026 ns
Min = 7.316 ns, Q1 = 7.330 ns, Median = 7.343 ns, Q3 = 7.355 ns, Max = 7.367 ns
IQR = 0.026 ns, LowerFence = 7.291 ns, UpperFence = 7.394 ns
ConfidenceInterval = [6.875 ns; 7.810 ns] (CI 99.9%), Margin = 0.468 ns (6.37% of Mean)
Skewness = -0.04, Kurtosis = 0.67, MValue = 2

// ** Remained 34 (48.6%) benchmark(s) to run. Estimated finish 2026-03-22 17:23 (0h 5m from now) **
Setup power plan (GUID: 8c5e7fda-e8bf-4a96-9a85-a6e23a8c635c FriendlyName: High performance)
// **************************
// Benchmark: StringCopyToCharArrayBenchmarks.Buffer_MemoryCopy: ShortRun(Runtime=.NET 6.0, IterationCount=3, LaunchCount=1, WarmupCount=3) [source=\r\n, destination=Char[18]]
// *** Execute ***
// Launch: 1 / 1
// Execute: dotnet ScrubJay.Text.Benchmarks-ShortRun-2.dll --anonymousPipes 2412 2900 --benchmarkName "ScrubJay.Text.Benchmarks.CopyTo.StringCopyToCharArrayBenchmarks.Buffer_MemoryCopy(source: \"\r\n\", destination: ['\0', '\0', '\0', '\0', '\0', ...])" --job ShortRun --benchmarkId 16 in C:\git\ScrubJay\ScrubJay.Text\benchmarks\bin\Release\net10.0\ScrubJay.Text.Benchmarks-ShortRun-2\bin\Release\net6.0
// BeforeAnythingElse

// Benchmark Process Environment Information:
// BenchmarkDotNet v0.15.8
// Runtime=.NET 6.0.36 (6.0.36, 6.0.3624.51421), X64 RyuJIT x86-64-v3
// GC=Concurrent Workstation
// HardwareIntrinsics=AVX2+BMI1+BMI2+F16C+FMA+LZCNT+MOVBE,AVX,SSE3+SSSE3+SSE4.1+SSE4.2+POPCNT,X86Base+SSE+SSE2,AES+PCLMUL VectorSize=256
// Job: ShortRun(IterationCount=3, LaunchCount=1, WarmupCount=3)

OverheadJitting  1: 1 op, 150300.00 ns, 150.3000 us/op
WorkloadJitting  1: 1 op, 372700.00 ns, 372.7000 us/op

OverheadJitting  2: 16 op, 316900.00 ns, 19.8063 us/op
WorkloadJitting  2: 16 op, 293800.00 ns, 18.3625 us/op

WorkloadPilot    1: 16 op, 2000.00 ns, 125.0000 ns/op
WorkloadPilot    2: 32 op, 2000.00 ns, 62.5000 ns/op
WorkloadPilot    3: 64 op, 2900.00 ns, 45.3125 ns/op
WorkloadPilot    4: 128 op, 20500.00 ns, 160.1563 ns/op
WorkloadPilot    5: 256 op, 8200.00 ns, 32.0313 ns/op
WorkloadPilot    6: 512 op, 15500.00 ns, 30.2734 ns/op
WorkloadPilot    7: 1024 op, 33900.00 ns, 33.1055 ns/op
WorkloadPilot    8: 2048 op, 61100.00 ns, 29.8340 ns/op
WorkloadPilot    9: 4096 op, 120200.00 ns, 29.3457 ns/op
WorkloadPilot   10: 8192 op, 174600.00 ns, 21.3135 ns/op
WorkloadPilot   11: 16384 op, 317900.00 ns, 19.4031 ns/op
WorkloadPilot   12: 32768 op, 601100.00 ns, 18.3441 ns/op
WorkloadPilot   13: 65536 op, 1149200.00 ns, 17.5354 ns/op
WorkloadPilot   14: 131072 op, 2202500.00 ns, 16.8037 ns/op
WorkloadPilot   15: 262144 op, 4579200.00 ns, 17.4683 ns/op
WorkloadPilot   16: 524288 op, 8906400.00 ns, 16.9876 ns/op
WorkloadPilot   17: 1048576 op, 17735700.00 ns, 16.9141 ns/op
WorkloadPilot   18: 2097152 op, 36518000.00 ns, 17.4131 ns/op
WorkloadPilot   19: 4194304 op, 70732200.00 ns, 16.8639 ns/op
WorkloadPilot   20: 8388608 op, 95344700.00 ns, 11.3660 ns/op
WorkloadPilot   21: 16777216 op, 164966200.00 ns, 9.8328 ns/op
WorkloadPilot   22: 33554432 op, 296854400.00 ns, 8.8470 ns/op
WorkloadPilot   23: 67108864 op, 586765100.00 ns, 8.7435 ns/op

OverheadWarmup   1: 67108864 op, 168202000.00 ns, 2.5064 ns/op
OverheadWarmup   2: 67108864 op, 136808100.00 ns, 2.0386 ns/op
OverheadWarmup   3: 67108864 op, 121401900.00 ns, 1.8090 ns/op
OverheadWarmup   4: 67108864 op, 120759300.00 ns, 1.7995 ns/op
OverheadWarmup   5: 67108864 op, 123013900.00 ns, 1.8330 ns/op
OverheadWarmup   6: 67108864 op, 121885600.00 ns, 1.8162 ns/op
OverheadWarmup   7: 67108864 op, 122740900.00 ns, 1.8290 ns/op
OverheadWarmup   8: 67108864 op, 122876500.00 ns, 1.8310 ns/op
OverheadWarmup   9: 67108864 op, 121884500.00 ns, 1.8162 ns/op

OverheadActual   1: 67108864 op, 126781900.00 ns, 1.8892 ns/op
OverheadActual   2: 67108864 op, 121082400.00 ns, 1.8043 ns/op
OverheadActual   3: 67108864 op, 121255000.00 ns, 1.8068 ns/op
OverheadActual   4: 67108864 op, 123186600.00 ns, 1.8356 ns/op
OverheadActual   5: 67108864 op, 121236300.00 ns, 1.8066 ns/op
OverheadActual   6: 67108864 op, 121997100.00 ns, 1.8179 ns/op
OverheadActual   7: 67108864 op, 123101700.00 ns, 1.8344 ns/op
OverheadActual   8: 67108864 op, 121717300.00 ns, 1.8137 ns/op
OverheadActual   9: 67108864 op, 123254000.00 ns, 1.8366 ns/op
OverheadActual  10: 67108864 op, 122120000.00 ns, 1.8197 ns/op
OverheadActual  11: 67108864 op, 122948400.00 ns, 1.8321 ns/op
OverheadActual  12: 67108864 op, 123736500.00 ns, 1.8438 ns/op
OverheadActual  13: 67108864 op, 121553400.00 ns, 1.8113 ns/op
OverheadActual  14: 67108864 op, 123129000.00 ns, 1.8348 ns/op
OverheadActual  15: 67108864 op, 120308400.00 ns, 1.7927 ns/op

WorkloadWarmup   1: 67108864 op, 587221100.00 ns, 8.7503 ns/op
WorkloadWarmup   2: 67108864 op, 586538900.00 ns, 8.7401 ns/op
WorkloadWarmup   3: 67108864 op, 589149600.00 ns, 8.7790 ns/op

// BeforeActualRun
WorkloadActual   1: 67108864 op, 589760900.00 ns, 8.7881 ns/op
WorkloadActual   2: 67108864 op, 589254600.00 ns, 8.7806 ns/op
WorkloadActual   3: 67108864 op, 591662800.00 ns, 8.8165 ns/op

// AfterActualRun
WorkloadResult   1: 67108864 op, 467640900.00 ns, 6.9684 ns/op
WorkloadResult   2: 67108864 op, 467134600.00 ns, 6.9608 ns/op
WorkloadResult   3: 67108864 op, 469542800.00 ns, 6.9967 ns/op
// GC:  0 0 0 0 67108864
// Threading:  0 0 67108864

// AfterAll
// Benchmark Process 3168 has exited with code 0.

Mean = 6.975 ns, StdErr = 0.011 ns (0.16%), N = 3, StdDev = 0.019 ns
Min = 6.961 ns, Q1 = 6.965 ns, Median = 6.968 ns, Q3 = 6.983 ns, Max = 6.997 ns
IQR = 0.018 ns, LowerFence = 6.938 ns, UpperFence = 7.009 ns
ConfidenceInterval = [6.630 ns; 7.320 ns] (CI 99.9%), Margin = 0.345 ns (4.95% of Mean)
Skewness = 0.32, Kurtosis = 0.67, MValue = 2

// ** Remained 33 (47.1%) benchmark(s) to run. Estimated finish 2026-03-22 17:23 (0h 5m from now) **
Setup power plan (GUID: 8c5e7fda-e8bf-4a96-9a85-a6e23a8c635c FriendlyName: High performance)
// **************************
// Benchmark: StringCopyToCharArrayBenchmarks.Buffer_MemoryCopy: ShortRun(Runtime=.NET 6.0, IterationCount=3, LaunchCount=1, WarmupCount=3) [source=Sphin(...) vow! [37], destination=Char[53]]
// *** Execute ***
// Launch: 1 / 1
// Execute: dotnet ScrubJay.Text.Benchmarks-ShortRun-2.dll --anonymousPipes 3472 1352 --benchmarkName "ScrubJay.Text.Benchmarks.CopyTo.StringCopyToCharArrayBenchmarks.Buffer_MemoryCopy(source: \"Sphinx of black quartz, judge my vow!\", destination: ['\0', '\0', '\0', '\0', '\0', ...])" --job ShortRun --benchmarkId 17 in C:\git\ScrubJay\ScrubJay.Text\benchmarks\bin\Release\net10.0\ScrubJay.Text.Benchmarks-ShortRun-2\bin\Release\net6.0
// BeforeAnythingElse

// Benchmark Process Environment Information:
// BenchmarkDotNet v0.15.8
// Runtime=.NET 6.0.36 (6.0.36, 6.0.3624.51421), X64 RyuJIT x86-64-v3
// GC=Concurrent Workstation
// HardwareIntrinsics=AVX2+BMI1+BMI2+F16C+FMA+LZCNT+MOVBE,AVX,SSE3+SSSE3+SSE4.1+SSE4.2+POPCNT,X86Base+SSE+SSE2,AES+PCLMUL VectorSize=256
// Job: ShortRun(IterationCount=3, LaunchCount=1, WarmupCount=3)

OverheadJitting  1: 1 op, 156700.00 ns, 156.7000 us/op
WorkloadJitting  1: 1 op, 353400.00 ns, 353.4000 us/op

OverheadJitting  2: 16 op, 274900.00 ns, 17.1813 us/op
WorkloadJitting  2: 16 op, 328000.00 ns, 20.5000 us/op

WorkloadPilot    1: 16 op, 1600.00 ns, 100.0000 ns/op
WorkloadPilot    2: 32 op, 1800.00 ns, 56.2500 ns/op
WorkloadPilot    3: 64 op, 2000.00 ns, 31.2500 ns/op
WorkloadPilot    4: 128 op, 16700.00 ns, 130.4688 ns/op
WorkloadPilot    5: 256 op, 5400.00 ns, 21.0938 ns/op
WorkloadPilot    6: 512 op, 9800.00 ns, 19.1406 ns/op
WorkloadPilot    7: 1024 op, 18900.00 ns, 18.4570 ns/op
WorkloadPilot    8: 2048 op, 84900.00 ns, 41.4551 ns/op
WorkloadPilot    9: 4096 op, 94100.00 ns, 22.9736 ns/op
WorkloadPilot   10: 8192 op, 161100.00 ns, 19.6655 ns/op
WorkloadPilot   11: 16384 op, 320200.00 ns, 19.5435 ns/op
WorkloadPilot   12: 32768 op, 589400.00 ns, 17.9871 ns/op
WorkloadPilot   13: 65536 op, 1245200.00 ns, 19.0002 ns/op
WorkloadPilot   14: 131072 op, 2828700.00 ns, 21.5813 ns/op
WorkloadPilot   15: 262144 op, 4641900.00 ns, 17.7074 ns/op
WorkloadPilot   16: 524288 op, 9718200.00 ns, 18.5360 ns/op
WorkloadPilot   17: 1048576 op, 19006800.00 ns, 18.1263 ns/op
WorkloadPilot   18: 2097152 op, 38200000.00 ns, 18.2152 ns/op
WorkloadPilot   19: 4194304 op, 72779000.00 ns, 17.3519 ns/op
WorkloadPilot   20: 8388608 op, 93812600.00 ns, 11.1833 ns/op
WorkloadPilot   21: 16777216 op, 170432600.00 ns, 10.1586 ns/op
WorkloadPilot   22: 33554432 op, 337638700.00 ns, 10.0624 ns/op
WorkloadPilot   23: 67108864 op, 678829700.00 ns, 10.1154 ns/op

OverheadWarmup   1: 67108864 op, 174860600.00 ns, 2.6056 ns/op
OverheadWarmup   2: 67108864 op, 135540700.00 ns, 2.0197 ns/op
OverheadWarmup   3: 67108864 op, 121334300.00 ns, 1.8080 ns/op
OverheadWarmup   4: 67108864 op, 123468100.00 ns, 1.8398 ns/op
OverheadWarmup   5: 67108864 op, 120361200.00 ns, 1.7935 ns/op
OverheadWarmup   6: 67108864 op, 120618400.00 ns, 1.7974 ns/op
OverheadWarmup   7: 67108864 op, 123999600.00 ns, 1.8477 ns/op
OverheadWarmup   8: 67108864 op, 121718600.00 ns, 1.8137 ns/op

OverheadActual   1: 67108864 op, 123838900.00 ns, 1.8453 ns/op
OverheadActual   2: 67108864 op, 121202700.00 ns, 1.8061 ns/op
OverheadActual   3: 67108864 op, 121011900.00 ns, 1.8032 ns/op
OverheadActual   4: 67108864 op, 121291500.00 ns, 1.8074 ns/op
OverheadActual   5: 67108864 op, 123931300.00 ns, 1.8467 ns/op
OverheadActual   6: 67108864 op, 119905800.00 ns, 1.7867 ns/op
OverheadActual   7: 67108864 op, 123660700.00 ns, 1.8427 ns/op
OverheadActual   8: 67108864 op, 121488000.00 ns, 1.8103 ns/op
OverheadActual   9: 67108864 op, 121235200.00 ns, 1.8065 ns/op
OverheadActual  10: 67108864 op, 122838900.00 ns, 1.8304 ns/op
OverheadActual  11: 67108864 op, 122717700.00 ns, 1.8286 ns/op
OverheadActual  12: 67108864 op, 130069600.00 ns, 1.9382 ns/op
OverheadActual  13: 67108864 op, 124752100.00 ns, 1.8590 ns/op
OverheadActual  14: 67108864 op, 122931400.00 ns, 1.8318 ns/op
OverheadActual  15: 67108864 op, 121322700.00 ns, 1.8078 ns/op

WorkloadWarmup   1: 67108864 op, 672523000.00 ns, 10.0214 ns/op
WorkloadWarmup   2: 67108864 op, 676062300.00 ns, 10.0741 ns/op
WorkloadWarmup   3: 67108864 op, 674961100.00 ns, 10.0577 ns/op

// BeforeActualRun
WorkloadActual   1: 67108864 op, 674892500.00 ns, 10.0567 ns/op
WorkloadActual   2: 67108864 op, 673202600.00 ns, 10.0315 ns/op
WorkloadActual   3: 67108864 op, 672489600.00 ns, 10.0209 ns/op

// AfterActualRun
WorkloadResult   1: 67108864 op, 552174800.00 ns, 8.2280 ns/op
WorkloadResult   2: 67108864 op, 550484900.00 ns, 8.2029 ns/op
WorkloadResult   3: 67108864 op, 549771900.00 ns, 8.1922 ns/op
// GC:  0 0 0 0 67108864
// Threading:  0 0 67108864

// AfterAll
// Benchmark Process 20900 has exited with code 0.

Mean = 8.208 ns, StdErr = 0.011 ns (0.13%), N = 3, StdDev = 0.018 ns
Min = 8.192 ns, Q1 = 8.198 ns, Median = 8.203 ns, Q3 = 8.215 ns, Max = 8.228 ns
IQR = 0.018 ns, LowerFence = 8.171 ns, UpperFence = 8.242 ns
ConfidenceInterval = [7.872 ns; 8.543 ns] (CI 99.9%), Margin = 0.335 ns (4.09% of Mean)
Skewness = 0.25, Kurtosis = 0.67, MValue = 2

// ** Remained 32 (45.7%) benchmark(s) to run. Estimated finish 2026-03-22 17:23 (0h 5m from now) **
Setup power plan (GUID: 8c5e7fda-e8bf-4a96-9a85-a6e23a8c635c FriendlyName: High performance)
// **************************
// Benchmark: StringCopyToCharArrayBenchmarks.Buffer_MemoryCopy: ShortRun(Runtime=.NET 6.0, IterationCount=3, LaunchCount=1, WarmupCount=3) [source='"\\\0(...){]}\\ [512], destination=Char[528]]
// *** Execute ***
// Launch: 1 / 1
// Execute: dotnet ScrubJay.Text.Benchmarks-ShortRun-2.dll --anonymousPipes 3428 1412 --benchmarkName "ScrubJay.Text.Benchmarks.CopyTo.StringCopyToCharArrayBenchmarks.Buffer_MemoryCopy(source: \"'\\\"\\\0\a\b\f\n\r\t\v`~!@#$%^&*()-_=+[{]}\\|;:'\\\",<.>/?Sphinx of black quartz, judge my vow!'\\\"\\\0\a\b\f\n\r\t\v`~!@#$%^&*()-_=+[{]}\\|;:'\\\",<.>/?Sphinx of black quartz, judge my vow!'\\\"\\\0\a\b\f\n\r\t\v`~!@#$%^&*()-_=+[{]}\\|;:'\\\",<.>/?Sphinx of black quartz, judge my vow!'\\\"\\\0\a\b\f\n\r\t\v`~!@#$%^&*()-_=+[{]}\\|;:'\\\",<.>/?Sphinx of black quartz, judge my vow!'\\\"\\\0\a\b\f\n\r\t\v`~!@#$%^&*()-_=+[{]}\\|;:'\\\",<.>/?Sphinx of black quartz, judge my vow!'\\\"\\\0\a\b\f\n\r\t\v`~!@#$%^&*()-_=+[{]}\\|;:'\\\",<.>/?Sphinx of black quartz, judge my vow!'\\\"\\\0\a\b\f\n\r\t\v`~!@#$%^&*()-_=+[{]}\\\\\", destination: ['\0', '\0', '\0', '\0', '\0', ...])" --job ShortRun --benchmarkId 18 in C:\git\ScrubJay\ScrubJay.Text\benchmarks\bin\Release\net10.0\ScrubJay.Text.Benchmarks-ShortRun-2\bin\Release\net6.0
// BeforeAnythingElse

// Benchmark Process Environment Information:
// BenchmarkDotNet v0.15.8
// Runtime=.NET 6.0.36 (6.0.36, 6.0.3624.51421), X64 RyuJIT x86-64-v3
// GC=Concurrent Workstation
// HardwareIntrinsics=AVX2+BMI1+BMI2+F16C+FMA+LZCNT+MOVBE,AVX,SSE3+SSSE3+SSE4.1+SSE4.2+POPCNT,X86Base+SSE+SSE2,AES+PCLMUL VectorSize=256
// Job: ShortRun(IterationCount=3, LaunchCount=1, WarmupCount=3)

OverheadJitting  1: 1 op, 171900.00 ns, 171.9000 us/op
WorkloadJitting  1: 1 op, 509500.00 ns, 509.5000 us/op

OverheadJitting  2: 16 op, 265300.00 ns, 16.5813 us/op
WorkloadJitting  2: 16 op, 365900.00 ns, 22.8688 us/op

WorkloadPilot    1: 16 op, 2500.00 ns, 156.2500 ns/op
WorkloadPilot    2: 32 op, 4500.00 ns, 140.6250 ns/op
WorkloadPilot    3: 64 op, 4200.00 ns, 65.6250 ns/op
WorkloadPilot    4: 128 op, 24200.00 ns, 189.0625 ns/op
WorkloadPilot    5: 256 op, 9700.00 ns, 37.8906 ns/op
WorkloadPilot    6: 512 op, 31800.00 ns, 62.1094 ns/op
WorkloadPilot    7: 1024 op, 35700.00 ns, 34.8633 ns/op
WorkloadPilot    8: 2048 op, 71000.00 ns, 34.6680 ns/op
WorkloadPilot    9: 4096 op, 194200.00 ns, 47.4121 ns/op
WorkloadPilot   10: 8192 op, 310000.00 ns, 37.8418 ns/op
WorkloadPilot   11: 16384 op, 591400.00 ns, 36.0962 ns/op
WorkloadPilot   12: 32768 op, 1188400.00 ns, 36.2671 ns/op
WorkloadPilot   13: 65536 op, 2585300.00 ns, 39.4485 ns/op
WorkloadPilot   14: 131072 op, 4877900.00 ns, 37.2154 ns/op
WorkloadPilot   15: 262144 op, 9605800.00 ns, 36.6432 ns/op
WorkloadPilot   16: 524288 op, 19457900.00 ns, 37.1130 ns/op
WorkloadPilot   17: 1048576 op, 38992600.00 ns, 37.1862 ns/op
WorkloadPilot   18: 2097152 op, 74789100.00 ns, 35.6622 ns/op
WorkloadPilot   19: 4194304 op, 127435900.00 ns, 30.3831 ns/op
WorkloadPilot   20: 8388608 op, 235410900.00 ns, 28.0632 ns/op
WorkloadPilot   21: 16777216 op, 471790900.00 ns, 28.1209 ns/op
WorkloadPilot   22: 33554432 op, 948309900.00 ns, 28.2618 ns/op

OverheadWarmup   1: 33554432 op, 88575400.00 ns, 2.6398 ns/op
OverheadWarmup   2: 33554432 op, 87720600.00 ns, 2.6143 ns/op
OverheadWarmup   3: 33554432 op, 73434700.00 ns, 2.1885 ns/op
OverheadWarmup   4: 33554432 op, 61123000.00 ns, 1.8216 ns/op
OverheadWarmup   5: 33554432 op, 60431700.00 ns, 1.8010 ns/op
OverheadWarmup   6: 33554432 op, 62591500.00 ns, 1.8654 ns/op
OverheadWarmup   7: 33554432 op, 61154800.00 ns, 1.8226 ns/op
OverheadWarmup   8: 33554432 op, 60991900.00 ns, 1.8177 ns/op
OverheadWarmup   9: 33554432 op, 60876000.00 ns, 1.8142 ns/op
OverheadWarmup  10: 33554432 op, 61030800.00 ns, 1.8189 ns/op

OverheadActual   1: 33554432 op, 62222500.00 ns, 1.8544 ns/op
OverheadActual   2: 33554432 op, 60249400.00 ns, 1.7956 ns/op
OverheadActual   3: 33554432 op, 60851300.00 ns, 1.8135 ns/op
OverheadActual   4: 33554432 op, 61218400.00 ns, 1.8245 ns/op
OverheadActual   5: 33554432 op, 60262100.00 ns, 1.7960 ns/op
OverheadActual   6: 33554432 op, 61950800.00 ns, 1.8463 ns/op
OverheadActual   7: 33554432 op, 60340800.00 ns, 1.7983 ns/op
OverheadActual   8: 33554432 op, 61029000.00 ns, 1.8188 ns/op
OverheadActual   9: 33554432 op, 61455400.00 ns, 1.8315 ns/op
OverheadActual  10: 33554432 op, 61303200.00 ns, 1.8270 ns/op
OverheadActual  11: 33554432 op, 61965200.00 ns, 1.8467 ns/op
OverheadActual  12: 33554432 op, 60976000.00 ns, 1.8172 ns/op
OverheadActual  13: 33554432 op, 60699900.00 ns, 1.8090 ns/op
OverheadActual  14: 33554432 op, 60777400.00 ns, 1.8113 ns/op
OverheadActual  15: 33554432 op, 60827600.00 ns, 1.8128 ns/op

WorkloadWarmup   1: 33554432 op, 938023500.00 ns, 27.9553 ns/op
WorkloadWarmup   2: 33554432 op, 942425700.00 ns, 28.0865 ns/op
WorkloadWarmup   3: 33554432 op, 941774000.00 ns, 28.0671 ns/op

// BeforeActualRun
WorkloadActual   1: 33554432 op, 940295900.00 ns, 28.0230 ns/op
WorkloadActual   2: 33554432 op, 943181500.00 ns, 28.1090 ns/op
WorkloadActual   3: 33554432 op, 951135000.00 ns, 28.3460 ns/op

// AfterActualRun
WorkloadResult   1: 33554432 op, 879319900.00 ns, 26.2058 ns/op
WorkloadResult   2: 33554432 op, 882205500.00 ns, 26.2918 ns/op
WorkloadResult   3: 33554432 op, 890159000.00 ns, 26.5288 ns/op
// GC:  0 0 0 0 33554432
// Threading:  0 0 33554432

// AfterAll
// Benchmark Process 22780 has exited with code 0.

Mean = 26.342 ns, StdErr = 0.097 ns (0.37%), N = 3, StdDev = 0.167 ns
Min = 26.206 ns, Q1 = 26.249 ns, Median = 26.292 ns, Q3 = 26.410 ns, Max = 26.529 ns
IQR = 0.162 ns, LowerFence = 26.007 ns, UpperFence = 26.653 ns
ConfidenceInterval = [23.290 ns; 29.394 ns] (CI 99.9%), Margin = 3.052 ns (11.59% of Mean)
Skewness = 0.27, Kurtosis = 0.67, MValue = 2

// ** Remained 31 (44.3%) benchmark(s) to run. Estimated finish 2026-03-22 17:23 (0h 5m from now) **
Setup power plan (GUID: 8c5e7fda-e8bf-4a96-9a85-a6e23a8c635c FriendlyName: High performance)
// **************************
// Benchmark: StringCopyToCharArrayBenchmarks.Buffer_MemoryCopy: ShortRun(Runtime=.NET 6.0, IterationCount=3, LaunchCount=1, WarmupCount=3) [source='"\\\0(...)~!@# [4096], destination=Char[4112]]
// *** Execute ***
// Launch: 1 / 1
// Execute: dotnet ScrubJay.Text.Benchmarks-ShortRun-2.dll --anonymousPipes 2868 1728 --benchmarkName StringCopyToCharArrayBenchmarks.Buffer_MemoryCopy(paramsHash_3406274775) --job ShortRun --benchmarkId 19 in C:\git\ScrubJay\ScrubJay.Text\benchmarks\bin\Release\net10.0\ScrubJay.Text.Benchmarks-ShortRun-2\bin\Release\net6.0
// BeforeAnythingElse

// Benchmark Process Environment Information:
// BenchmarkDotNet v0.15.8
// Runtime=.NET 6.0.36 (6.0.36, 6.0.3624.51421), X64 RyuJIT x86-64-v3
// GC=Concurrent Workstation
// HardwareIntrinsics=AVX2+BMI1+BMI2+F16C+FMA+LZCNT+MOVBE,AVX,SSE3+SSSE3+SSE4.1+SSE4.2+POPCNT,X86Base+SSE+SSE2,AES+PCLMUL VectorSize=256
// Job: ShortRun(IterationCount=3, LaunchCount=1, WarmupCount=3)

OverheadJitting  1: 1 op, 157000.00 ns, 157.0000 us/op
WorkloadJitting  1: 1 op, 487100.00 ns, 487.1000 us/op

OverheadJitting  2: 16 op, 285500.00 ns, 17.8438 us/op
WorkloadJitting  2: 16 op, 314600.00 ns, 19.6625 us/op

WorkloadPilot    1: 16 op, 4900.00 ns, 306.2500 ns/op
WorkloadPilot    2: 32 op, 11000.00 ns, 343.7500 ns/op
WorkloadPilot    3: 64 op, 14300.00 ns, 223.4375 ns/op
WorkloadPilot    4: 128 op, 16600.00 ns, 129.6875 ns/op
WorkloadPilot    5: 256 op, 46300.00 ns, 180.8594 ns/op
WorkloadPilot    6: 512 op, 87700.00 ns, 171.2891 ns/op
WorkloadPilot    7: 1024 op, 110200.00 ns, 107.6172 ns/op
WorkloadPilot    8: 2048 op, 330600.00 ns, 161.4258 ns/op
WorkloadPilot    9: 4096 op, 478700.00 ns, 116.8701 ns/op
WorkloadPilot   10: 8192 op, 952100.00 ns, 116.2231 ns/op
WorkloadPilot   11: 16384 op, 1903400.00 ns, 116.1743 ns/op
WorkloadPilot   12: 32768 op, 3690300.00 ns, 112.6190 ns/op
WorkloadPilot   13: 65536 op, 7255400.00 ns, 110.7086 ns/op
WorkloadPilot   14: 131072 op, 14748700.00 ns, 112.5237 ns/op
WorkloadPilot   15: 262144 op, 28830100.00 ns, 109.9781 ns/op
WorkloadPilot   16: 524288 op, 58013900.00 ns, 110.6527 ns/op
WorkloadPilot   17: 1048576 op, 109080200.00 ns, 104.0270 ns/op
WorkloadPilot   18: 2097152 op, 194403300.00 ns, 92.6987 ns/op
WorkloadPilot   19: 4194304 op, 389356100.00 ns, 92.8297 ns/op
WorkloadPilot   20: 8388608 op, 780447000.00 ns, 93.0365 ns/op

OverheadWarmup   1: 8388608 op, 22728400.00 ns, 2.7094 ns/op
OverheadWarmup   2: 8388608 op, 22303000.00 ns, 2.6587 ns/op
OverheadWarmup   3: 8388608 op, 21747200.00 ns, 2.5925 ns/op
OverheadWarmup   4: 8388608 op, 21986700.00 ns, 2.6210 ns/op
OverheadWarmup   5: 8388608 op, 22680200.00 ns, 2.7037 ns/op
OverheadWarmup   6: 8388608 op, 21731600.00 ns, 2.5906 ns/op
OverheadWarmup   7: 8388608 op, 22230100.00 ns, 2.6500 ns/op
OverheadWarmup   8: 8388608 op, 21625500.00 ns, 2.5780 ns/op

OverheadActual   1: 8388608 op, 22014800.00 ns, 2.6244 ns/op
OverheadActual   2: 8388608 op, 21690000.00 ns, 2.5856 ns/op
OverheadActual   3: 8388608 op, 21708200.00 ns, 2.5878 ns/op
OverheadActual   4: 8388608 op, 24711100.00 ns, 2.9458 ns/op
OverheadActual   5: 8388608 op, 21953000.00 ns, 2.6170 ns/op
OverheadActual   6: 8388608 op, 22744300.00 ns, 2.7113 ns/op
OverheadActual   7: 8388608 op, 22267000.00 ns, 2.6544 ns/op
OverheadActual   8: 8388608 op, 22557200.00 ns, 2.6890 ns/op
OverheadActual   9: 8388608 op, 21996800.00 ns, 2.6222 ns/op
OverheadActual  10: 8388608 op, 22529000.00 ns, 2.6857 ns/op
OverheadActual  11: 8388608 op, 19915300.00 ns, 2.3741 ns/op
OverheadActual  12: 8388608 op, 15700900.00 ns, 1.8717 ns/op
OverheadActual  13: 8388608 op, 15249500.00 ns, 1.8179 ns/op
OverheadActual  14: 8388608 op, 15683700.00 ns, 1.8696 ns/op
OverheadActual  15: 8388608 op, 15916900.00 ns, 1.8974 ns/op
OverheadActual  16: 8388608 op, 15723200.00 ns, 1.8744 ns/op
OverheadActual  17: 8388608 op, 15282500.00 ns, 1.8218 ns/op
OverheadActual  18: 8388608 op, 15860000.00 ns, 1.8907 ns/op
OverheadActual  19: 8388608 op, 15398800.00 ns, 1.8357 ns/op
OverheadActual  20: 8388608 op, 23521900.00 ns, 2.8040 ns/op

WorkloadWarmup   1: 8388608 op, 805243400.00 ns, 95.9925 ns/op
WorkloadWarmup   2: 8388608 op, 785029000.00 ns, 93.5827 ns/op
WorkloadWarmup   3: 8388608 op, 776529700.00 ns, 92.5696 ns/op

// BeforeActualRun
WorkloadActual   1: 8388608 op, 779388500.00 ns, 92.9103 ns/op
WorkloadActual   2: 8388608 op, 779545200.00 ns, 92.9290 ns/op
WorkloadActual   3: 8388608 op, 777249700.00 ns, 92.6554 ns/op

// AfterActualRun
WorkloadResult   1: 8388608 op, 757689400.00 ns, 90.3236 ns/op
WorkloadResult   2: 8388608 op, 757846100.00 ns, 90.3423 ns/op
WorkloadResult   3: 8388608 op, 755550600.00 ns, 90.0687 ns/op
// GC:  0 0 0 0 8388608
// Threading:  0 0 8388608

// AfterAll
// Benchmark Process 19064 has exited with code 0.

Mean = 90.245 ns, StdErr = 0.088 ns (0.10%), N = 3, StdDev = 0.153 ns
Min = 90.069 ns, Q1 = 90.196 ns, Median = 90.324 ns, Q3 = 90.333 ns, Max = 90.342 ns
IQR = 0.137 ns, LowerFence = 89.991 ns, UpperFence = 90.538 ns
ConfidenceInterval = [87.456 ns; 93.034 ns] (CI 99.9%), Margin = 2.789 ns (3.09% of Mean)
Skewness = -0.38, Kurtosis = 0.67, MValue = 2

// ** Remained 30 (42.9%) benchmark(s) to run. Estimated finish 2026-03-22 17:23 (0h 5m from now) **
Setup power plan (GUID: 8c5e7fda-e8bf-4a96-9a85-a6e23a8c635c FriendlyName: High performance)
// **************************
// Benchmark: StringCopyToCharArrayBenchmarks.Unsafe_CopyBlock: ShortRun(Runtime=.NET 10.0, IterationCount=3, LaunchCount=1, WarmupCount=3) [source=,, destination=Char[17]]
// *** Execute ***
// Launch: 1 / 1
// Execute: dotnet ScrubJay.Text.Benchmarks-ShortRun-1.dll --anonymousPipes 2420 1768 --benchmarkName "ScrubJay.Text.Benchmarks.CopyTo.StringCopyToCharArrayBenchmarks.Unsafe_CopyBlock(source: \",\", destination: ['\0', '\0', '\0', '\0', '\0', ...])" --job ShortRun --benchmarkId 20 in C:\git\ScrubJay\ScrubJay.Text\benchmarks\bin\Release\net10.0\ScrubJay.Text.Benchmarks-ShortRun-1\bin\Release\net10.0
// BeforeAnythingElse

// Benchmark Process Environment Information:
// BenchmarkDotNet v0.15.8
// Runtime=.NET 10.0.4 (10.0.4, 10.0.426.12010), X64 RyuJIT x86-64-v3
// GC=Concurrent Workstation
// HardwareIntrinsics=AVX2+BMI1+BMI2+F16C+FMA+LZCNT+MOVBE,AVX,SSE3+SSSE3+SSE4.1+SSE4.2+POPCNT,X86Base+SSE+SSE2,AES+PCLMUL VectorSize=256
// Job: ShortRun(IterationCount=3, LaunchCount=1, WarmupCount=3)

OverheadJitting  1: 1 op, 245300.00 ns, 245.3000 us/op
WorkloadJitting  1: 1 op, 444400.00 ns, 444.4000 us/op

OverheadJitting  2: 16 op, 316500.00 ns, 19.7813 us/op
WorkloadJitting  2: 16 op, 393900.00 ns, 24.6188 us/op

WorkloadPilot    1: 16 op, 1600.00 ns, 100.0000 ns/op
WorkloadPilot    2: 32 op, 1600.00 ns, 50.0000 ns/op
WorkloadPilot    3: 64 op, 2000.00 ns, 31.2500 ns/op
WorkloadPilot    4: 128 op, 22600.00 ns, 176.5625 ns/op
WorkloadPilot    5: 256 op, 6200.00 ns, 24.2188 ns/op
WorkloadPilot    6: 512 op, 21300.00 ns, 41.6016 ns/op
WorkloadPilot    7: 1024 op, 16900.00 ns, 16.5039 ns/op
WorkloadPilot    8: 2048 op, 37500.00 ns, 18.3105 ns/op
WorkloadPilot    9: 4096 op, 65600.00 ns, 16.0156 ns/op
WorkloadPilot   10: 8192 op, 152700.00 ns, 18.6401 ns/op
WorkloadPilot   11: 16384 op, 285700.00 ns, 17.4377 ns/op
WorkloadPilot   12: 32768 op, 525200.00 ns, 16.0278 ns/op
WorkloadPilot   13: 65536 op, 1051600.00 ns, 16.0461 ns/op
WorkloadPilot   14: 131072 op, 2100900.00 ns, 16.0286 ns/op
WorkloadPilot   15: 262144 op, 4490500.00 ns, 17.1299 ns/op
WorkloadPilot   16: 524288 op, 8402600.00 ns, 16.0267 ns/op
WorkloadPilot   17: 1048576 op, 17309400.00 ns, 16.5075 ns/op
WorkloadPilot   18: 2097152 op, 34318700.00 ns, 16.3644 ns/op
WorkloadPilot   19: 4194304 op, 68472100.00 ns, 16.3250 ns/op
WorkloadPilot   20: 8388608 op, 77275300.00 ns, 9.2119 ns/op
WorkloadPilot   21: 16777216 op, 130115900.00 ns, 7.7555 ns/op
WorkloadPilot   22: 33554432 op, 259079300.00 ns, 7.7212 ns/op
WorkloadPilot   23: 67108864 op, 516784500.00 ns, 7.7007 ns/op

OverheadWarmup   1: 67108864 op, 170992600.00 ns, 2.5480 ns/op
OverheadWarmup   2: 67108864 op, 142585600.00 ns, 2.1247 ns/op
OverheadWarmup   3: 67108864 op, 128693100.00 ns, 1.9177 ns/op
OverheadWarmup   4: 67108864 op, 127912900.00 ns, 1.9061 ns/op
OverheadWarmup   5: 67108864 op, 129933700.00 ns, 1.9362 ns/op
OverheadWarmup   6: 67108864 op, 129480900.00 ns, 1.9294 ns/op
OverheadWarmup   7: 67108864 op, 129358300.00 ns, 1.9276 ns/op
OverheadWarmup   8: 67108864 op, 128595700.00 ns, 1.9162 ns/op
OverheadWarmup   9: 67108864 op, 136646000.00 ns, 2.0362 ns/op
OverheadWarmup  10: 67108864 op, 128945200.00 ns, 1.9214 ns/op

OverheadActual   1: 67108864 op, 127092400.00 ns, 1.8938 ns/op
OverheadActual   2: 67108864 op, 126164400.00 ns, 1.8800 ns/op
OverheadActual   3: 67108864 op, 126821700.00 ns, 1.8898 ns/op
OverheadActual   4: 67108864 op, 130372800.00 ns, 1.9427 ns/op
OverheadActual   5: 67108864 op, 127600400.00 ns, 1.9014 ns/op
OverheadActual   6: 67108864 op, 129169000.00 ns, 1.9248 ns/op
OverheadActual   7: 67108864 op, 127409000.00 ns, 1.8985 ns/op
OverheadActual   8: 67108864 op, 130574300.00 ns, 1.9457 ns/op
OverheadActual   9: 67108864 op, 127047600.00 ns, 1.8932 ns/op
OverheadActual  10: 67108864 op, 126940400.00 ns, 1.8916 ns/op
OverheadActual  11: 67108864 op, 127112400.00 ns, 1.8941 ns/op
OverheadActual  12: 67108864 op, 129883000.00 ns, 1.9354 ns/op
OverheadActual  13: 67108864 op, 128182800.00 ns, 1.9101 ns/op
OverheadActual  14: 67108864 op, 128528700.00 ns, 1.9152 ns/op
OverheadActual  15: 67108864 op, 128853300.00 ns, 1.9201 ns/op

WorkloadWarmup   1: 67108864 op, 514516000.00 ns, 7.6669 ns/op
WorkloadWarmup   2: 67108864 op, 516646900.00 ns, 7.6986 ns/op
WorkloadWarmup   3: 67108864 op, 514404300.00 ns, 7.6652 ns/op

// BeforeActualRun
WorkloadActual   1: 67108864 op, 519706200.00 ns, 7.7442 ns/op
WorkloadActual   2: 67108864 op, 513821600.00 ns, 7.6565 ns/op
WorkloadActual   3: 67108864 op, 515841800.00 ns, 7.6866 ns/op

// AfterActualRun
WorkloadResult   1: 67108864 op, 392105800.00 ns, 5.8428 ns/op
WorkloadResult   2: 67108864 op, 386221200.00 ns, 5.7551 ns/op
WorkloadResult   3: 67108864 op, 388241400.00 ns, 5.7852 ns/op
// GC:  0 0 0 0 67108864
// Threading:  0 0 67108864

// AfterAll
// Benchmark Process 23396 has exited with code 0.

Mean = 5.794 ns, StdErr = 0.026 ns (0.44%), N = 3, StdDev = 0.045 ns
Min = 5.755 ns, Q1 = 5.770 ns, Median = 5.785 ns, Q3 = 5.814 ns, Max = 5.843 ns
IQR = 0.044 ns, LowerFence = 5.704 ns, UpperFence = 5.880 ns
ConfidenceInterval = [4.982 ns; 6.607 ns] (CI 99.9%), Margin = 0.813 ns (14.03% of Mean)
Skewness = 0.2, Kurtosis = 0.67, MValue = 2

// ** Remained 29 (41.4%) benchmark(s) to run. Estimated finish 2026-03-22 17:23 (0h 4m from now) **
Setup power plan (GUID: 8c5e7fda-e8bf-4a96-9a85-a6e23a8c635c FriendlyName: High performance)
// **************************
// Benchmark: StringCopyToCharArrayBenchmarks.Unsafe_CopyBlock: ShortRun(Runtime=.NET 10.0, IterationCount=3, LaunchCount=1, WarmupCount=3) [source=\r\n, destination=Char[18]]
// *** Execute ***
// Launch: 1 / 1
// Execute: dotnet ScrubJay.Text.Benchmarks-ShortRun-1.dll --anonymousPipes 2432 1436 --benchmarkName "ScrubJay.Text.Benchmarks.CopyTo.StringCopyToCharArrayBenchmarks.Unsafe_CopyBlock(source: \"\r\n\", destination: ['\0', '\0', '\0', '\0', '\0', ...])" --job ShortRun --benchmarkId 21 in C:\git\ScrubJay\ScrubJay.Text\benchmarks\bin\Release\net10.0\ScrubJay.Text.Benchmarks-ShortRun-1\bin\Release\net10.0
// BeforeAnythingElse

// Benchmark Process Environment Information:
// BenchmarkDotNet v0.15.8
// Runtime=.NET 10.0.4 (10.0.4, 10.0.426.12010), X64 RyuJIT x86-64-v3
// GC=Concurrent Workstation
// HardwareIntrinsics=AVX2+BMI1+BMI2+F16C+FMA+LZCNT+MOVBE,AVX,SSE3+SSSE3+SSE4.1+SSE4.2+POPCNT,X86Base+SSE+SSE2,AES+PCLMUL VectorSize=256
// Job: ShortRun(IterationCount=3, LaunchCount=1, WarmupCount=3)

OverheadJitting  1: 1 op, 212800.00 ns, 212.8000 us/op
WorkloadJitting  1: 1 op, 440400.00 ns, 440.4000 us/op

OverheadJitting  2: 16 op, 295800.00 ns, 18.4875 us/op
WorkloadJitting  2: 16 op, 458800.00 ns, 28.6750 us/op

WorkloadPilot    1: 16 op, 1700.00 ns, 106.2500 ns/op
WorkloadPilot    2: 32 op, 1600.00 ns, 50.0000 ns/op
WorkloadPilot    3: 64 op, 2000.00 ns, 31.2500 ns/op
WorkloadPilot    4: 128 op, 2900.00 ns, 22.6563 ns/op
WorkloadPilot    5: 256 op, 4900.00 ns, 19.1406 ns/op
WorkloadPilot    6: 512 op, 8800.00 ns, 17.1875 ns/op
WorkloadPilot    7: 1024 op, 16600.00 ns, 16.2109 ns/op
WorkloadPilot    8: 2048 op, 45400.00 ns, 22.1680 ns/op
WorkloadPilot    9: 4096 op, 63800.00 ns, 15.5762 ns/op
WorkloadPilot   10: 8192 op, 150800.00 ns, 18.4082 ns/op
WorkloadPilot   11: 16384 op, 252100.00 ns, 15.3870 ns/op
WorkloadPilot   12: 32768 op, 523000.00 ns, 15.9607 ns/op
WorkloadPilot   13: 65536 op, 1017900.00 ns, 15.5319 ns/op
WorkloadPilot   14: 131072 op, 2059800.00 ns, 15.7150 ns/op
WorkloadPilot   15: 262144 op, 4032200.00 ns, 15.3816 ns/op
WorkloadPilot   16: 524288 op, 8181700.00 ns, 15.6054 ns/op
WorkloadPilot   17: 1048576 op, 16216200.00 ns, 15.4650 ns/op
WorkloadPilot   18: 2097152 op, 33352000.00 ns, 15.9035 ns/op
WorkloadPilot   19: 4194304 op, 65023800.00 ns, 15.5029 ns/op
WorkloadPilot   20: 8388608 op, 131164200.00 ns, 15.6360 ns/op
WorkloadPilot   21: 16777216 op, 138319200.00 ns, 8.2445 ns/op
WorkloadPilot   22: 33554432 op, 253361300.00 ns, 7.5508 ns/op
WorkloadPilot   23: 67108864 op, 504635000.00 ns, 7.5196 ns/op

OverheadWarmup   1: 67108864 op, 168929700.00 ns, 2.5172 ns/op
OverheadWarmup   2: 67108864 op, 138849500.00 ns, 2.0690 ns/op
OverheadWarmup   3: 67108864 op, 132674300.00 ns, 1.9770 ns/op
OverheadWarmup   4: 67108864 op, 128018100.00 ns, 1.9076 ns/op
OverheadWarmup   5: 67108864 op, 129802800.00 ns, 1.9342 ns/op
OverheadWarmup   6: 67108864 op, 129198800.00 ns, 1.9252 ns/op
OverheadWarmup   7: 67108864 op, 127870600.00 ns, 1.9054 ns/op
OverheadWarmup   8: 67108864 op, 130916000.00 ns, 1.9508 ns/op
OverheadWarmup   9: 67108864 op, 135076000.00 ns, 2.0128 ns/op
OverheadWarmup  10: 67108864 op, 132800400.00 ns, 1.9789 ns/op

OverheadActual   1: 67108864 op, 128497700.00 ns, 1.9148 ns/op
OverheadActual   2: 67108864 op, 128662900.00 ns, 1.9172 ns/op
OverheadActual   3: 67108864 op, 129390400.00 ns, 1.9281 ns/op
OverheadActual   4: 67108864 op, 130470400.00 ns, 1.9442 ns/op
OverheadActual   5: 67108864 op, 126268900.00 ns, 1.8816 ns/op
OverheadActual   6: 67108864 op, 127571300.00 ns, 1.9010 ns/op
OverheadActual   7: 67108864 op, 129015800.00 ns, 1.9225 ns/op
OverheadActual   8: 67108864 op, 128149800.00 ns, 1.9096 ns/op
OverheadActual   9: 67108864 op, 129413400.00 ns, 1.9284 ns/op
OverheadActual  10: 67108864 op, 127814700.00 ns, 1.9046 ns/op
OverheadActual  11: 67108864 op, 128493400.00 ns, 1.9147 ns/op
OverheadActual  12: 67108864 op, 129561700.00 ns, 1.9306 ns/op
OverheadActual  13: 67108864 op, 129177700.00 ns, 1.9249 ns/op
OverheadActual  14: 67108864 op, 128948200.00 ns, 1.9215 ns/op
OverheadActual  15: 67108864 op, 127813200.00 ns, 1.9046 ns/op

WorkloadWarmup   1: 67108864 op, 505996200.00 ns, 7.5399 ns/op
WorkloadWarmup   2: 67108864 op, 503313400.00 ns, 7.5000 ns/op
WorkloadWarmup   3: 67108864 op, 508284200.00 ns, 7.5740 ns/op

// BeforeActualRun
WorkloadActual   1: 67108864 op, 507184400.00 ns, 7.5576 ns/op
WorkloadActual   2: 67108864 op, 512733500.00 ns, 7.6403 ns/op
WorkloadActual   3: 67108864 op, 506824300.00 ns, 7.5523 ns/op

// AfterActualRun
WorkloadResult   1: 67108864 op, 378521500.00 ns, 5.6404 ns/op
WorkloadResult   2: 67108864 op, 384070600.00 ns, 5.7231 ns/op
WorkloadResult   3: 67108864 op, 378161400.00 ns, 5.6350 ns/op
// GC:  0 0 0 0 67108864
// Threading:  0 0 67108864

// AfterAll
// Benchmark Process 21244 has exited with code 0.

Mean = 5.666 ns, StdErr = 0.028 ns (0.50%), N = 3, StdDev = 0.049 ns
Min = 5.635 ns, Q1 = 5.638 ns, Median = 5.640 ns, Q3 = 5.682 ns, Max = 5.723 ns
IQR = 0.044 ns, LowerFence = 5.572 ns, UpperFence = 5.748 ns
ConfidenceInterval = [4.766 ns; 6.567 ns] (CI 99.9%), Margin = 0.901 ns (15.89% of Mean)
Skewness = 0.38, Kurtosis = 0.67, MValue = 2

// ** Remained 28 (40.0%) benchmark(s) to run. Estimated finish 2026-03-22 17:23 (0h 4m from now) **
Setup power plan (GUID: 8c5e7fda-e8bf-4a96-9a85-a6e23a8c635c FriendlyName: High performance)
// **************************
// Benchmark: StringCopyToCharArrayBenchmarks.Unsafe_CopyBlock: ShortRun(Runtime=.NET 10.0, IterationCount=3, LaunchCount=1, WarmupCount=3) [source=Sphin(...) vow! [37], destination=Char[53]]
// *** Execute ***
// Launch: 1 / 1
// Execute: dotnet ScrubJay.Text.Benchmarks-ShortRun-1.dll --anonymousPipes 2176 2424 --benchmarkName "ScrubJay.Text.Benchmarks.CopyTo.StringCopyToCharArrayBenchmarks.Unsafe_CopyBlock(source: \"Sphinx of black quartz, judge my vow!\", destination: ['\0', '\0', '\0', '\0', '\0', ...])" --job ShortRun --benchmarkId 22 in C:\git\ScrubJay\ScrubJay.Text\benchmarks\bin\Release\net10.0\ScrubJay.Text.Benchmarks-ShortRun-1\bin\Release\net10.0
// BeforeAnythingElse

// Benchmark Process Environment Information:
// BenchmarkDotNet v0.15.8
// Runtime=.NET 10.0.4 (10.0.4, 10.0.426.12010), X64 RyuJIT x86-64-v3
// GC=Concurrent Workstation
// HardwareIntrinsics=AVX2+BMI1+BMI2+F16C+FMA+LZCNT+MOVBE,AVX,SSE3+SSSE3+SSE4.1+SSE4.2+POPCNT,X86Base+SSE+SSE2,AES+PCLMUL VectorSize=256
// Job: ShortRun(IterationCount=3, LaunchCount=1, WarmupCount=3)

OverheadJitting  1: 1 op, 215100.00 ns, 215.1000 us/op
WorkloadJitting  1: 1 op, 497600.00 ns, 497.6000 us/op

OverheadJitting  2: 16 op, 318100.00 ns, 19.8813 us/op
WorkloadJitting  2: 16 op, 432800.00 ns, 27.0500 us/op

WorkloadPilot    1: 16 op, 2000.00 ns, 125.0000 ns/op
WorkloadPilot    2: 32 op, 2000.00 ns, 62.5000 ns/op
WorkloadPilot    3: 64 op, 2300.00 ns, 35.9375 ns/op
WorkloadPilot    4: 128 op, 4900.00 ns, 38.2813 ns/op
WorkloadPilot    5: 256 op, 5400.00 ns, 21.0938 ns/op
WorkloadPilot    6: 512 op, 16100.00 ns, 31.4453 ns/op
WorkloadPilot    7: 1024 op, 30300.00 ns, 29.5898 ns/op
WorkloadPilot    8: 2048 op, 83500.00 ns, 40.7715 ns/op
WorkloadPilot    9: 4096 op, 116700.00 ns, 28.4912 ns/op
WorkloadPilot   10: 8192 op, 234300.00 ns, 28.6011 ns/op
WorkloadPilot   11: 16384 op, 340700.00 ns, 20.7947 ns/op
WorkloadPilot   12: 32768 op, 626800.00 ns, 19.1284 ns/op
WorkloadPilot   13: 65536 op, 1165900.00 ns, 17.7902 ns/op
WorkloadPilot   14: 131072 op, 2174600.00 ns, 16.5909 ns/op
WorkloadPilot   15: 262144 op, 4365300.00 ns, 16.6523 ns/op
WorkloadPilot   16: 524288 op, 9013400.00 ns, 17.1917 ns/op
WorkloadPilot   17: 1048576 op, 17479400.00 ns, 16.6697 ns/op
WorkloadPilot   18: 2097152 op, 34482600.00 ns, 16.4426 ns/op
WorkloadPilot   19: 4194304 op, 70882400.00 ns, 16.8997 ns/op
WorkloadPilot   20: 8388608 op, 93772000.00 ns, 11.1785 ns/op
WorkloadPilot   21: 16777216 op, 157945700.00 ns, 9.4143 ns/op
WorkloadPilot   22: 33554432 op, 315680000.00 ns, 9.4080 ns/op
WorkloadPilot   23: 67108864 op, 622562200.00 ns, 9.2769 ns/op

OverheadWarmup   1: 67108864 op, 169208600.00 ns, 2.5214 ns/op
OverheadWarmup   2: 67108864 op, 164562200.00 ns, 2.4522 ns/op
OverheadWarmup   3: 67108864 op, 130212100.00 ns, 1.9403 ns/op
OverheadWarmup   4: 67108864 op, 135560300.00 ns, 2.0200 ns/op
OverheadWarmup   5: 67108864 op, 128610900.00 ns, 1.9165 ns/op
OverheadWarmup   6: 67108864 op, 129299500.00 ns, 1.9267 ns/op
OverheadWarmup   7: 67108864 op, 127920900.00 ns, 1.9062 ns/op

OverheadActual   1: 67108864 op, 130101100.00 ns, 1.9387 ns/op
OverheadActual   2: 67108864 op, 127210600.00 ns, 1.8956 ns/op
OverheadActual   3: 67108864 op, 129573000.00 ns, 1.9308 ns/op
OverheadActual   4: 67108864 op, 127640400.00 ns, 1.9020 ns/op
OverheadActual   5: 67108864 op, 129860300.00 ns, 1.9351 ns/op
OverheadActual   6: 67108864 op, 128894800.00 ns, 1.9207 ns/op
OverheadActual   7: 67108864 op, 128869500.00 ns, 1.9203 ns/op
OverheadActual   8: 67108864 op, 129829700.00 ns, 1.9346 ns/op
OverheadActual   9: 67108864 op, 128234600.00 ns, 1.9108 ns/op
OverheadActual  10: 67108864 op, 129796300.00 ns, 1.9341 ns/op
OverheadActual  11: 67108864 op, 127719200.00 ns, 1.9032 ns/op
OverheadActual  12: 67108864 op, 126189600.00 ns, 1.8804 ns/op
OverheadActual  13: 67108864 op, 128509800.00 ns, 1.9149 ns/op
OverheadActual  14: 67108864 op, 129222800.00 ns, 1.9256 ns/op
OverheadActual  15: 67108864 op, 127678000.00 ns, 1.9026 ns/op

WorkloadWarmup   1: 67108864 op, 626691500.00 ns, 9.3384 ns/op
WorkloadWarmup   2: 67108864 op, 625628300.00 ns, 9.3226 ns/op
WorkloadWarmup   3: 67108864 op, 625614500.00 ns, 9.3224 ns/op

// BeforeActualRun
WorkloadActual   1: 67108864 op, 627883700.00 ns, 9.3562 ns/op
WorkloadActual   2: 67108864 op, 620890600.00 ns, 9.2520 ns/op
WorkloadActual   3: 67108864 op, 627176100.00 ns, 9.3457 ns/op

// AfterActualRun
WorkloadResult   1: 67108864 op, 499014200.00 ns, 7.4359 ns/op
WorkloadResult   2: 67108864 op, 492021100.00 ns, 7.3317 ns/op
WorkloadResult   3: 67108864 op, 498306600.00 ns, 7.4253 ns/op
// GC:  0 0 0 0 67108864
// Threading:  0 0 67108864

// AfterAll
// Benchmark Process 10600 has exited with code 0.

Mean = 7.398 ns, StdErr = 0.033 ns (0.45%), N = 3, StdDev = 0.057 ns
Min = 7.332 ns, Q1 = 7.379 ns, Median = 7.425 ns, Q3 = 7.431 ns, Max = 7.436 ns
IQR = 0.052 ns, LowerFence = 7.300 ns, UpperFence = 7.509 ns
ConfidenceInterval = [6.351 ns; 8.444 ns] (CI 99.9%), Margin = 1.046 ns (14.15% of Mean)
Skewness = -0.37, Kurtosis = 0.67, MValue = 2

// ** Remained 27 (38.6%) benchmark(s) to run. Estimated finish 2026-03-22 17:23 (0h 4m from now) **
Setup power plan (GUID: 8c5e7fda-e8bf-4a96-9a85-a6e23a8c635c FriendlyName: High performance)
// **************************
// Benchmark: StringCopyToCharArrayBenchmarks.Unsafe_CopyBlock: ShortRun(Runtime=.NET 10.0, IterationCount=3, LaunchCount=1, WarmupCount=3) [source='"\\\0(...){]}\\ [512], destination=Char[528]]
// *** Execute ***
// Launch: 1 / 1
// Execute: dotnet ScrubJay.Text.Benchmarks-ShortRun-1.dll --anonymousPipes 3372 2184 --benchmarkName "ScrubJay.Text.Benchmarks.CopyTo.StringCopyToCharArrayBenchmarks.Unsafe_CopyBlock(source: \"'\\\"\\\0\a\b\f\n\r\t\v`~!@#$%^&*()-_=+[{]}\\|;:'\\\",<.>/?Sphinx of black quartz, judge my vow!'\\\"\\\0\a\b\f\n\r\t\v`~!@#$%^&*()-_=+[{]}\\|;:'\\\",<.>/?Sphinx of black quartz, judge my vow!'\\\"\\\0\a\b\f\n\r\t\v`~!@#$%^&*()-_=+[{]}\\|;:'\\\",<.>/?Sphinx of black quartz, judge my vow!'\\\"\\\0\a\b\f\n\r\t\v`~!@#$%^&*()-_=+[{]}\\|;:'\\\",<.>/?Sphinx of black quartz, judge my vow!'\\\"\\\0\a\b\f\n\r\t\v`~!@#$%^&*()-_=+[{]}\\|;:'\\\",<.>/?Sphinx of black quartz, judge my vow!'\\\"\\\0\a\b\f\n\r\t\v`~!@#$%^&*()-_=+[{]}\\|;:'\\\",<.>/?Sphinx of black quartz, judge my vow!'\\\"\\\0\a\b\f\n\r\t\v`~!@#$%^&*()-_=+[{]}\\\\\", destination: ['\0', '\0', '\0', '\0', '\0', ...])" --job ShortRun --benchmarkId 23 in C:\git\ScrubJay\ScrubJay.Text\benchmarks\bin\Release\net10.0\ScrubJay.Text.Benchmarks-ShortRun-1\bin\Release\net10.0
// BeforeAnythingElse

// Benchmark Process Environment Information:
// BenchmarkDotNet v0.15.8
// Runtime=.NET 10.0.4 (10.0.4, 10.0.426.12010), X64 RyuJIT x86-64-v3
// GC=Concurrent Workstation
// HardwareIntrinsics=AVX2+BMI1+BMI2+F16C+FMA+LZCNT+MOVBE,AVX,SSE3+SSSE3+SSE4.1+SSE4.2+POPCNT,X86Base+SSE+SSE2,AES+PCLMUL VectorSize=256
// Job: ShortRun(IterationCount=3, LaunchCount=1, WarmupCount=3)

OverheadJitting  1: 1 op, 215900.00 ns, 215.9000 us/op
WorkloadJitting  1: 1 op, 434200.00 ns, 434.2000 us/op

OverheadJitting  2: 16 op, 269500.00 ns, 16.8438 us/op
WorkloadJitting  2: 16 op, 369700.00 ns, 23.1063 us/op

WorkloadPilot    1: 16 op, 2600.00 ns, 162.5000 ns/op
WorkloadPilot    2: 32 op, 3100.00 ns, 96.8750 ns/op
WorkloadPilot    3: 64 op, 3300.00 ns, 51.5625 ns/op
WorkloadPilot    4: 128 op, 5600.00 ns, 43.7500 ns/op
WorkloadPilot    5: 256 op, 9600.00 ns, 37.5000 ns/op
WorkloadPilot    6: 512 op, 18000.00 ns, 35.1563 ns/op
WorkloadPilot    7: 1024 op, 56700.00 ns, 55.3711 ns/op
WorkloadPilot    8: 2048 op, 83700.00 ns, 40.8691 ns/op
WorkloadPilot    9: 4096 op, 179300.00 ns, 43.7744 ns/op
WorkloadPilot   10: 8192 op, 367400.00 ns, 44.8486 ns/op
WorkloadPilot   11: 16384 op, 573200.00 ns, 34.9854 ns/op
WorkloadPilot   12: 32768 op, 1194900.00 ns, 36.4655 ns/op
WorkloadPilot   13: 65536 op, 2320100.00 ns, 35.4019 ns/op
WorkloadPilot   14: 131072 op, 4548500.00 ns, 34.7023 ns/op
WorkloadPilot   15: 262144 op, 8947700.00 ns, 34.1328 ns/op
WorkloadPilot   16: 524288 op, 18172600.00 ns, 34.6615 ns/op
WorkloadPilot   17: 1048576 op, 36394500.00 ns, 34.7085 ns/op
WorkloadPilot   18: 2097152 op, 73329100.00 ns, 34.9660 ns/op
WorkloadPilot   19: 4194304 op, 145203500.00 ns, 34.6192 ns/op
WorkloadPilot   20: 8388608 op, 153217000.00 ns, 18.2649 ns/op
WorkloadPilot   21: 16777216 op, 310273200.00 ns, 18.4937 ns/op
WorkloadPilot   22: 33554432 op, 619529300.00 ns, 18.4634 ns/op

OverheadWarmup   1: 33554432 op, 86285400.00 ns, 2.5715 ns/op
OverheadWarmup   2: 33554432 op, 83762100.00 ns, 2.4963 ns/op
OverheadWarmup   3: 33554432 op, 84622500.00 ns, 2.5219 ns/op
OverheadWarmup   4: 33554432 op, 82166900.00 ns, 2.4488 ns/op
OverheadWarmup   5: 33554432 op, 66398900.00 ns, 1.9788 ns/op
OverheadWarmup   6: 33554432 op, 63781600.00 ns, 1.9008 ns/op
OverheadWarmup   7: 33554432 op, 63753000.00 ns, 1.9000 ns/op
OverheadWarmup   8: 33554432 op, 64609300.00 ns, 1.9255 ns/op
OverheadWarmup   9: 33554432 op, 65210600.00 ns, 1.9434 ns/op
OverheadWarmup  10: 33554432 op, 64136400.00 ns, 1.9114 ns/op

OverheadActual   1: 33554432 op, 64536300.00 ns, 1.9233 ns/op
OverheadActual   2: 33554432 op, 64574900.00 ns, 1.9245 ns/op
OverheadActual   3: 33554432 op, 67742200.00 ns, 2.0189 ns/op
OverheadActual   4: 33554432 op, 65065100.00 ns, 1.9391 ns/op
OverheadActual   5: 33554432 op, 62825400.00 ns, 1.8723 ns/op
OverheadActual   6: 33554432 op, 63221100.00 ns, 1.8841 ns/op
OverheadActual   7: 33554432 op, 65408400.00 ns, 1.9493 ns/op
OverheadActual   8: 33554432 op, 63581600.00 ns, 1.8949 ns/op
OverheadActual   9: 33554432 op, 63581000.00 ns, 1.8949 ns/op
OverheadActual  10: 33554432 op, 65686300.00 ns, 1.9576 ns/op
OverheadActual  11: 33554432 op, 66221800.00 ns, 1.9736 ns/op
OverheadActual  12: 33554432 op, 64513200.00 ns, 1.9226 ns/op
OverheadActual  13: 33554432 op, 63727500.00 ns, 1.8992 ns/op
OverheadActual  14: 33554432 op, 64816900.00 ns, 1.9317 ns/op
OverheadActual  15: 33554432 op, 66438600.00 ns, 1.9800 ns/op

WorkloadWarmup   1: 33554432 op, 616988600.00 ns, 18.3877 ns/op
WorkloadWarmup   2: 33554432 op, 620053900.00 ns, 18.4790 ns/op
WorkloadWarmup   3: 33554432 op, 619855300.00 ns, 18.4731 ns/op

// BeforeActualRun
WorkloadActual   1: 33554432 op, 624714900.00 ns, 18.6180 ns/op
WorkloadActual   2: 33554432 op, 619446400.00 ns, 18.4609 ns/op
WorkloadActual   3: 33554432 op, 619619800.00 ns, 18.4661 ns/op

// AfterActualRun
WorkloadResult   1: 33554432 op, 560140000.00 ns, 16.6935 ns/op
WorkloadResult   2: 33554432 op, 554871500.00 ns, 16.5365 ns/op
WorkloadResult   3: 33554432 op, 555044900.00 ns, 16.5416 ns/op
// GC:  0 0 0 0 33554432
// Threading:  0 0 33554432

// AfterAll
// Benchmark Process 19640 has exited with code 0.

Mean = 16.591 ns, StdErr = 0.051 ns (0.31%), N = 3, StdDev = 0.089 ns
Min = 16.536 ns, Q1 = 16.539 ns, Median = 16.542 ns, Q3 = 16.618 ns, Max = 16.693 ns
IQR = 0.079 ns, LowerFence = 16.421 ns, UpperFence = 16.735 ns
ConfidenceInterval = [14.963 ns; 18.218 ns] (CI 99.9%), Margin = 1.627 ns (9.81% of Mean)
Skewness = 0.38, Kurtosis = 0.67, MValue = 2

// ** Remained 26 (37.1%) benchmark(s) to run. Estimated finish 2026-03-22 17:23 (0h 4m from now) **
Setup power plan (GUID: 8c5e7fda-e8bf-4a96-9a85-a6e23a8c635c FriendlyName: High performance)
// **************************
// Benchmark: StringCopyToCharArrayBenchmarks.Unsafe_CopyBlock: ShortRun(Runtime=.NET 10.0, IterationCount=3, LaunchCount=1, WarmupCount=3) [source='"\\\0(...)~!@# [4096], destination=Char[4112]]
// *** Execute ***
// Launch: 1 / 1
// Execute: dotnet ScrubJay.Text.Benchmarks-ShortRun-1.dll --anonymousPipes 2980 2964 --benchmarkName StringCopyToCharArrayBenchmarks.Unsafe_CopyBlock(paramsHash_3570965598) --job ShortRun --benchmarkId 24 in C:\git\ScrubJay\ScrubJay.Text\benchmarks\bin\Release\net10.0\ScrubJay.Text.Benchmarks-ShortRun-1\bin\Release\net10.0
// BeforeAnythingElse

// Benchmark Process Environment Information:
// BenchmarkDotNet v0.15.8
// Runtime=.NET 10.0.4 (10.0.4, 10.0.426.12010), X64 RyuJIT x86-64-v3
// GC=Concurrent Workstation
// HardwareIntrinsics=AVX2+BMI1+BMI2+F16C+FMA+LZCNT+MOVBE,AVX,SSE3+SSSE3+SSE4.1+SSE4.2+POPCNT,X86Base+SSE+SSE2,AES+PCLMUL VectorSize=256
// Job: ShortRun(IterationCount=3, LaunchCount=1, WarmupCount=3)

OverheadJitting  1: 1 op, 248400.00 ns, 248.4000 us/op
WorkloadJitting  1: 1 op, 647000.00 ns, 647.0000 us/op

OverheadJitting  2: 16 op, 315600.00 ns, 19.7250 us/op
WorkloadJitting  2: 16 op, 446000.00 ns, 27.8750 us/op

WorkloadPilot    1: 16 op, 4500.00 ns, 281.2500 ns/op
WorkloadPilot    2: 32 op, 5800.00 ns, 181.2500 ns/op
WorkloadPilot    3: 64 op, 8400.00 ns, 131.2500 ns/op
WorkloadPilot    4: 128 op, 47500.00 ns, 371.0938 ns/op
WorkloadPilot    5: 256 op, 27000.00 ns, 105.4688 ns/op
WorkloadPilot    6: 512 op, 93400.00 ns, 182.4219 ns/op
WorkloadPilot    7: 1024 op, 195200.00 ns, 190.6250 ns/op
WorkloadPilot    8: 2048 op, 265100.00 ns, 129.4434 ns/op
WorkloadPilot    9: 4096 op, 484000.00 ns, 118.1641 ns/op
WorkloadPilot   10: 8192 op, 924100.00 ns, 112.8052 ns/op
WorkloadPilot   11: 16384 op, 1695200.00 ns, 103.4668 ns/op
WorkloadPilot   12: 32768 op, 3385900.00 ns, 103.3295 ns/op
WorkloadPilot   13: 65536 op, 6989500.00 ns, 106.6513 ns/op
WorkloadPilot   14: 131072 op, 13663400.00 ns, 104.2435 ns/op
WorkloadPilot   15: 262144 op, 28608800.00 ns, 109.1339 ns/op
WorkloadPilot   16: 524288 op, 55440100.00 ns, 105.7436 ns/op
WorkloadPilot   17: 1048576 op, 106661000.00 ns, 101.7199 ns/op
WorkloadPilot   18: 2097152 op, 199997700.00 ns, 95.3663 ns/op
WorkloadPilot   19: 4194304 op, 400061900.00 ns, 95.3822 ns/op
WorkloadPilot   20: 8388608 op, 798828100.00 ns, 95.2277 ns/op

OverheadWarmup   1: 8388608 op, 21411600.00 ns, 2.5525 ns/op
OverheadWarmup   2: 8388608 op, 22046100.00 ns, 2.6281 ns/op
OverheadWarmup   3: 8388608 op, 21793100.00 ns, 2.5979 ns/op
OverheadWarmup   4: 8388608 op, 21279200.00 ns, 2.5367 ns/op
OverheadWarmup   5: 8388608 op, 21820400.00 ns, 2.6012 ns/op
OverheadWarmup   6: 8388608 op, 21666300.00 ns, 2.5828 ns/op

OverheadActual   1: 8388608 op, 23458100.00 ns, 2.7964 ns/op
OverheadActual   2: 8388608 op, 21439600.00 ns, 2.5558 ns/op
OverheadActual   3: 8388608 op, 21327100.00 ns, 2.5424 ns/op
OverheadActual   4: 8388608 op, 22107300.00 ns, 2.6354 ns/op
OverheadActual   5: 8388608 op, 21593200.00 ns, 2.5741 ns/op
OverheadActual   6: 8388608 op, 21147700.00 ns, 2.5210 ns/op
OverheadActual   7: 8388608 op, 21486100.00 ns, 2.5613 ns/op
OverheadActual   8: 8388608 op, 21522200.00 ns, 2.5656 ns/op
OverheadActual   9: 8388608 op, 31861400.00 ns, 3.7982 ns/op
OverheadActual  10: 8388608 op, 21644800.00 ns, 2.5803 ns/op
OverheadActual  11: 8388608 op, 21415400.00 ns, 2.5529 ns/op
OverheadActual  12: 8388608 op, 22028800.00 ns, 2.6260 ns/op
OverheadActual  13: 8388608 op, 20233200.00 ns, 2.4120 ns/op
OverheadActual  14: 8388608 op, 17701000.00 ns, 2.1101 ns/op
OverheadActual  15: 8388608 op, 17327600.00 ns, 2.0656 ns/op
OverheadActual  16: 8388608 op, 16612600.00 ns, 1.9804 ns/op
OverheadActual  17: 8388608 op, 16415100.00 ns, 1.9568 ns/op
OverheadActual  18: 8388608 op, 16616200.00 ns, 1.9808 ns/op
OverheadActual  19: 8388608 op, 16476600.00 ns, 1.9642 ns/op
OverheadActual  20: 8388608 op, 16217900.00 ns, 1.9333 ns/op

WorkloadWarmup   1: 8388608 op, 798240400.00 ns, 95.1577 ns/op
WorkloadWarmup   2: 8388608 op, 798390600.00 ns, 95.1756 ns/op
WorkloadWarmup   3: 8388608 op, 799199700.00 ns, 95.2720 ns/op

// BeforeActualRun
WorkloadActual   1: 8388608 op, 798574400.00 ns, 95.1975 ns/op
WorkloadActual   2: 8388608 op, 798574200.00 ns, 95.1975 ns/op
WorkloadActual   3: 8388608 op, 799744200.00 ns, 95.3369 ns/op

// AfterActualRun
WorkloadResult   1: 8388608 op, 777203150.00 ns, 92.6498 ns/op
WorkloadResult   2: 8388608 op, 777202950.00 ns, 92.6498 ns/op
WorkloadResult   3: 8388608 op, 778372950.00 ns, 92.7893 ns/op
// GC:  0 0 0 0 8388608
// Threading:  0 0 8388608

// AfterAll
// Benchmark Process 19504 has exited with code 0.

Mean = 92.696 ns, StdErr = 0.046 ns (0.05%), N = 3, StdDev = 0.081 ns
Min = 92.650 ns, Q1 = 92.650 ns, Median = 92.650 ns, Q3 = 92.720 ns, Max = 92.789 ns
IQR = 0.070 ns, LowerFence = 92.545 ns, UpperFence = 92.824 ns
ConfidenceInterval = [91.227 ns; 94.165 ns] (CI 99.9%), Margin = 1.469 ns (1.58% of Mean)
Skewness = 0.38, Kurtosis = 0.67, MValue = 2

// ** Remained 25 (35.7%) benchmark(s) to run. Estimated finish 2026-03-22 17:23 (0h 4m from now) **
Setup power plan (GUID: 8c5e7fda-e8bf-4a96-9a85-a6e23a8c635c FriendlyName: High performance)
// **************************
// Benchmark: StringCopyToCharArrayBenchmarks.Unsafe_CopyBlock: ShortRun(Runtime=.NET 6.0, IterationCount=3, LaunchCount=1, WarmupCount=3) [source=,, destination=Char[17]]
// *** Execute ***
// Launch: 1 / 1
// Execute: dotnet ScrubJay.Text.Benchmarks-ShortRun-2.dll --anonymousPipes 2928 2960 --benchmarkName "ScrubJay.Text.Benchmarks.CopyTo.StringCopyToCharArrayBenchmarks.Unsafe_CopyBlock(source: \",\", destination: ['\0', '\0', '\0', '\0', '\0', ...])" --job ShortRun --benchmarkId 20 in C:\git\ScrubJay\ScrubJay.Text\benchmarks\bin\Release\net10.0\ScrubJay.Text.Benchmarks-ShortRun-2\bin\Release\net6.0
// BeforeAnythingElse

// Benchmark Process Environment Information:
// BenchmarkDotNet v0.15.8
// Runtime=.NET 6.0.36 (6.0.36, 6.0.3624.51421), X64 RyuJIT x86-64-v3
// GC=Concurrent Workstation
// HardwareIntrinsics=AVX2+BMI1+BMI2+F16C+FMA+LZCNT+MOVBE,AVX,SSE3+SSSE3+SSE4.1+SSE4.2+POPCNT,X86Base+SSE+SSE2,AES+PCLMUL VectorSize=256
// Job: ShortRun(IterationCount=3, LaunchCount=1, WarmupCount=3)

OverheadJitting  1: 1 op, 147400.00 ns, 147.4000 us/op
WorkloadJitting  1: 1 op, 1666400.00 ns, 1.6664 ms/op

OverheadJitting  2: 16 op, 279700.00 ns, 17.4813 us/op
WorkloadJitting  2: 16 op, 381000.00 ns, 23.8125 us/op

WorkloadPilot    1: 16 op, 1600.00 ns, 100.0000 ns/op
WorkloadPilot    2: 32 op, 1600.00 ns, 50.0000 ns/op
WorkloadPilot    3: 64 op, 2700.00 ns, 42.1875 ns/op
WorkloadPilot    4: 128 op, 3200.00 ns, 25.0000 ns/op
WorkloadPilot    5: 256 op, 19000.00 ns, 74.2188 ns/op
WorkloadPilot    6: 512 op, 9200.00 ns, 17.9688 ns/op
WorkloadPilot    7: 1024 op, 18000.00 ns, 17.5781 ns/op
WorkloadPilot    8: 2048 op, 34700.00 ns, 16.9434 ns/op
WorkloadPilot    9: 4096 op, 95000.00 ns, 23.1934 ns/op
WorkloadPilot   10: 8192 op, 182900.00 ns, 22.3267 ns/op
WorkloadPilot   11: 16384 op, 319400.00 ns, 19.4946 ns/op
WorkloadPilot   12: 32768 op, 544500.00 ns, 16.6168 ns/op
WorkloadPilot   13: 65536 op, 1144200.00 ns, 17.4591 ns/op
WorkloadPilot   14: 131072 op, 2202100.00 ns, 16.8007 ns/op
WorkloadPilot   15: 262144 op, 4558800.00 ns, 17.3904 ns/op
WorkloadPilot   16: 524288 op, 8823600.00 ns, 16.8297 ns/op
WorkloadPilot   17: 1048576 op, 17998700.00 ns, 17.1649 ns/op
WorkloadPilot   18: 2097152 op, 36212900.00 ns, 17.2677 ns/op
WorkloadPilot   19: 4194304 op, 70898100.00 ns, 16.9034 ns/op
WorkloadPilot   20: 8388608 op, 93067800.00 ns, 11.0945 ns/op
WorkloadPilot   21: 16777216 op, 126897800.00 ns, 7.5637 ns/op
WorkloadPilot   22: 33554432 op, 253686000.00 ns, 7.5604 ns/op
WorkloadPilot   23: 67108864 op, 508696600.00 ns, 7.5802 ns/op

OverheadWarmup   1: 67108864 op, 176593000.00 ns, 2.6314 ns/op
OverheadWarmup   2: 67108864 op, 129614900.00 ns, 1.9314 ns/op
OverheadWarmup   3: 67108864 op, 118667800.00 ns, 1.7683 ns/op
OverheadWarmup   4: 67108864 op, 117535000.00 ns, 1.7514 ns/op
OverheadWarmup   5: 67108864 op, 119388200.00 ns, 1.7790 ns/op
OverheadWarmup   6: 67108864 op, 117031100.00 ns, 1.7439 ns/op
OverheadWarmup   7: 67108864 op, 116852900.00 ns, 1.7412 ns/op
OverheadWarmup   8: 67108864 op, 116362100.00 ns, 1.7339 ns/op
OverheadWarmup   9: 67108864 op, 116111200.00 ns, 1.7302 ns/op
OverheadWarmup  10: 67108864 op, 120352100.00 ns, 1.7934 ns/op

OverheadActual   1: 67108864 op, 116374600.00 ns, 1.7341 ns/op
OverheadActual   2: 67108864 op, 118790000.00 ns, 1.7701 ns/op
OverheadActual   3: 67108864 op, 117679700.00 ns, 1.7536 ns/op
OverheadActual   4: 67108864 op, 117840900.00 ns, 1.7560 ns/op
OverheadActual   5: 67108864 op, 118994900.00 ns, 1.7732 ns/op
OverheadActual   6: 67108864 op, 116817100.00 ns, 1.7407 ns/op
OverheadActual   7: 67108864 op, 116529800.00 ns, 1.7364 ns/op
OverheadActual   8: 67108864 op, 117838200.00 ns, 1.7559 ns/op
OverheadActual   9: 67108864 op, 118876100.00 ns, 1.7714 ns/op
OverheadActual  10: 67108864 op, 116503800.00 ns, 1.7360 ns/op
OverheadActual  11: 67108864 op, 119092100.00 ns, 1.7746 ns/op
OverheadActual  12: 67108864 op, 117116400.00 ns, 1.7452 ns/op
OverheadActual  13: 67108864 op, 118321600.00 ns, 1.7631 ns/op
OverheadActual  14: 67108864 op, 118678300.00 ns, 1.7684 ns/op
OverheadActual  15: 67108864 op, 116390900.00 ns, 1.7344 ns/op

WorkloadWarmup   1: 67108864 op, 501905000.00 ns, 7.4790 ns/op
WorkloadWarmup   2: 67108864 op, 507017700.00 ns, 7.5552 ns/op
WorkloadWarmup   3: 67108864 op, 506090400.00 ns, 7.5413 ns/op

// BeforeActualRun
WorkloadActual   1: 67108864 op, 504229500.00 ns, 7.5136 ns/op
WorkloadActual   2: 67108864 op, 506509300.00 ns, 7.5476 ns/op
WorkloadActual   3: 67108864 op, 504619600.00 ns, 7.5194 ns/op

// AfterActualRun
WorkloadResult   1: 67108864 op, 386391300.00 ns, 5.7577 ns/op
WorkloadResult   2: 67108864 op, 388671100.00 ns, 5.7917 ns/op
WorkloadResult   3: 67108864 op, 386781400.00 ns, 5.7635 ns/op
// GC:  0 0 0 0 67108864
// Threading:  0 0 67108864

// AfterAll
// Benchmark Process 19220 has exited with code 0.

Mean = 5.771 ns, StdErr = 0.010 ns (0.18%), N = 3, StdDev = 0.018 ns
Min = 5.758 ns, Q1 = 5.761 ns, Median = 5.763 ns, Q3 = 5.778 ns, Max = 5.792 ns
IQR = 0.017 ns, LowerFence = 5.735 ns, UpperFence = 5.803 ns
ConfidenceInterval = [5.439 ns; 6.102 ns] (CI 99.9%), Margin = 0.331 ns (5.74% of Mean)
Skewness = 0.34, Kurtosis = 0.67, MValue = 2

// ** Remained 24 (34.3%) benchmark(s) to run. Estimated finish 2026-03-22 17:23 (0h 3m from now) **
Setup power plan (GUID: 8c5e7fda-e8bf-4a96-9a85-a6e23a8c635c FriendlyName: High performance)
// **************************
// Benchmark: StringCopyToCharArrayBenchmarks.Unsafe_CopyBlock: ShortRun(Runtime=.NET 6.0, IterationCount=3, LaunchCount=1, WarmupCount=3) [source=\r\n, destination=Char[18]]
// *** Execute ***
// Launch: 1 / 1
// Execute: dotnet ScrubJay.Text.Benchmarks-ShortRun-2.dll --anonymousPipes 2988 3372 --benchmarkName "ScrubJay.Text.Benchmarks.CopyTo.StringCopyToCharArrayBenchmarks.Unsafe_CopyBlock(source: \"\r\n\", destination: ['\0', '\0', '\0', '\0', '\0', ...])" --job ShortRun --benchmarkId 21 in C:\git\ScrubJay\ScrubJay.Text\benchmarks\bin\Release\net10.0\ScrubJay.Text.Benchmarks-ShortRun-2\bin\Release\net6.0
// BeforeAnythingElse

// Benchmark Process Environment Information:
// BenchmarkDotNet v0.15.8
// Runtime=.NET 6.0.36 (6.0.36, 6.0.3624.51421), X64 RyuJIT x86-64-v3
// GC=Concurrent Workstation
// HardwareIntrinsics=AVX2+BMI1+BMI2+F16C+FMA+LZCNT+MOVBE,AVX,SSE3+SSSE3+SSE4.1+SSE4.2+POPCNT,X86Base+SSE+SSE2,AES+PCLMUL VectorSize=256
// Job: ShortRun(IterationCount=3, LaunchCount=1, WarmupCount=3)

OverheadJitting  1: 1 op, 168900.00 ns, 168.9000 us/op
WorkloadJitting  1: 1 op, 1620600.00 ns, 1.6206 ms/op

OverheadJitting  2: 16 op, 272800.00 ns, 17.0500 us/op
WorkloadJitting  2: 16 op, 296700.00 ns, 18.5438 us/op

WorkloadPilot    1: 16 op, 1900.00 ns, 118.7500 ns/op
WorkloadPilot    2: 32 op, 1600.00 ns, 50.0000 ns/op
WorkloadPilot    3: 64 op, 2100.00 ns, 32.8125 ns/op
WorkloadPilot    4: 128 op, 3300.00 ns, 25.7813 ns/op
WorkloadPilot    5: 256 op, 5400.00 ns, 21.0938 ns/op
WorkloadPilot    6: 512 op, 28700.00 ns, 56.0547 ns/op
WorkloadPilot    7: 1024 op, 18100.00 ns, 17.6758 ns/op
WorkloadPilot    8: 2048 op, 35000.00 ns, 17.0898 ns/op
WorkloadPilot    9: 4096 op, 70500.00 ns, 17.2119 ns/op
WorkloadPilot   10: 8192 op, 176500.00 ns, 21.5454 ns/op
WorkloadPilot   11: 16384 op, 309300.00 ns, 18.8782 ns/op
WorkloadPilot   12: 32768 op, 575400.00 ns, 17.5598 ns/op
WorkloadPilot   13: 65536 op, 1230500.00 ns, 18.7759 ns/op
WorkloadPilot   14: 131072 op, 2264500.00 ns, 17.2768 ns/op
WorkloadPilot   15: 262144 op, 4523300.00 ns, 17.2550 ns/op
WorkloadPilot   16: 524288 op, 9368400.00 ns, 17.8688 ns/op
WorkloadPilot   17: 1048576 op, 18243000.00 ns, 17.3979 ns/op
WorkloadPilot   18: 2097152 op, 35370100.00 ns, 16.8658 ns/op
WorkloadPilot   19: 4194304 op, 72509500.00 ns, 17.2876 ns/op
WorkloadPilot   20: 8388608 op, 84913000.00 ns, 10.1224 ns/op
WorkloadPilot   21: 16777216 op, 125088100.00 ns, 7.4558 ns/op
WorkloadPilot   22: 33554432 op, 250594100.00 ns, 7.4683 ns/op
WorkloadPilot   23: 67108864 op, 497376800.00 ns, 7.4115 ns/op
WorkloadPilot   24: 134217728 op, 995521700.00 ns, 7.4172 ns/op

OverheadWarmup   1: 134217728 op, 303534100.00 ns, 2.2615 ns/op
OverheadWarmup   2: 134217728 op, 235964100.00 ns, 1.7581 ns/op
OverheadWarmup   3: 134217728 op, 235046400.00 ns, 1.7512 ns/op
OverheadWarmup   4: 134217728 op, 233438900.00 ns, 1.7393 ns/op
OverheadWarmup   5: 134217728 op, 231626700.00 ns, 1.7258 ns/op
OverheadWarmup   6: 134217728 op, 236471900.00 ns, 1.7619 ns/op
OverheadWarmup   7: 134217728 op, 236781100.00 ns, 1.7642 ns/op
OverheadWarmup   8: 134217728 op, 234956700.00 ns, 1.7506 ns/op
OverheadWarmup   9: 134217728 op, 234516800.00 ns, 1.7473 ns/op
OverheadWarmup  10: 134217728 op, 234714100.00 ns, 1.7488 ns/op

OverheadActual   1: 134217728 op, 235843800.00 ns, 1.7572 ns/op
OverheadActual   2: 134217728 op, 236370400.00 ns, 1.7611 ns/op
OverheadActual   3: 134217728 op, 234843300.00 ns, 1.7497 ns/op
OverheadActual   4: 134217728 op, 233647200.00 ns, 1.7408 ns/op
OverheadActual   5: 134217728 op, 235869700.00 ns, 1.7574 ns/op
OverheadActual   6: 134217728 op, 235248700.00 ns, 1.7527 ns/op
OverheadActual   7: 134217728 op, 235569600.00 ns, 1.7551 ns/op
OverheadActual   8: 134217728 op, 235494900.00 ns, 1.7546 ns/op
OverheadActual   9: 134217728 op, 235112500.00 ns, 1.7517 ns/op
OverheadActual  10: 134217728 op, 236290700.00 ns, 1.7605 ns/op
OverheadActual  11: 134217728 op, 233540900.00 ns, 1.7400 ns/op
OverheadActual  12: 134217728 op, 233752600.00 ns, 1.7416 ns/op
OverheadActual  13: 134217728 op, 235896700.00 ns, 1.7576 ns/op
OverheadActual  14: 134217728 op, 237010400.00 ns, 1.7659 ns/op
OverheadActual  15: 134217728 op, 234999500.00 ns, 1.7509 ns/op

WorkloadWarmup   1: 134217728 op, 1013426800.00 ns, 7.5506 ns/op
WorkloadWarmup   2: 134217728 op, 996712300.00 ns, 7.4261 ns/op
WorkloadWarmup   3: 134217728 op, 999163200.00 ns, 7.4443 ns/op

// BeforeActualRun
WorkloadActual   1: 134217728 op, 997232500.00 ns, 7.4300 ns/op
WorkloadActual   2: 134217728 op, 994537200.00 ns, 7.4099 ns/op
WorkloadActual   3: 134217728 op, 994710100.00 ns, 7.4112 ns/op

// AfterActualRun
WorkloadResult   1: 134217728 op, 761737600.00 ns, 5.6754 ns/op
WorkloadResult   2: 134217728 op, 759042300.00 ns, 5.6553 ns/op
WorkloadResult   3: 134217728 op, 759215200.00 ns, 5.6566 ns/op
// GC:  0 0 0 0 134217728
// Threading:  0 0 134217728

// AfterAll
// Benchmark Process 10392 has exited with code 0.

Mean = 5.662 ns, StdErr = 0.006 ns (0.11%), N = 3, StdDev = 0.011 ns
Min = 5.655 ns, Q1 = 5.656 ns, Median = 5.657 ns, Q3 = 5.666 ns, Max = 5.675 ns
IQR = 0.010 ns, LowerFence = 5.641 ns, UpperFence = 5.681 ns
ConfidenceInterval = [5.457 ns; 5.868 ns] (CI 99.9%), Margin = 0.205 ns (3.62% of Mean)
Skewness = 0.38, Kurtosis = 0.67, MValue = 2

// ** Remained 23 (32.9%) benchmark(s) to run. Estimated finish 2026-03-22 17:23 (0h 3m from now) **
Setup power plan (GUID: 8c5e7fda-e8bf-4a96-9a85-a6e23a8c635c FriendlyName: High performance)
// **************************
// Benchmark: StringCopyToCharArrayBenchmarks.Unsafe_CopyBlock: ShortRun(Runtime=.NET 6.0, IterationCount=3, LaunchCount=1, WarmupCount=3) [source=Sphin(...) vow! [37], destination=Char[53]]
// *** Execute ***
// Launch: 1 / 1
// Execute: dotnet ScrubJay.Text.Benchmarks-ShortRun-2.dll --anonymousPipes 2636 3352 --benchmarkName "ScrubJay.Text.Benchmarks.CopyTo.StringCopyToCharArrayBenchmarks.Unsafe_CopyBlock(source: \"Sphinx of black quartz, judge my vow!\", destination: ['\0', '\0', '\0', '\0', '\0', ...])" --job ShortRun --benchmarkId 22 in C:\git\ScrubJay\ScrubJay.Text\benchmarks\bin\Release\net10.0\ScrubJay.Text.Benchmarks-ShortRun-2\bin\Release\net6.0
// BeforeAnythingElse

// Benchmark Process Environment Information:
// BenchmarkDotNet v0.15.8
// Runtime=.NET 6.0.36 (6.0.36, 6.0.3624.51421), X64 RyuJIT x86-64-v3
// GC=Concurrent Workstation
// HardwareIntrinsics=AVX2+BMI1+BMI2+F16C+FMA+LZCNT+MOVBE,AVX,SSE3+SSSE3+SSE4.1+SSE4.2+POPCNT,X86Base+SSE+SSE2,AES+PCLMUL VectorSize=256
// Job: ShortRun(IterationCount=3, LaunchCount=1, WarmupCount=3)

OverheadJitting  1: 1 op, 159200.00 ns, 159.2000 us/op
WorkloadJitting  1: 1 op, 2251600.00 ns, 2.2516 ms/op

OverheadJitting  2: 16 op, 251400.00 ns, 15.7125 us/op
WorkloadJitting  2: 16 op, 464900.00 ns, 29.0563 us/op

WorkloadPilot    1: 16 op, 1800.00 ns, 112.5000 ns/op
WorkloadPilot    2: 32 op, 4400.00 ns, 137.5000 ns/op
WorkloadPilot    3: 64 op, 2900.00 ns, 45.3125 ns/op
WorkloadPilot    4: 128 op, 4800.00 ns, 37.5000 ns/op
WorkloadPilot    5: 256 op, 7100.00 ns, 27.7344 ns/op
WorkloadPilot    6: 512 op, 10900.00 ns, 21.2891 ns/op
WorkloadPilot    7: 1024 op, 20100.00 ns, 19.6289 ns/op
WorkloadPilot    8: 2048 op, 39200.00 ns, 19.1406 ns/op
WorkloadPilot    9: 4096 op, 140700.00 ns, 34.3506 ns/op
WorkloadPilot   10: 8192 op, 209700.00 ns, 25.5981 ns/op
WorkloadPilot   11: 16384 op, 374900.00 ns, 22.8821 ns/op
WorkloadPilot   12: 32768 op, 621500.00 ns, 18.9667 ns/op
WorkloadPilot   13: 65536 op, 1278300.00 ns, 19.5053 ns/op
WorkloadPilot   14: 131072 op, 3024000.00 ns, 23.0713 ns/op
WorkloadPilot   15: 262144 op, 5160400.00 ns, 19.6854 ns/op
WorkloadPilot   16: 524288 op, 11221200.00 ns, 21.4027 ns/op
WorkloadPilot   17: 1048576 op, 19918300.00 ns, 18.9956 ns/op
WorkloadPilot   18: 2097152 op, 39733400.00 ns, 18.9464 ns/op
WorkloadPilot   19: 4194304 op, 78333500.00 ns, 18.6762 ns/op
WorkloadPilot   20: 8388608 op, 88252800.00 ns, 10.5206 ns/op
WorkloadPilot   21: 16777216 op, 169019000.00 ns, 10.0743 ns/op
WorkloadPilot   22: 33554432 op, 335014700.00 ns, 9.9842 ns/op
WorkloadPilot   23: 67108864 op, 669414100.00 ns, 9.9750 ns/op

OverheadWarmup   1: 67108864 op, 176486600.00 ns, 2.6299 ns/op
OverheadWarmup   2: 67108864 op, 134117500.00 ns, 1.9985 ns/op
OverheadWarmup   3: 67108864 op, 123608900.00 ns, 1.8419 ns/op
OverheadWarmup   4: 67108864 op, 122496300.00 ns, 1.8253 ns/op
OverheadWarmup   5: 67108864 op, 122050100.00 ns, 1.8187 ns/op
OverheadWarmup   6: 67108864 op, 123244200.00 ns, 1.8365 ns/op
OverheadWarmup   7: 67108864 op, 121529300.00 ns, 1.8109 ns/op
OverheadWarmup   8: 67108864 op, 123498100.00 ns, 1.8403 ns/op
OverheadWarmup   9: 67108864 op, 122195700.00 ns, 1.8209 ns/op

OverheadActual   1: 67108864 op, 120694500.00 ns, 1.7985 ns/op
OverheadActual   2: 67108864 op, 122228900.00 ns, 1.8214 ns/op
OverheadActual   3: 67108864 op, 123050500.00 ns, 1.8336 ns/op
OverheadActual   4: 67108864 op, 130890900.00 ns, 1.9504 ns/op
OverheadActual   5: 67108864 op, 123371000.00 ns, 1.8384 ns/op
OverheadActual   6: 67108864 op, 122911400.00 ns, 1.8315 ns/op
OverheadActual   7: 67108864 op, 124688100.00 ns, 1.8580 ns/op
OverheadActual   8: 67108864 op, 122157700.00 ns, 1.8203 ns/op
OverheadActual   9: 67108864 op, 121710900.00 ns, 1.8136 ns/op
OverheadActual  10: 67108864 op, 124031000.00 ns, 1.8482 ns/op
OverheadActual  11: 67108864 op, 123146600.00 ns, 1.8350 ns/op
OverheadActual  12: 67108864 op, 122825400.00 ns, 1.8302 ns/op
OverheadActual  13: 67108864 op, 121100500.00 ns, 1.8045 ns/op
OverheadActual  14: 67108864 op, 126928000.00 ns, 1.8914 ns/op
OverheadActual  15: 67108864 op, 126047500.00 ns, 1.8783 ns/op

WorkloadWarmup   1: 67108864 op, 707271900.00 ns, 10.5392 ns/op
WorkloadWarmup   2: 67108864 op, 668864800.00 ns, 9.9669 ns/op
WorkloadWarmup   3: 67108864 op, 670261600.00 ns, 9.9877 ns/op

// BeforeActualRun
WorkloadActual   1: 67108864 op, 668684100.00 ns, 9.9642 ns/op
WorkloadActual   2: 67108864 op, 668327000.00 ns, 9.9588 ns/op
WorkloadActual   3: 67108864 op, 666707600.00 ns, 9.9347 ns/op

// AfterActualRun
WorkloadResult   1: 67108864 op, 545633600.00 ns, 8.1306 ns/op
WorkloadResult   2: 67108864 op, 545276500.00 ns, 8.1253 ns/op
WorkloadResult   3: 67108864 op, 543657100.00 ns, 8.1011 ns/op
// GC:  0 0 0 0 67108864
// Threading:  0 0 67108864

// AfterAll
// Benchmark Process 18072 has exited with code 0.

Mean = 8.119 ns, StdErr = 0.009 ns (0.11%), N = 3, StdDev = 0.016 ns
Min = 8.101 ns, Q1 = 8.113 ns, Median = 8.125 ns, Q3 = 8.128 ns, Max = 8.131 ns
IQR = 0.015 ns, LowerFence = 8.091 ns, UpperFence = 8.150 ns
ConfidenceInterval = [7.833 ns; 8.405 ns] (CI 99.9%), Margin = 0.286 ns (3.53% of Mean)
Skewness = -0.34, Kurtosis = 0.67, MValue = 2

// ** Remained 22 (31.4%) benchmark(s) to run. Estimated finish 2026-03-22 17:23 (0h 3m from now) **
Setup power plan (GUID: 8c5e7fda-e8bf-4a96-9a85-a6e23a8c635c FriendlyName: High performance)
// **************************
// Benchmark: StringCopyToCharArrayBenchmarks.Unsafe_CopyBlock: ShortRun(Runtime=.NET 6.0, IterationCount=3, LaunchCount=1, WarmupCount=3) [source='"\\\0(...){]}\\ [512], destination=Char[528]]
// *** Execute ***
// Launch: 1 / 1
// Execute: dotnet ScrubJay.Text.Benchmarks-ShortRun-2.dll --anonymousPipes 3392 3340 --benchmarkName "ScrubJay.Text.Benchmarks.CopyTo.StringCopyToCharArrayBenchmarks.Unsafe_CopyBlock(source: \"'\\\"\\\0\a\b\f\n\r\t\v`~!@#$%^&*()-_=+[{]}\\|;:'\\\",<.>/?Sphinx of black quartz, judge my vow!'\\\"\\\0\a\b\f\n\r\t\v`~!@#$%^&*()-_=+[{]}\\|;:'\\\",<.>/?Sphinx of black quartz, judge my vow!'\\\"\\\0\a\b\f\n\r\t\v`~!@#$%^&*()-_=+[{]}\\|;:'\\\",<.>/?Sphinx of black quartz, judge my vow!'\\\"\\\0\a\b\f\n\r\t\v`~!@#$%^&*()-_=+[{]}\\|;:'\\\",<.>/?Sphinx of black quartz, judge my vow!'\\\"\\\0\a\b\f\n\r\t\v`~!@#$%^&*()-_=+[{]}\\|;:'\\\",<.>/?Sphinx of black quartz, judge my vow!'\\\"\\\0\a\b\f\n\r\t\v`~!@#$%^&*()-_=+[{]}\\|;:'\\\",<.>/?Sphinx of black quartz, judge my vow!'\\\"\\\0\a\b\f\n\r\t\v`~!@#$%^&*()-_=+[{]}\\\\\", destination: ['\0', '\0', '\0', '\0', '\0', ...])" --job ShortRun --benchmarkId 23 in C:\git\ScrubJay\ScrubJay.Text\benchmarks\bin\Release\net10.0\ScrubJay.Text.Benchmarks-ShortRun-2\bin\Release\net6.0
// BeforeAnythingElse

// Benchmark Process Environment Information:
// BenchmarkDotNet v0.15.8
// Runtime=.NET 6.0.36 (6.0.36, 6.0.3624.51421), X64 RyuJIT x86-64-v3
// GC=Concurrent Workstation
// HardwareIntrinsics=AVX2+BMI1+BMI2+F16C+FMA+LZCNT+MOVBE,AVX,SSE3+SSSE3+SSE4.1+SSE4.2+POPCNT,X86Base+SSE+SSE2,AES+PCLMUL VectorSize=256
// Job: ShortRun(IterationCount=3, LaunchCount=1, WarmupCount=3)

OverheadJitting  1: 1 op, 153700.00 ns, 153.7000 us/op
WorkloadJitting  1: 1 op, 1786700.00 ns, 1.7867 ms/op

OverheadJitting  2: 16 op, 271100.00 ns, 16.9438 us/op
WorkloadJitting  2: 16 op, 315800.00 ns, 19.7375 us/op

WorkloadPilot    1: 16 op, 2300.00 ns, 143.7500 ns/op
WorkloadPilot    2: 32 op, 2200.00 ns, 68.7500 ns/op
WorkloadPilot    3: 64 op, 3000.00 ns, 46.8750 ns/op
WorkloadPilot    4: 128 op, 4600.00 ns, 35.9375 ns/op
WorkloadPilot    5: 256 op, 21500.00 ns, 83.9844 ns/op
WorkloadPilot    6: 512 op, 15200.00 ns, 29.6875 ns/op
WorkloadPilot    7: 1024 op, 29900.00 ns, 29.1992 ns/op
WorkloadPilot    8: 2048 op, 68600.00 ns, 33.4961 ns/op
WorkloadPilot    9: 4096 op, 133100.00 ns, 32.4951 ns/op
WorkloadPilot   10: 8192 op, 287000.00 ns, 35.0342 ns/op
WorkloadPilot   11: 16384 op, 520100.00 ns, 31.7444 ns/op
WorkloadPilot   12: 32768 op, 998800.00 ns, 30.4810 ns/op
WorkloadPilot   13: 65536 op, 1915400.00 ns, 29.2267 ns/op
WorkloadPilot   14: 131072 op, 3834400.00 ns, 29.2542 ns/op
WorkloadPilot   15: 262144 op, 8087400.00 ns, 30.8510 ns/op
WorkloadPilot   16: 524288 op, 15773300.00 ns, 30.0852 ns/op
WorkloadPilot   17: 1048576 op, 31036300.00 ns, 29.5985 ns/op
WorkloadPilot   18: 2097152 op, 61174500.00 ns, 29.1703 ns/op
WorkloadPilot   19: 4194304 op, 101557300.00 ns, 24.2131 ns/op
WorkloadPilot   20: 8388608 op, 165370900.00 ns, 19.7137 ns/op
WorkloadPilot   21: 16777216 op, 333892200.00 ns, 19.9015 ns/op
WorkloadPilot   22: 33554432 op, 665625500.00 ns, 19.8372 ns/op

OverheadWarmup   1: 33554432 op, 87465900.00 ns, 2.6067 ns/op
OverheadWarmup   2: 33554432 op, 86676200.00 ns, 2.5832 ns/op
OverheadWarmup   3: 33554432 op, 71482400.00 ns, 2.1303 ns/op
OverheadWarmup   4: 33554432 op, 61217200.00 ns, 1.8244 ns/op
OverheadWarmup   5: 33554432 op, 61201500.00 ns, 1.8239 ns/op
OverheadWarmup   6: 33554432 op, 63468000.00 ns, 1.8915 ns/op
OverheadWarmup   7: 33554432 op, 62545100.00 ns, 1.8640 ns/op
OverheadWarmup   8: 33554432 op, 61542200.00 ns, 1.8341 ns/op
OverheadWarmup   9: 33554432 op, 61765700.00 ns, 1.8408 ns/op
OverheadWarmup  10: 33554432 op, 61439200.00 ns, 1.8310 ns/op

OverheadActual   1: 33554432 op, 62793200.00 ns, 1.8714 ns/op
OverheadActual   2: 33554432 op, 61469500.00 ns, 1.8319 ns/op
OverheadActual   3: 33554432 op, 61376600.00 ns, 1.8292 ns/op
OverheadActual   4: 33554432 op, 61856600.00 ns, 1.8435 ns/op
OverheadActual   5: 33554432 op, 61380600.00 ns, 1.8293 ns/op
OverheadActual   6: 33554432 op, 61262300.00 ns, 1.8258 ns/op
OverheadActual   7: 33554432 op, 61796800.00 ns, 1.8417 ns/op
OverheadActual   8: 33554432 op, 60916500.00 ns, 1.8155 ns/op
OverheadActual   9: 33554432 op, 61568400.00 ns, 1.8349 ns/op
OverheadActual  10: 33554432 op, 69097400.00 ns, 2.0593 ns/op
OverheadActual  11: 33554432 op, 61377600.00 ns, 1.8292 ns/op
OverheadActual  12: 33554432 op, 61106800.00 ns, 1.8211 ns/op
OverheadActual  13: 33554432 op, 63420600.00 ns, 1.8901 ns/op
OverheadActual  14: 33554432 op, 66003000.00 ns, 1.9670 ns/op
OverheadActual  15: 33554432 op, 62132500.00 ns, 1.8517 ns/op

WorkloadWarmup   1: 33554432 op, 622213500.00 ns, 18.5434 ns/op
WorkloadWarmup   2: 33554432 op, 626575700.00 ns, 18.6734 ns/op
WorkloadWarmup   3: 33554432 op, 624834300.00 ns, 18.6215 ns/op

// BeforeActualRun
WorkloadActual   1: 33554432 op, 626338800.00 ns, 18.6664 ns/op
WorkloadActual   2: 33554432 op, 631988400.00 ns, 18.8347 ns/op
WorkloadActual   3: 33554432 op, 622764500.00 ns, 18.5598 ns/op

// AfterActualRun
WorkloadResult   1: 33554432 op, 564770400.00 ns, 16.8315 ns/op
WorkloadResult   2: 33554432 op, 570420000.00 ns, 16.9998 ns/op
WorkloadResult   3: 33554432 op, 561196100.00 ns, 16.7249 ns/op
// GC:  0 0 0 0 33554432
// Threading:  0 0 33554432

// AfterAll
// Benchmark Process 2092 has exited with code 0.

Mean = 16.852 ns, StdErr = 0.080 ns (0.47%), N = 3, StdDev = 0.139 ns
Min = 16.725 ns, Q1 = 16.778 ns, Median = 16.831 ns, Q3 = 16.916 ns, Max = 17.000 ns
IQR = 0.137 ns, LowerFence = 16.572 ns, UpperFence = 17.122 ns
ConfidenceInterval = [14.323 ns; 19.381 ns] (CI 99.9%), Margin = 2.529 ns (15.00% of Mean)
Skewness = 0.15, Kurtosis = 0.67, MValue = 2

// ** Remained 21 (30.0%) benchmark(s) to run. Estimated finish 2026-03-22 17:23 (0h 3m from now) **
Setup power plan (GUID: 8c5e7fda-e8bf-4a96-9a85-a6e23a8c635c FriendlyName: High performance)
// **************************
// Benchmark: StringCopyToCharArrayBenchmarks.Unsafe_CopyBlock: ShortRun(Runtime=.NET 6.0, IterationCount=3, LaunchCount=1, WarmupCount=3) [source='"\\\0(...)~!@# [4096], destination=Char[4112]]
// *** Execute ***
// Launch: 1 / 1
// Execute: dotnet ScrubJay.Text.Benchmarks-ShortRun-2.dll --anonymousPipes 3288 2104 --benchmarkName StringCopyToCharArrayBenchmarks.Unsafe_CopyBlock(paramsHash_3570965598) --job ShortRun --benchmarkId 24 in C:\git\ScrubJay\ScrubJay.Text\benchmarks\bin\Release\net10.0\ScrubJay.Text.Benchmarks-ShortRun-2\bin\Release\net6.0
// BeforeAnythingElse

// Benchmark Process Environment Information:
// BenchmarkDotNet v0.15.8
// Runtime=.NET 6.0.36 (6.0.36, 6.0.3624.51421), X64 RyuJIT x86-64-v3
// GC=Concurrent Workstation
// HardwareIntrinsics=AVX2+BMI1+BMI2+F16C+FMA+LZCNT+MOVBE,AVX,SSE3+SSSE3+SSE4.1+SSE4.2+POPCNT,X86Base+SSE+SSE2,AES+PCLMUL VectorSize=256
// Job: ShortRun(IterationCount=3, LaunchCount=1, WarmupCount=3)

OverheadJitting  1: 1 op, 151100.00 ns, 151.1000 us/op
WorkloadJitting  1: 1 op, 1829000.00 ns, 1.8290 ms/op

OverheadJitting  2: 16 op, 314900.00 ns, 19.6813 us/op
WorkloadJitting  2: 16 op, 336400.00 ns, 21.0250 us/op

WorkloadPilot    1: 16 op, 3700.00 ns, 231.2500 ns/op
WorkloadPilot    2: 32 op, 24400.00 ns, 762.5000 ns/op
WorkloadPilot    3: 64 op, 13500.00 ns, 210.9375 ns/op
WorkloadPilot    4: 128 op, 22400.00 ns, 175.0000 ns/op
WorkloadPilot    5: 256 op, 26700.00 ns, 104.2969 ns/op
WorkloadPilot    6: 512 op, 76000.00 ns, 148.4375 ns/op
WorkloadPilot    7: 1024 op, 151200.00 ns, 147.6563 ns/op
WorkloadPilot    8: 2048 op, 256000.00 ns, 125.0000 ns/op
WorkloadPilot    9: 4096 op, 567600.00 ns, 138.5742 ns/op
WorkloadPilot   10: 8192 op, 819400.00 ns, 100.0244 ns/op
WorkloadPilot   11: 16384 op, 1578400.00 ns, 96.3379 ns/op
WorkloadPilot   12: 32768 op, 3360500.00 ns, 102.5543 ns/op
WorkloadPilot   13: 65536 op, 6539200.00 ns, 99.7803 ns/op
WorkloadPilot   14: 131072 op, 12881000.00 ns, 98.2742 ns/op
WorkloadPilot   15: 262144 op, 25799400.00 ns, 98.4169 ns/op
WorkloadPilot   16: 524288 op, 49414500.00 ns, 94.2507 ns/op
WorkloadPilot   17: 1048576 op, 98536400.00 ns, 93.9716 ns/op
WorkloadPilot   18: 2097152 op, 183248300.00 ns, 87.3796 ns/op
WorkloadPilot   19: 4194304 op, 365135100.00 ns, 87.0550 ns/op
WorkloadPilot   20: 8388608 op, 724760200.00 ns, 86.3981 ns/op

OverheadWarmup   1: 8388608 op, 22098000.00 ns, 2.6343 ns/op
OverheadWarmup   2: 8388608 op, 22258000.00 ns, 2.6534 ns/op
OverheadWarmup   3: 8388608 op, 21429800.00 ns, 2.5546 ns/op
OverheadWarmup   4: 8388608 op, 21834900.00 ns, 2.6029 ns/op
OverheadWarmup   5: 8388608 op, 21539600.00 ns, 2.5677 ns/op

OverheadActual   1: 8388608 op, 22229600.00 ns, 2.6500 ns/op
OverheadActual   2: 8388608 op, 22223900.00 ns, 2.6493 ns/op
OverheadActual   3: 8388608 op, 22135300.00 ns, 2.6387 ns/op
OverheadActual   4: 8388608 op, 21728800.00 ns, 2.5903 ns/op
OverheadActual   5: 8388608 op, 21798000.00 ns, 2.5985 ns/op
OverheadActual   6: 8388608 op, 22146100.00 ns, 2.6400 ns/op
OverheadActual   7: 8388608 op, 21379700.00 ns, 2.5487 ns/op
OverheadActual   8: 8388608 op, 21943200.00 ns, 2.6158 ns/op
OverheadActual   9: 8388608 op, 19931500.00 ns, 2.3760 ns/op
OverheadActual  10: 8388608 op, 16176000.00 ns, 1.9283 ns/op
OverheadActual  11: 8388608 op, 16425600.00 ns, 1.9581 ns/op
OverheadActual  12: 8388608 op, 15295400.00 ns, 1.8234 ns/op
OverheadActual  13: 8388608 op, 15809800.00 ns, 1.8847 ns/op
OverheadActual  14: 8388608 op, 15647200.00 ns, 1.8653 ns/op
OverheadActual  15: 8388608 op, 15650700.00 ns, 1.8657 ns/op
OverheadActual  16: 8388608 op, 16495100.00 ns, 1.9664 ns/op
OverheadActual  17: 8388608 op, 15503000.00 ns, 1.8481 ns/op
OverheadActual  18: 8388608 op, 15580200.00 ns, 1.8573 ns/op
OverheadActual  19: 8388608 op, 15717400.00 ns, 1.8737 ns/op
OverheadActual  20: 8388608 op, 15507300.00 ns, 1.8486 ns/op

WorkloadWarmup   1: 8388608 op, 726998900.00 ns, 86.6650 ns/op
WorkloadWarmup   2: 8388608 op, 723694100.00 ns, 86.2711 ns/op
WorkloadWarmup   3: 8388608 op, 724936300.00 ns, 86.4191 ns/op

// BeforeActualRun
WorkloadActual   1: 8388608 op, 725666700.00 ns, 86.5062 ns/op
WorkloadActual   2: 8388608 op, 726024300.00 ns, 86.5488 ns/op
WorkloadActual   3: 8388608 op, 727439200.00 ns, 86.7175 ns/op

// AfterActualRun
WorkloadResult   1: 8388608 op, 709206350.00 ns, 84.5440 ns/op
WorkloadResult   2: 8388608 op, 709563950.00 ns, 84.5866 ns/op
WorkloadResult   3: 8388608 op, 710978850.00 ns, 84.7553 ns/op
// GC:  0 0 0 0 8388608
// Threading:  0 0 8388608

// AfterAll
// Benchmark Process 18616 has exited with code 0.

Mean = 84.629 ns, StdErr = 0.065 ns (0.08%), N = 3, StdDev = 0.112 ns
Min = 84.544 ns, Q1 = 84.565 ns, Median = 84.587 ns, Q3 = 84.671 ns, Max = 84.755 ns
IQR = 0.106 ns, LowerFence = 84.407 ns, UpperFence = 84.829 ns
ConfidenceInterval = [82.590 ns; 86.667 ns] (CI 99.9%), Margin = 2.039 ns (2.41% of Mean)
Skewness = 0.32, Kurtosis = 0.67, MValue = 2

// ** Remained 20 (28.6%) benchmark(s) to run. Estimated finish 2026-03-22 17:23 (0h 3m from now) **
Setup power plan (GUID: 8c5e7fda-e8bf-4a96-9a85-a6e23a8c635c FriendlyName: High performance)
// **************************
// Benchmark: StringCopyToCharArrayBenchmarks.DllImport_Memcpy: ShortRun(Runtime=.NET 10.0, IterationCount=3, LaunchCount=1, WarmupCount=3) [source=,, destination=Char[17]]
// *** Execute ***
// Launch: 1 / 1
// Execute: dotnet ScrubJay.Text.Benchmarks-ShortRun-1.dll --anonymousPipes 2136 3332 --benchmarkName "ScrubJay.Text.Benchmarks.CopyTo.StringCopyToCharArrayBenchmarks.DllImport_Memcpy(source: \",\", destination: ['\0', '\0', '\0', '\0', '\0', ...])" --job ShortRun --benchmarkId 25 in C:\git\ScrubJay\ScrubJay.Text\benchmarks\bin\Release\net10.0\ScrubJay.Text.Benchmarks-ShortRun-1\bin\Release\net10.0
// BeforeAnythingElse

// Benchmark Process Environment Information:
// BenchmarkDotNet v0.15.8
// Runtime=.NET 10.0.4 (10.0.4, 10.0.426.12010), X64 RyuJIT x86-64-v3
// GC=Concurrent Workstation
// HardwareIntrinsics=AVX2+BMI1+BMI2+F16C+FMA+LZCNT+MOVBE,AVX,SSE3+SSSE3+SSE4.1+SSE4.2+POPCNT,X86Base+SSE+SSE2,AES+PCLMUL VectorSize=256
// Job: ShortRun(IterationCount=3, LaunchCount=1, WarmupCount=3)

OverheadJitting  1: 1 op, 443800.00 ns, 443.8000 us/op
WorkloadJitting  1: 1 op, 674800.00 ns, 674.8000 us/op

OverheadJitting  2: 16 op, 306900.00 ns, 19.1813 us/op
WorkloadJitting  2: 16 op, 469000.00 ns, 29.3125 us/op

WorkloadPilot    1: 16 op, 1700.00 ns, 106.2500 ns/op
WorkloadPilot    2: 32 op, 1700.00 ns, 53.1250 ns/op
WorkloadPilot    3: 64 op, 1900.00 ns, 29.6875 ns/op
WorkloadPilot    4: 128 op, 3100.00 ns, 24.2188 ns/op
WorkloadPilot    5: 256 op, 9200.00 ns, 35.9375 ns/op
WorkloadPilot    6: 512 op, 23400.00 ns, 45.7031 ns/op
WorkloadPilot    7: 1024 op, 19500.00 ns, 19.0430 ns/op
WorkloadPilot    8: 2048 op, 37100.00 ns, 18.1152 ns/op
WorkloadPilot    9: 4096 op, 116800.00 ns, 28.5156 ns/op
WorkloadPilot   10: 8192 op, 180600.00 ns, 22.0459 ns/op
WorkloadPilot   11: 16384 op, 603600.00 ns, 36.8408 ns/op
WorkloadPilot   12: 32768 op, 583300.00 ns, 17.8009 ns/op
WorkloadPilot   13: 65536 op, 1287200.00 ns, 19.6411 ns/op
WorkloadPilot   14: 131072 op, 2352100.00 ns, 17.9451 ns/op
WorkloadPilot   15: 262144 op, 5212900.00 ns, 19.8856 ns/op
WorkloadPilot   16: 524288 op, 9436200.00 ns, 17.9981 ns/op
WorkloadPilot   17: 1048576 op, 19254700.00 ns, 18.3627 ns/op
WorkloadPilot   18: 2097152 op, 37935500.00 ns, 18.0891 ns/op
WorkloadPilot   19: 4194304 op, 75899700.00 ns, 18.0959 ns/op
WorkloadPilot   20: 8388608 op, 102458700.00 ns, 12.2140 ns/op
WorkloadPilot   21: 16777216 op, 202642300.00 ns, 12.0784 ns/op
WorkloadPilot   22: 33554432 op, 402156700.00 ns, 11.9852 ns/op
WorkloadPilot   23: 67108864 op, 808015400.00 ns, 12.0404 ns/op

OverheadWarmup   1: 67108864 op, 170981100.00 ns, 2.5478 ns/op
OverheadWarmup   2: 67108864 op, 141114600.00 ns, 2.1028 ns/op
OverheadWarmup   3: 67108864 op, 128051500.00 ns, 1.9081 ns/op
OverheadWarmup   4: 67108864 op, 126488700.00 ns, 1.8848 ns/op
OverheadWarmup   5: 67108864 op, 128636900.00 ns, 1.9168 ns/op
OverheadWarmup   6: 67108864 op, 128678400.00 ns, 1.9175 ns/op
OverheadWarmup   7: 67108864 op, 128997900.00 ns, 1.9222 ns/op
OverheadWarmup   8: 67108864 op, 129084100.00 ns, 1.9235 ns/op
OverheadWarmup   9: 67108864 op, 128712200.00 ns, 1.9180 ns/op
OverheadWarmup  10: 67108864 op, 129626400.00 ns, 1.9316 ns/op

OverheadActual   1: 67108864 op, 126838500.00 ns, 1.8900 ns/op
OverheadActual   2: 67108864 op, 126649200.00 ns, 1.8872 ns/op
OverheadActual   3: 67108864 op, 130050400.00 ns, 1.9379 ns/op
OverheadActual   4: 67108864 op, 129412600.00 ns, 1.9284 ns/op
OverheadActual   5: 67108864 op, 128286500.00 ns, 1.9116 ns/op
OverheadActual   6: 67108864 op, 129834500.00 ns, 1.9347 ns/op
OverheadActual   7: 67108864 op, 128971800.00 ns, 1.9218 ns/op
OverheadActual   8: 67108864 op, 129256200.00 ns, 1.9261 ns/op
OverheadActual   9: 67108864 op, 127530400.00 ns, 1.9004 ns/op
OverheadActual  10: 67108864 op, 127135500.00 ns, 1.8945 ns/op
OverheadActual  11: 67108864 op, 129764300.00 ns, 1.9336 ns/op
OverheadActual  12: 67108864 op, 127371500.00 ns, 1.8980 ns/op
OverheadActual  13: 67108864 op, 127946100.00 ns, 1.9065 ns/op
OverheadActual  14: 67108864 op, 129031600.00 ns, 1.9227 ns/op
OverheadActual  15: 67108864 op, 133174800.00 ns, 1.9845 ns/op

WorkloadWarmup   1: 67108864 op, 801952300.00 ns, 11.9500 ns/op
WorkloadWarmup   2: 67108864 op, 805446700.00 ns, 12.0021 ns/op
WorkloadWarmup   3: 67108864 op, 803108300.00 ns, 11.9672 ns/op

// BeforeActualRun
WorkloadActual   1: 67108864 op, 801833000.00 ns, 11.9482 ns/op
WorkloadActual   2: 67108864 op, 805162300.00 ns, 11.9979 ns/op
WorkloadActual   3: 67108864 op, 799912000.00 ns, 11.9196 ns/op

// AfterActualRun
WorkloadResult   1: 67108864 op, 672861200.00 ns, 10.0264 ns/op
WorkloadResult   2: 67108864 op, 676190500.00 ns, 10.0760 ns/op
WorkloadResult   3: 67108864 op, 670940200.00 ns, 9.9978 ns/op
// GC:  0 0 0 0 67108864
// Threading:  0 0 67108864

// AfterAll
// Benchmark Process 19620 has exited with code 0.

Mean = 10.033 ns, StdErr = 0.023 ns (0.23%), N = 3, StdDev = 0.040 ns
Min = 9.998 ns, Q1 = 10.012 ns, Median = 10.026 ns, Q3 = 10.051 ns, Max = 10.076 ns
IQR = 0.039 ns, LowerFence = 9.953 ns, UpperFence = 10.110 ns
ConfidenceInterval = [9.311 ns; 10.756 ns] (CI 99.9%), Margin = 0.722 ns (7.20% of Mean)
Skewness = 0.17, Kurtosis = 0.67, MValue = 2

// ** Remained 19 (27.1%) benchmark(s) to run. Estimated finish 2026-03-22 17:23 (0h 3m from now) **
Setup power plan (GUID: 8c5e7fda-e8bf-4a96-9a85-a6e23a8c635c FriendlyName: High performance)
// **************************
// Benchmark: StringCopyToCharArrayBenchmarks.DllImport_Memcpy: ShortRun(Runtime=.NET 10.0, IterationCount=3, LaunchCount=1, WarmupCount=3) [source=\r\n, destination=Char[18]]
// *** Execute ***
// Launch: 1 / 1
// Execute: dotnet ScrubJay.Text.Benchmarks-ShortRun-1.dll --anonymousPipes 1840 3280 --benchmarkName "ScrubJay.Text.Benchmarks.CopyTo.StringCopyToCharArrayBenchmarks.DllImport_Memcpy(source: \"\r\n\", destination: ['\0', '\0', '\0', '\0', '\0', ...])" --job ShortRun --benchmarkId 26 in C:\git\ScrubJay\ScrubJay.Text\benchmarks\bin\Release\net10.0\ScrubJay.Text.Benchmarks-ShortRun-1\bin\Release\net10.0
// BeforeAnythingElse

// Benchmark Process Environment Information:
// BenchmarkDotNet v0.15.8
// Runtime=.NET 10.0.4 (10.0.4, 10.0.426.12010), X64 RyuJIT x86-64-v3
// GC=Concurrent Workstation
// HardwareIntrinsics=AVX2+BMI1+BMI2+F16C+FMA+LZCNT+MOVBE,AVX,SSE3+SSSE3+SSE4.1+SSE4.2+POPCNT,X86Base+SSE+SSE2,AES+PCLMUL VectorSize=256
// Job: ShortRun(IterationCount=3, LaunchCount=1, WarmupCount=3)

OverheadJitting  1: 1 op, 265400.00 ns, 265.4000 us/op
WorkloadJitting  1: 1 op, 634100.00 ns, 634.1000 us/op

OverheadJitting  2: 16 op, 302600.00 ns, 18.9125 us/op
WorkloadJitting  2: 16 op, 404000.00 ns, 25.2500 us/op

WorkloadPilot    1: 16 op, 1500.00 ns, 93.7500 ns/op
WorkloadPilot    2: 32 op, 1600.00 ns, 50.0000 ns/op
WorkloadPilot    3: 64 op, 2200.00 ns, 34.3750 ns/op
WorkloadPilot    4: 128 op, 3300.00 ns, 25.7813 ns/op
WorkloadPilot    5: 256 op, 5900.00 ns, 23.0469 ns/op
WorkloadPilot    6: 512 op, 18300.00 ns, 35.7422 ns/op
WorkloadPilot    7: 1024 op, 20100.00 ns, 19.6289 ns/op
WorkloadPilot    8: 2048 op, 39500.00 ns, 19.2871 ns/op
WorkloadPilot    9: 4096 op, 179100.00 ns, 43.7256 ns/op
WorkloadPilot   10: 8192 op, 166800.00 ns, 20.3613 ns/op
WorkloadPilot   11: 16384 op, 408000.00 ns, 24.9023 ns/op
WorkloadPilot   12: 32768 op, 738900.00 ns, 22.5494 ns/op
WorkloadPilot   13: 65536 op, 1358600.00 ns, 20.7306 ns/op
WorkloadPilot   14: 131072 op, 2584800.00 ns, 19.7205 ns/op
WorkloadPilot   15: 262144 op, 5096900.00 ns, 19.4431 ns/op
WorkloadPilot   16: 524288 op, 9987100.00 ns, 19.0489 ns/op
WorkloadPilot   17: 1048576 op, 20438600.00 ns, 19.4918 ns/op
WorkloadPilot   18: 2097152 op, 40174200.00 ns, 19.1566 ns/op
WorkloadPilot   19: 4194304 op, 80455700.00 ns, 19.1821 ns/op
WorkloadPilot   20: 8388608 op, 108330600.00 ns, 12.9140 ns/op
WorkloadPilot   21: 16777216 op, 215468300.00 ns, 12.8429 ns/op
WorkloadPilot   22: 33554432 op, 427975900.00 ns, 12.7547 ns/op
WorkloadPilot   23: 67108864 op, 860616300.00 ns, 12.8242 ns/op

OverheadWarmup   1: 67108864 op, 170792100.00 ns, 2.5450 ns/op
OverheadWarmup   2: 67108864 op, 138602600.00 ns, 2.0653 ns/op
OverheadWarmup   3: 67108864 op, 128045200.00 ns, 1.9080 ns/op
OverheadWarmup   4: 67108864 op, 127474300.00 ns, 1.8995 ns/op
OverheadWarmup   5: 67108864 op, 130002100.00 ns, 1.9372 ns/op
OverheadWarmup   6: 67108864 op, 128024700.00 ns, 1.9077 ns/op
OverheadWarmup   7: 67108864 op, 127936900.00 ns, 1.9064 ns/op
OverheadWarmup   8: 67108864 op, 128809800.00 ns, 1.9194 ns/op
OverheadWarmup   9: 67108864 op, 127874600.00 ns, 1.9055 ns/op

OverheadActual   1: 67108864 op, 129755900.00 ns, 1.9335 ns/op
OverheadActual   2: 67108864 op, 128174200.00 ns, 1.9099 ns/op
OverheadActual   3: 67108864 op, 127408600.00 ns, 1.8985 ns/op
OverheadActual   4: 67108864 op, 131175400.00 ns, 1.9547 ns/op
OverheadActual   5: 67108864 op, 127499400.00 ns, 1.8999 ns/op
OverheadActual   6: 67108864 op, 129930700.00 ns, 1.9361 ns/op
OverheadActual   7: 67108864 op, 127397300.00 ns, 1.8984 ns/op
OverheadActual   8: 67108864 op, 130920800.00 ns, 1.9509 ns/op
OverheadActual   9: 67108864 op, 129349100.00 ns, 1.9275 ns/op
OverheadActual  10: 67108864 op, 128106800.00 ns, 1.9089 ns/op
OverheadActual  11: 67108864 op, 127240000.00 ns, 1.8960 ns/op
OverheadActual  12: 67108864 op, 134786300.00 ns, 2.0085 ns/op
OverheadActual  13: 67108864 op, 128300600.00 ns, 1.9118 ns/op
OverheadActual  14: 67108864 op, 129274500.00 ns, 1.9263 ns/op
OverheadActual  15: 67108864 op, 127847600.00 ns, 1.9051 ns/op

WorkloadWarmup   1: 67108864 op, 860230600.00 ns, 12.8184 ns/op
WorkloadWarmup   2: 67108864 op, 859351800.00 ns, 12.8053 ns/op
WorkloadWarmup   3: 67108864 op, 858013100.00 ns, 12.7854 ns/op

// BeforeActualRun
WorkloadActual   1: 67108864 op, 857212500.00 ns, 12.7735 ns/op
WorkloadActual   2: 67108864 op, 859352700.00 ns, 12.8054 ns/op
WorkloadActual   3: 67108864 op, 856962600.00 ns, 12.7697 ns/op

// AfterActualRun
WorkloadResult   1: 67108864 op, 728911900.00 ns, 10.8616 ns/op
WorkloadResult   2: 67108864 op, 731052100.00 ns, 10.8935 ns/op
WorkloadResult   3: 67108864 op, 728662000.00 ns, 10.8579 ns/op
// GC:  0 0 0 0 67108864
// Threading:  0 0 67108864

// AfterAll
// Benchmark Process 1536 has exited with code 0.

Mean = 10.871 ns, StdErr = 0.011 ns (0.10%), N = 3, StdDev = 0.020 ns
Min = 10.858 ns, Q1 = 10.860 ns, Median = 10.862 ns, Q3 = 10.878 ns, Max = 10.894 ns
IQR = 0.018 ns, LowerFence = 10.833 ns, UpperFence = 10.904 ns
ConfidenceInterval = [10.514 ns; 11.228 ns] (CI 99.9%), Margin = 0.357 ns (3.29% of Mean)
Skewness = 0.37, Kurtosis = 0.67, MValue = 2

// ** Remained 18 (25.7%) benchmark(s) to run. Estimated finish 2026-03-22 17:23 (0h 2m from now) **
Setup power plan (GUID: 8c5e7fda-e8bf-4a96-9a85-a6e23a8c635c FriendlyName: High performance)
// **************************
// Benchmark: StringCopyToCharArrayBenchmarks.DllImport_Memcpy: ShortRun(Runtime=.NET 10.0, IterationCount=3, LaunchCount=1, WarmupCount=3) [source=Sphin(...) vow! [37], destination=Char[53]]
// *** Execute ***
// Launch: 1 / 1
// Execute: dotnet ScrubJay.Text.Benchmarks-ShortRun-1.dll --anonymousPipes 1316 3332 --benchmarkName "ScrubJay.Text.Benchmarks.CopyTo.StringCopyToCharArrayBenchmarks.DllImport_Memcpy(source: \"Sphinx of black quartz, judge my vow!\", destination: ['\0', '\0', '\0', '\0', '\0', ...])" --job ShortRun --benchmarkId 27 in C:\git\ScrubJay\ScrubJay.Text\benchmarks\bin\Release\net10.0\ScrubJay.Text.Benchmarks-ShortRun-1\bin\Release\net10.0
// BeforeAnythingElse

// Benchmark Process Environment Information:
// BenchmarkDotNet v0.15.8
// Runtime=.NET 10.0.4 (10.0.4, 10.0.426.12010), X64 RyuJIT x86-64-v3
// GC=Concurrent Workstation
// HardwareIntrinsics=AVX2+BMI1+BMI2+F16C+FMA+LZCNT+MOVBE,AVX,SSE3+SSSE3+SSE4.1+SSE4.2+POPCNT,X86Base+SSE+SSE2,AES+PCLMUL VectorSize=256
// Job: ShortRun(IterationCount=3, LaunchCount=1, WarmupCount=3)

OverheadJitting  1: 1 op, 240800.00 ns, 240.8000 us/op
WorkloadJitting  1: 1 op, 725000.00 ns, 725.0000 us/op

OverheadJitting  2: 16 op, 282600.00 ns, 17.6625 us/op
WorkloadJitting  2: 16 op, 463300.00 ns, 28.9563 us/op

WorkloadPilot    1: 16 op, 1900.00 ns, 118.7500 ns/op
WorkloadPilot    2: 32 op, 1500.00 ns, 46.8750 ns/op
WorkloadPilot    3: 64 op, 2300.00 ns, 35.9375 ns/op
WorkloadPilot    4: 128 op, 3300.00 ns, 25.7813 ns/op
WorkloadPilot    5: 256 op, 9900.00 ns, 38.6719 ns/op
WorkloadPilot    6: 512 op, 11300.00 ns, 22.0703 ns/op
WorkloadPilot    7: 1024 op, 21000.00 ns, 20.5078 ns/op
WorkloadPilot    8: 2048 op, 61100.00 ns, 29.8340 ns/op
WorkloadPilot    9: 4096 op, 124300.00 ns, 30.3467 ns/op
WorkloadPilot   10: 8192 op, 262500.00 ns, 32.0435 ns/op
WorkloadPilot   11: 16384 op, 429400.00 ns, 26.2085 ns/op
WorkloadPilot   12: 32768 op, 798400.00 ns, 24.3652 ns/op
WorkloadPilot   13: 65536 op, 1426100.00 ns, 21.7606 ns/op
WorkloadPilot   14: 131072 op, 2670700.00 ns, 20.3758 ns/op
WorkloadPilot   15: 262144 op, 5413800.00 ns, 20.6520 ns/op
WorkloadPilot   16: 524288 op, 10640500.00 ns, 20.2951 ns/op
WorkloadPilot   17: 1048576 op, 21522000.00 ns, 20.5250 ns/op
WorkloadPilot   18: 2097152 op, 44759800.00 ns, 21.3431 ns/op
WorkloadPilot   19: 4194304 op, 86435500.00 ns, 20.6078 ns/op
WorkloadPilot   20: 8388608 op, 129095800.00 ns, 15.3894 ns/op
WorkloadPilot   21: 16777216 op, 254114900.00 ns, 15.1464 ns/op
WorkloadPilot   22: 33554432 op, 512051300.00 ns, 15.2603 ns/op

OverheadWarmup   1: 33554432 op, 85223700.00 ns, 2.5399 ns/op
OverheadWarmup   2: 33554432 op, 84774500.00 ns, 2.5265 ns/op
OverheadWarmup   3: 33554432 op, 86499800.00 ns, 2.5779 ns/op
OverheadWarmup   4: 33554432 op, 81716200.00 ns, 2.4353 ns/op
OverheadWarmup   5: 33554432 op, 64093300.00 ns, 1.9101 ns/op
OverheadWarmup   6: 33554432 op, 63593100.00 ns, 1.8952 ns/op
OverheadWarmup   7: 33554432 op, 65992900.00 ns, 1.9667 ns/op
OverheadWarmup   8: 33554432 op, 64018300.00 ns, 1.9079 ns/op

OverheadActual   1: 33554432 op, 63443600.00 ns, 1.8908 ns/op
OverheadActual   2: 33554432 op, 63830200.00 ns, 1.9023 ns/op
OverheadActual   3: 33554432 op, 63065800.00 ns, 1.8795 ns/op
OverheadActual   4: 33554432 op, 63723500.00 ns, 1.8991 ns/op
OverheadActual   5: 33554432 op, 64249200.00 ns, 1.9148 ns/op
OverheadActual   6: 33554432 op, 63114000.00 ns, 1.8809 ns/op
OverheadActual   7: 33554432 op, 65199800.00 ns, 1.9431 ns/op
OverheadActual   8: 33554432 op, 66816000.00 ns, 1.9913 ns/op
OverheadActual   9: 33554432 op, 63821400.00 ns, 1.9020 ns/op
OverheadActual  10: 33554432 op, 63931200.00 ns, 1.9053 ns/op
OverheadActual  11: 33554432 op, 64045300.00 ns, 1.9087 ns/op
OverheadActual  12: 33554432 op, 67717500.00 ns, 2.0181 ns/op
OverheadActual  13: 33554432 op, 64869700.00 ns, 1.9333 ns/op
OverheadActual  14: 33554432 op, 63929400.00 ns, 1.9052 ns/op
OverheadActual  15: 33554432 op, 63820900.00 ns, 1.9020 ns/op

WorkloadWarmup   1: 33554432 op, 518231600.00 ns, 15.4445 ns/op
WorkloadWarmup   2: 33554432 op, 509274000.00 ns, 15.1775 ns/op
WorkloadWarmup   3: 33554432 op, 510051100.00 ns, 15.2007 ns/op

// BeforeActualRun
WorkloadActual   1: 33554432 op, 511002300.00 ns, 15.2291 ns/op
WorkloadActual   2: 33554432 op, 512474300.00 ns, 15.2729 ns/op
WorkloadActual   3: 33554432 op, 509296200.00 ns, 15.1782 ns/op

// AfterActualRun
WorkloadResult   1: 33554432 op, 447072900.00 ns, 13.3238 ns/op
WorkloadResult   2: 33554432 op, 448544900.00 ns, 13.3677 ns/op
WorkloadResult   3: 33554432 op, 445366800.00 ns, 13.2730 ns/op
// GC:  0 0 0 0 33554432
// Threading:  0 0 33554432

// AfterAll
// Benchmark Process 23100 has exited with code 0.

Mean = 13.321 ns, StdErr = 0.027 ns (0.21%), N = 3, StdDev = 0.047 ns
Min = 13.273 ns, Q1 = 13.298 ns, Median = 13.324 ns, Q3 = 13.346 ns, Max = 13.368 ns
IQR = 0.047 ns, LowerFence = 13.227 ns, UpperFence = 13.417 ns
ConfidenceInterval = [12.457 ns; 14.186 ns] (CI 99.9%), Margin = 0.865 ns (6.49% of Mean)
Skewness = -0.05, Kurtosis = 0.67, MValue = 2

// ** Remained 17 (24.3%) benchmark(s) to run. Estimated finish 2026-03-22 17:23 (0h 2m from now) **
Setup power plan (GUID: 8c5e7fda-e8bf-4a96-9a85-a6e23a8c635c FriendlyName: High performance)
// **************************
// Benchmark: StringCopyToCharArrayBenchmarks.DllImport_Memcpy: ShortRun(Runtime=.NET 10.0, IterationCount=3, LaunchCount=1, WarmupCount=3) [source='"\\\0(...){]}\\ [512], destination=Char[528]]
// *** Execute ***
// Launch: 1 / 1
// Execute: dotnet ScrubJay.Text.Benchmarks-ShortRun-1.dll --anonymousPipes 1388 2980 --benchmarkName "ScrubJay.Text.Benchmarks.CopyTo.StringCopyToCharArrayBenchmarks.DllImport_Memcpy(source: \"'\\\"\\\0\a\b\f\n\r\t\v`~!@#$%^&*()-_=+[{]}\\|;:'\\\",<.>/?Sphinx of black quartz, judge my vow!'\\\"\\\0\a\b\f\n\r\t\v`~!@#$%^&*()-_=+[{]}\\|;:'\\\",<.>/?Sphinx of black quartz, judge my vow!'\\\"\\\0\a\b\f\n\r\t\v`~!@#$%^&*()-_=+[{]}\\|;:'\\\",<.>/?Sphinx of black quartz, judge my vow!'\\\"\\\0\a\b\f\n\r\t\v`~!@#$%^&*()-_=+[{]}\\|;:'\\\",<.>/?Sphinx of black quartz, judge my vow!'\\\"\\\0\a\b\f\n\r\t\v`~!@#$%^&*()-_=+[{]}\\|;:'\\\",<.>/?Sphinx of black quartz, judge my vow!'\\\"\\\0\a\b\f\n\r\t\v`~!@#$%^&*()-_=+[{]}\\|;:'\\\",<.>/?Sphinx of black quartz, judge my vow!'\\\"\\\0\a\b\f\n\r\t\v`~!@#$%^&*()-_=+[{]}\\\\\", destination: ['\0', '\0', '\0', '\0', '\0', ...])" --job ShortRun --benchmarkId 28 in C:\git\ScrubJay\ScrubJay.Text\benchmarks\bin\Release\net10.0\ScrubJay.Text.Benchmarks-ShortRun-1\bin\Release\net10.0
// BeforeAnythingElse

// Benchmark Process Environment Information:
// BenchmarkDotNet v0.15.8
// Runtime=.NET 10.0.4 (10.0.4, 10.0.426.12010), X64 RyuJIT x86-64-v3
// GC=Concurrent Workstation
// HardwareIntrinsics=AVX2+BMI1+BMI2+F16C+FMA+LZCNT+MOVBE,AVX,SSE3+SSSE3+SSE4.1+SSE4.2+POPCNT,X86Base+SSE+SSE2,AES+PCLMUL VectorSize=256
// Job: ShortRun(IterationCount=3, LaunchCount=1, WarmupCount=3)

OverheadJitting  1: 1 op, 206100.00 ns, 206.1000 us/op
WorkloadJitting  1: 1 op, 718400.00 ns, 718.4000 us/op

OverheadJitting  2: 16 op, 388500.00 ns, 24.2813 us/op
WorkloadJitting  2: 16 op, 361900.00 ns, 22.6188 us/op

WorkloadPilot    1: 16 op, 2800.00 ns, 175.0000 ns/op
WorkloadPilot    2: 32 op, 2600.00 ns, 81.2500 ns/op
WorkloadPilot    3: 64 op, 3800.00 ns, 59.3750 ns/op
WorkloadPilot    4: 128 op, 6000.00 ns, 46.8750 ns/op
WorkloadPilot    5: 256 op, 11200.00 ns, 43.7500 ns/op
WorkloadPilot    6: 512 op, 49700.00 ns, 97.0703 ns/op
WorkloadPilot    7: 1024 op, 82200.00 ns, 80.2734 ns/op
WorkloadPilot    8: 2048 op, 90700.00 ns, 44.2871 ns/op
WorkloadPilot    9: 4096 op, 206700.00 ns, 50.4639 ns/op
WorkloadPilot   10: 8192 op, 368300.00 ns, 44.9585 ns/op
WorkloadPilot   11: 16384 op, 657900.00 ns, 40.1550 ns/op
WorkloadPilot   12: 32768 op, 1398500.00 ns, 42.6788 ns/op
WorkloadPilot   13: 65536 op, 2689900.00 ns, 41.0446 ns/op
WorkloadPilot   14: 131072 op, 5410800.00 ns, 41.2811 ns/op
WorkloadPilot   15: 262144 op, 10761300.00 ns, 41.0511 ns/op
WorkloadPilot   16: 524288 op, 20891700.00 ns, 39.8478 ns/op
WorkloadPilot   17: 1048576 op, 41750000.00 ns, 39.8159 ns/op
WorkloadPilot   18: 2097152 op, 83115900.00 ns, 39.6327 ns/op
WorkloadPilot   19: 4194304 op, 153511700.00 ns, 36.6000 ns/op
WorkloadPilot   20: 8388608 op, 259684300.00 ns, 30.9568 ns/op
WorkloadPilot   21: 16777216 op, 524114800.00 ns, 31.2397 ns/op

OverheadWarmup   1: 16777216 op, 42480900.00 ns, 2.5321 ns/op
OverheadWarmup   2: 16777216 op, 42269000.00 ns, 2.5194 ns/op
OverheadWarmup   3: 16777216 op, 44008800.00 ns, 2.6231 ns/op
OverheadWarmup   4: 16777216 op, 41709300.00 ns, 2.4861 ns/op
OverheadWarmup   5: 16777216 op, 42348800.00 ns, 2.5242 ns/op
OverheadWarmup   6: 16777216 op, 41757600.00 ns, 2.4889 ns/op

OverheadActual   1: 16777216 op, 42076000.00 ns, 2.5079 ns/op
OverheadActual   2: 16777216 op, 41563900.00 ns, 2.4774 ns/op
OverheadActual   3: 16777216 op, 42086500.00 ns, 2.5086 ns/op
OverheadActual   4: 16777216 op, 42215200.00 ns, 2.5162 ns/op
OverheadActual   5: 16777216 op, 41854400.00 ns, 2.4947 ns/op
OverheadActual   6: 16777216 op, 42580500.00 ns, 2.5380 ns/op
OverheadActual   7: 16777216 op, 41818300.00 ns, 2.4926 ns/op
OverheadActual   8: 16777216 op, 41534900.00 ns, 2.4757 ns/op
OverheadActual   9: 16777216 op, 40875400.00 ns, 2.4364 ns/op
OverheadActual  10: 16777216 op, 34488800.00 ns, 2.0557 ns/op
OverheadActual  11: 16777216 op, 33185600.00 ns, 1.9780 ns/op
OverheadActual  12: 16777216 op, 32204100.00 ns, 1.9195 ns/op
OverheadActual  13: 16777216 op, 39221200.00 ns, 2.3378 ns/op
OverheadActual  14: 16777216 op, 32230500.00 ns, 1.9211 ns/op
OverheadActual  15: 16777216 op, 32158300.00 ns, 1.9168 ns/op
OverheadActual  16: 16777216 op, 32619200.00 ns, 1.9443 ns/op
OverheadActual  17: 16777216 op, 31879100.00 ns, 1.9001 ns/op
OverheadActual  18: 16777216 op, 32464000.00 ns, 1.9350 ns/op
OverheadActual  19: 16777216 op, 34253500.00 ns, 2.0417 ns/op
OverheadActual  20: 16777216 op, 32079700.00 ns, 1.9121 ns/op

WorkloadWarmup   1: 16777216 op, 522510800.00 ns, 31.1441 ns/op
WorkloadWarmup   2: 16777216 op, 523965100.00 ns, 31.2308 ns/op
WorkloadWarmup   3: 16777216 op, 525062800.00 ns, 31.2962 ns/op

// BeforeActualRun
WorkloadActual   1: 16777216 op, 519691300.00 ns, 30.9760 ns/op
WorkloadActual   2: 16777216 op, 516106100.00 ns, 30.7623 ns/op
WorkloadActual   3: 16777216 op, 523730300.00 ns, 31.2168 ns/op

// AfterActualRun
WorkloadResult   1: 16777216 op, 482836300.00 ns, 28.7793 ns/op
WorkloadResult   2: 16777216 op, 479251100.00 ns, 28.5656 ns/op
WorkloadResult   3: 16777216 op, 486875300.00 ns, 29.0200 ns/op
// GC:  0 0 0 0 16777216
// Threading:  0 0 16777216

// AfterAll
// Benchmark Process 9748 has exited with code 0.

Mean = 28.788 ns, StdErr = 0.131 ns (0.46%), N = 3, StdDev = 0.227 ns
Min = 28.566 ns, Q1 = 28.672 ns, Median = 28.779 ns, Q3 = 28.900 ns, Max = 29.020 ns
IQR = 0.227 ns, LowerFence = 28.332 ns, UpperFence = 29.240 ns
ConfidenceInterval = [24.641 ns; 32.936 ns] (CI 99.9%), Margin = 4.148 ns (14.41% of Mean)
Skewness = 0.04, Kurtosis = 0.67, MValue = 2

// ** Remained 16 (22.9%) benchmark(s) to run. Estimated finish 2026-03-22 17:23 (0h 2m from now) **
Setup power plan (GUID: 8c5e7fda-e8bf-4a96-9a85-a6e23a8c635c FriendlyName: High performance)
// **************************
// Benchmark: StringCopyToCharArrayBenchmarks.DllImport_Memcpy: ShortRun(Runtime=.NET 10.0, IterationCount=3, LaunchCount=1, WarmupCount=3) [source='"\\\0(...)~!@# [4096], destination=Char[4112]]
// *** Execute ***
// Launch: 1 / 1
// Execute: dotnet ScrubJay.Text.Benchmarks-ShortRun-1.dll --anonymousPipes 808 3372 --benchmarkName StringCopyToCharArrayBenchmarks.DllImport_Memcpy(paramsHash_2265059500) --job ShortRun --benchmarkId 29 in C:\git\ScrubJay\ScrubJay.Text\benchmarks\bin\Release\net10.0\ScrubJay.Text.Benchmarks-ShortRun-1\bin\Release\net10.0
// BeforeAnythingElse

// Benchmark Process Environment Information:
// BenchmarkDotNet v0.15.8
// Runtime=.NET 10.0.4 (10.0.4, 10.0.426.12010), X64 RyuJIT x86-64-v3
// GC=Concurrent Workstation
// HardwareIntrinsics=AVX2+BMI1+BMI2+F16C+FMA+LZCNT+MOVBE,AVX,SSE3+SSSE3+SSE4.1+SSE4.2+POPCNT,X86Base+SSE+SSE2,AES+PCLMUL VectorSize=256
// Job: ShortRun(IterationCount=3, LaunchCount=1, WarmupCount=3)

OverheadJitting  1: 1 op, 398900.00 ns, 398.9000 us/op
WorkloadJitting  1: 1 op, 881100.00 ns, 881.1000 us/op

OverheadJitting  2: 16 op, 413600.00 ns, 25.8500 us/op
WorkloadJitting  2: 16 op, 646600.00 ns, 40.4125 us/op

WorkloadPilot    1: 16 op, 24600.00 ns, 1.5375 us/op
WorkloadPilot    2: 32 op, 8500.00 ns, 265.6250 ns/op
WorkloadPilot    3: 64 op, 13300.00 ns, 207.8125 ns/op
WorkloadPilot    4: 128 op, 38300.00 ns, 299.2188 ns/op
WorkloadPilot    5: 256 op, 63300.00 ns, 247.2656 ns/op
WorkloadPilot    6: 512 op, 108100.00 ns, 211.1328 ns/op
WorkloadPilot    7: 1024 op, 325700.00 ns, 318.0664 ns/op
WorkloadPilot    8: 2048 op, 407900.00 ns, 199.1699 ns/op
WorkloadPilot    9: 4096 op, 746200.00 ns, 182.1777 ns/op
WorkloadPilot   10: 8192 op, 1525300.00 ns, 186.1938 ns/op
WorkloadPilot   11: 16384 op, 2886300.00 ns, 176.1658 ns/op
WorkloadPilot   12: 32768 op, 6669700.00 ns, 203.5431 ns/op
WorkloadPilot   13: 65536 op, 12236800.00 ns, 186.7188 ns/op
WorkloadPilot   14: 131072 op, 26863100.00 ns, 204.9492 ns/op
WorkloadPilot   15: 262144 op, 55257100.00 ns, 210.7891 ns/op
WorkloadPilot   16: 524288 op, 94886800.00 ns, 180.9822 ns/op
WorkloadPilot   17: 1048576 op, 186387400.00 ns, 177.7529 ns/op
WorkloadPilot   18: 2097152 op, 388666300.00 ns, 185.3305 ns/op
WorkloadPilot   19: 4194304 op, 830205900.00 ns, 197.9365 ns/op

OverheadWarmup   1: 4194304 op, 13129900.00 ns, 3.1304 ns/op
OverheadWarmup   2: 4194304 op, 12102900.00 ns, 2.8856 ns/op
OverheadWarmup   3: 4194304 op, 14598200.00 ns, 3.4805 ns/op
OverheadWarmup   4: 4194304 op, 11758700.00 ns, 2.8035 ns/op
OverheadWarmup   5: 4194304 op, 11437500.00 ns, 2.7269 ns/op
OverheadWarmup   6: 4194304 op, 13867300.00 ns, 3.3062 ns/op
OverheadWarmup   7: 4194304 op, 15014600.00 ns, 3.5798 ns/op
OverheadWarmup   8: 4194304 op, 11367000.00 ns, 2.7101 ns/op

OverheadActual   1: 4194304 op, 12535600.00 ns, 2.9887 ns/op
OverheadActual   2: 4194304 op, 11194700.00 ns, 2.6690 ns/op
OverheadActual   3: 4194304 op, 11431600.00 ns, 2.7255 ns/op
OverheadActual   4: 4194304 op, 10874200.00 ns, 2.5926 ns/op
OverheadActual   5: 4194304 op, 10891900.00 ns, 2.5968 ns/op
OverheadActual   6: 4194304 op, 11890500.00 ns, 2.8349 ns/op
OverheadActual   7: 4194304 op, 11324700.00 ns, 2.7000 ns/op
OverheadActual   8: 4194304 op, 11082600.00 ns, 2.6423 ns/op
OverheadActual   9: 4194304 op, 10705300.00 ns, 2.5523 ns/op
OverheadActual  10: 4194304 op, 11535000.00 ns, 2.7502 ns/op
OverheadActual  11: 4194304 op, 10909800.00 ns, 2.6011 ns/op
OverheadActual  12: 4194304 op, 10728800.00 ns, 2.5579 ns/op
OverheadActual  13: 4194304 op, 11306900.00 ns, 2.6958 ns/op
OverheadActual  14: 4194304 op, 10902500.00 ns, 2.5994 ns/op
OverheadActual  15: 4194304 op, 10788700.00 ns, 2.5722 ns/op

WorkloadWarmup   1: 4194304 op, 789543400.00 ns, 188.2418 ns/op
WorkloadWarmup   2: 4194304 op, 776984300.00 ns, 185.2475 ns/op
WorkloadWarmup   3: 4194304 op, 760031200.00 ns, 181.2056 ns/op

// BeforeActualRun
WorkloadActual   1: 4194304 op, 737324800.00 ns, 175.7919 ns/op
WorkloadActual   2: 4194304 op, 734190700.00 ns, 175.0447 ns/op
WorkloadActual   3: 4194304 op, 737307000.00 ns, 175.7877 ns/op

// AfterActualRun
WorkloadResult   1: 4194304 op, 726242200.00 ns, 173.1496 ns/op
WorkloadResult   2: 4194304 op, 723108100.00 ns, 172.4024 ns/op
WorkloadResult   3: 4194304 op, 726224400.00 ns, 173.1454 ns/op
// GC:  0 0 0 0 4194304
// Threading:  0 0 4194304

// AfterAll
// Benchmark Process 12264 has exited with code 0.

Mean = 172.899 ns, StdErr = 0.248 ns (0.14%), N = 3, StdDev = 0.430 ns
Min = 172.402 ns, Q1 = 172.774 ns, Median = 173.145 ns, Q3 = 173.148 ns, Max = 173.150 ns
IQR = 0.374 ns, LowerFence = 172.213 ns, UpperFence = 173.708 ns
ConfidenceInterval = [165.051 ns; 180.747 ns] (CI 99.9%), Margin = 7.848 ns (4.54% of Mean)
Skewness = -0.38, Kurtosis = 0.67, MValue = 2

// ** Remained 15 (21.4%) benchmark(s) to run. Estimated finish 2026-03-22 17:23 (0h 2m from now) **
Setup power plan (GUID: 8c5e7fda-e8bf-4a96-9a85-a6e23a8c635c FriendlyName: High performance)
// **************************
// Benchmark: StringCopyToCharArrayBenchmarks.DllImport_Memcpy: ShortRun(Runtime=.NET 6.0, IterationCount=3, LaunchCount=1, WarmupCount=3) [source=,, destination=Char[17]]
// *** Execute ***
// Launch: 1 / 1
// Execute: dotnet ScrubJay.Text.Benchmarks-ShortRun-2.dll --anonymousPipes 2892 2704 --benchmarkName "ScrubJay.Text.Benchmarks.CopyTo.StringCopyToCharArrayBenchmarks.DllImport_Memcpy(source: \",\", destination: ['\0', '\0', '\0', '\0', '\0', ...])" --job ShortRun --benchmarkId 25 in C:\git\ScrubJay\ScrubJay.Text\benchmarks\bin\Release\net10.0\ScrubJay.Text.Benchmarks-ShortRun-2\bin\Release\net6.0
// BeforeAnythingElse

// Benchmark Process Environment Information:
// BenchmarkDotNet v0.15.8
// Runtime=.NET 6.0.36 (6.0.36, 6.0.3624.51421), X64 RyuJIT x86-64-v3
// GC=Concurrent Workstation
// HardwareIntrinsics=AVX2+BMI1+BMI2+F16C+FMA+LZCNT+MOVBE,AVX,SSE3+SSSE3+SSE4.1+SSE4.2+POPCNT,X86Base+SSE+SSE2,AES+PCLMUL VectorSize=256
// Job: ShortRun(IterationCount=3, LaunchCount=1, WarmupCount=3)

OverheadJitting  1: 1 op, 163200.00 ns, 163.2000 us/op
WorkloadJitting  1: 1 op, 525200.00 ns, 525.2000 us/op

OverheadJitting  2: 16 op, 274500.00 ns, 17.1563 us/op
WorkloadJitting  2: 16 op, 487000.00 ns, 30.4375 us/op

WorkloadPilot    1: 16 op, 1300.00 ns, 81.2500 ns/op
WorkloadPilot    2: 32 op, 18900.00 ns, 590.6250 ns/op
WorkloadPilot    3: 64 op, 3200.00 ns, 50.0000 ns/op
WorkloadPilot    4: 128 op, 5900.00 ns, 46.0938 ns/op
WorkloadPilot    5: 256 op, 9400.00 ns, 36.7188 ns/op
WorkloadPilot    6: 512 op, 18500.00 ns, 36.1328 ns/op
WorkloadPilot    7: 1024 op, 37400.00 ns, 36.5234 ns/op
WorkloadPilot    8: 2048 op, 53700.00 ns, 26.2207 ns/op
WorkloadPilot    9: 4096 op, 83000.00 ns, 20.2637 ns/op
WorkloadPilot   10: 8192 op, 188300.00 ns, 22.9858 ns/op
WorkloadPilot   11: 16384 op, 331300.00 ns, 20.2209 ns/op
WorkloadPilot   12: 32768 op, 698700.00 ns, 21.3226 ns/op
WorkloadPilot   13: 65536 op, 1350700.00 ns, 20.6100 ns/op
WorkloadPilot   14: 131072 op, 2772300.00 ns, 21.1510 ns/op
WorkloadPilot   15: 262144 op, 5404900.00 ns, 20.6181 ns/op
WorkloadPilot   16: 524288 op, 10955800.00 ns, 20.8965 ns/op
WorkloadPilot   17: 1048576 op, 22137800.00 ns, 21.1123 ns/op
WorkloadPilot   18: 2097152 op, 42824800.00 ns, 20.4205 ns/op
WorkloadPilot   19: 4194304 op, 86158900.00 ns, 20.5419 ns/op
WorkloadPilot   20: 8388608 op, 109747200.00 ns, 13.0829 ns/op
WorkloadPilot   21: 16777216 op, 302634400.00 ns, 18.0384 ns/op
WorkloadPilot   22: 33554432 op, 450435600.00 ns, 13.4240 ns/op
WorkloadPilot   23: 67108864 op, 880503800.00 ns, 13.1205 ns/op

OverheadWarmup   1: 67108864 op, 175550600.00 ns, 2.6159 ns/op
OverheadWarmup   2: 67108864 op, 133488100.00 ns, 1.9891 ns/op
OverheadWarmup   3: 67108864 op, 117627500.00 ns, 1.7528 ns/op
OverheadWarmup   4: 67108864 op, 119212300.00 ns, 1.7764 ns/op
OverheadWarmup   5: 67108864 op, 116893500.00 ns, 1.7418 ns/op
OverheadWarmup   6: 67108864 op, 117366100.00 ns, 1.7489 ns/op
OverheadWarmup   7: 67108864 op, 116024200.00 ns, 1.7289 ns/op

OverheadActual   1: 67108864 op, 116690700.00 ns, 1.7388 ns/op
OverheadActual   2: 67108864 op, 118993800.00 ns, 1.7731 ns/op
OverheadActual   3: 67108864 op, 117555900.00 ns, 1.7517 ns/op
OverheadActual   4: 67108864 op, 119307300.00 ns, 1.7778 ns/op
OverheadActual   5: 67108864 op, 117443000.00 ns, 1.7500 ns/op
OverheadActual   6: 67108864 op, 117673500.00 ns, 1.7535 ns/op
OverheadActual   7: 67108864 op, 118264600.00 ns, 1.7623 ns/op
OverheadActual   8: 67108864 op, 115744400.00 ns, 1.7247 ns/op
OverheadActual   9: 67108864 op, 116901400.00 ns, 1.7420 ns/op
OverheadActual  10: 67108864 op, 118621500.00 ns, 1.7676 ns/op
OverheadActual  11: 67108864 op, 118004800.00 ns, 1.7584 ns/op
OverheadActual  12: 67108864 op, 127339100.00 ns, 1.8975 ns/op
OverheadActual  13: 67108864 op, 120914100.00 ns, 1.8018 ns/op
OverheadActual  14: 67108864 op, 117814200.00 ns, 1.7556 ns/op
OverheadActual  15: 67108864 op, 116844600.00 ns, 1.7411 ns/op

WorkloadWarmup   1: 67108864 op, 878345300.00 ns, 13.0884 ns/op
WorkloadWarmup   2: 67108864 op, 878790100.00 ns, 13.0950 ns/op
WorkloadWarmup   3: 67108864 op, 879413900.00 ns, 13.1043 ns/op

// BeforeActualRun
WorkloadActual   1: 67108864 op, 882094400.00 ns, 13.1442 ns/op
WorkloadActual   2: 67108864 op, 883925200.00 ns, 13.1715 ns/op
WorkloadActual   3: 67108864 op, 878257500.00 ns, 13.0871 ns/op

// AfterActualRun
WorkloadResult   1: 67108864 op, 764280200.00 ns, 11.3887 ns/op
WorkloadResult   2: 67108864 op, 766111000.00 ns, 11.4159 ns/op
WorkloadResult   3: 67108864 op, 760443300.00 ns, 11.3315 ns/op
// GC:  0 0 0 0 67108864
// Threading:  0 0 67108864

// AfterAll
// Benchmark Process 21820 has exited with code 0.

Mean = 11.379 ns, StdErr = 0.025 ns (0.22%), N = 3, StdDev = 0.043 ns
Min = 11.331 ns, Q1 = 11.360 ns, Median = 11.389 ns, Q3 = 11.402 ns, Max = 11.416 ns
IQR = 0.042 ns, LowerFence = 11.297 ns, UpperFence = 11.466 ns
ConfidenceInterval = [10.592 ns; 12.165 ns] (CI 99.9%), Margin = 0.786 ns (6.91% of Mean)
Skewness = -0.22, Kurtosis = 0.67, MValue = 2

// ** Remained 14 (20.0%) benchmark(s) to run. Estimated finish 2026-03-22 17:23 (0h 2m from now) **
Setup power plan (GUID: 8c5e7fda-e8bf-4a96-9a85-a6e23a8c635c FriendlyName: High performance)
// **************************
// Benchmark: StringCopyToCharArrayBenchmarks.DllImport_Memcpy: ShortRun(Runtime=.NET 6.0, IterationCount=3, LaunchCount=1, WarmupCount=3) [source=\r\n, destination=Char[18]]
// *** Execute ***
// Launch: 1 / 1
// Execute: dotnet ScrubJay.Text.Benchmarks-ShortRun-2.dll --anonymousPipes 2188 1412 --benchmarkName "ScrubJay.Text.Benchmarks.CopyTo.StringCopyToCharArrayBenchmarks.DllImport_Memcpy(source: \"\r\n\", destination: ['\0', '\0', '\0', '\0', '\0', ...])" --job ShortRun --benchmarkId 26 in C:\git\ScrubJay\ScrubJay.Text\benchmarks\bin\Release\net10.0\ScrubJay.Text.Benchmarks-ShortRun-2\bin\Release\net6.0
// BeforeAnythingElse

// Benchmark Process Environment Information:
// BenchmarkDotNet v0.15.8
// Runtime=.NET 6.0.36 (6.0.36, 6.0.3624.51421), X64 RyuJIT x86-64-v3
// GC=Concurrent Workstation
// HardwareIntrinsics=AVX2+BMI1+BMI2+F16C+FMA+LZCNT+MOVBE,AVX,SSE3+SSSE3+SSE4.1+SSE4.2+POPCNT,X86Base+SSE+SSE2,AES+PCLMUL VectorSize=256
// Job: ShortRun(IterationCount=3, LaunchCount=1, WarmupCount=3)

OverheadJitting  1: 1 op, 211400.00 ns, 211.4000 us/op
WorkloadJitting  1: 1 op, 533100.00 ns, 533.1000 us/op

OverheadJitting  2: 16 op, 273500.00 ns, 17.0938 us/op
WorkloadJitting  2: 16 op, 273000.00 ns, 17.0625 us/op

WorkloadPilot    1: 16 op, 1500.00 ns, 93.7500 ns/op
WorkloadPilot    2: 32 op, 1500.00 ns, 46.8750 ns/op
WorkloadPilot    3: 64 op, 2200.00 ns, 34.3750 ns/op
WorkloadPilot    4: 128 op, 3500.00 ns, 27.3438 ns/op
WorkloadPilot    5: 256 op, 6400.00 ns, 25.0000 ns/op
WorkloadPilot    6: 512 op, 11700.00 ns, 22.8516 ns/op
WorkloadPilot    7: 1024 op, 22300.00 ns, 21.7773 ns/op
WorkloadPilot    8: 2048 op, 70900.00 ns, 34.6191 ns/op
WorkloadPilot    9: 4096 op, 118900.00 ns, 29.0283 ns/op
WorkloadPilot   10: 8192 op, 227900.00 ns, 27.8198 ns/op
WorkloadPilot   11: 16384 op, 374200.00 ns, 22.8394 ns/op
WorkloadPilot   12: 32768 op, 723000.00 ns, 22.0642 ns/op
WorkloadPilot   13: 65536 op, 1397200.00 ns, 21.3196 ns/op
WorkloadPilot   14: 131072 op, 2800800.00 ns, 21.3684 ns/op
WorkloadPilot   15: 262144 op, 5694400.00 ns, 21.7224 ns/op
WorkloadPilot   16: 524288 op, 11134400.00 ns, 21.2372 ns/op
WorkloadPilot   17: 1048576 op, 22595500.00 ns, 21.5487 ns/op
WorkloadPilot   18: 2097152 op, 44747600.00 ns, 21.3373 ns/op
WorkloadPilot   19: 4194304 op, 88409500.00 ns, 21.0785 ns/op
WorkloadPilot   20: 8388608 op, 109965600.00 ns, 13.1089 ns/op
WorkloadPilot   21: 16777216 op, 213730200.00 ns, 12.7393 ns/op
WorkloadPilot   22: 33554432 op, 419264500.00 ns, 12.4951 ns/op
WorkloadPilot   23: 67108864 op, 835695900.00 ns, 12.4528 ns/op

OverheadWarmup   1: 67108864 op, 175204300.00 ns, 2.6107 ns/op
OverheadWarmup   2: 67108864 op, 131087400.00 ns, 1.9534 ns/op
OverheadWarmup   3: 67108864 op, 116688200.00 ns, 1.7388 ns/op
OverheadWarmup   4: 67108864 op, 119497100.00 ns, 1.7806 ns/op
OverheadWarmup   5: 67108864 op, 118676200.00 ns, 1.7684 ns/op
OverheadWarmup   6: 67108864 op, 118109900.00 ns, 1.7600 ns/op
OverheadWarmup   7: 67108864 op, 116091400.00 ns, 1.7299 ns/op
OverheadWarmup   8: 67108864 op, 116698300.00 ns, 1.7389 ns/op
OverheadWarmup   9: 67108864 op, 116833000.00 ns, 1.7409 ns/op
OverheadWarmup  10: 67108864 op, 118328000.00 ns, 1.7632 ns/op

OverheadActual   1: 67108864 op, 117332500.00 ns, 1.7484 ns/op
OverheadActual   2: 67108864 op, 117960300.00 ns, 1.7577 ns/op
OverheadActual   3: 67108864 op, 115969100.00 ns, 1.7281 ns/op
OverheadActual   4: 67108864 op, 118630200.00 ns, 1.7677 ns/op
OverheadActual   5: 67108864 op, 118466900.00 ns, 1.7653 ns/op
OverheadActual   6: 67108864 op, 117300700.00 ns, 1.7479 ns/op
OverheadActual   7: 67108864 op, 116667400.00 ns, 1.7385 ns/op
OverheadActual   8: 67108864 op, 118533000.00 ns, 1.7663 ns/op
OverheadActual   9: 67108864 op, 117858400.00 ns, 1.7562 ns/op
OverheadActual  10: 67108864 op, 116661600.00 ns, 1.7384 ns/op
OverheadActual  11: 67108864 op, 119326500.00 ns, 1.7781 ns/op
OverheadActual  12: 67108864 op, 117129400.00 ns, 1.7454 ns/op
OverheadActual  13: 67108864 op, 118432800.00 ns, 1.7648 ns/op
OverheadActual  14: 67108864 op, 117111400.00 ns, 1.7451 ns/op
OverheadActual  15: 67108864 op, 117099400.00 ns, 1.7449 ns/op

WorkloadWarmup   1: 67108864 op, 838876900.00 ns, 12.5002 ns/op
WorkloadWarmup   2: 67108864 op, 834639300.00 ns, 12.4371 ns/op
WorkloadWarmup   3: 67108864 op, 840144900.00 ns, 12.5191 ns/op

// BeforeActualRun
WorkloadActual   1: 67108864 op, 849067900.00 ns, 12.6521 ns/op
WorkloadActual   2: 67108864 op, 839469900.00 ns, 12.5091 ns/op
WorkloadActual   3: 67108864 op, 839733900.00 ns, 12.5130 ns/op

// AfterActualRun
WorkloadResult   1: 67108864 op, 731735400.00 ns, 10.9037 ns/op
WorkloadResult   2: 67108864 op, 722137400.00 ns, 10.7607 ns/op
WorkloadResult   3: 67108864 op, 722401400.00 ns, 10.7646 ns/op
// GC:  0 0 0 0 67108864
// Threading:  0 0 67108864

// AfterAll
// Benchmark Process 20668 has exited with code 0.

Mean = 10.810 ns, StdErr = 0.047 ns (0.44%), N = 3, StdDev = 0.081 ns
Min = 10.761 ns, Q1 = 10.763 ns, Median = 10.765 ns, Q3 = 10.834 ns, Max = 10.904 ns
IQR = 0.072 ns, LowerFence = 10.655 ns, UpperFence = 10.941 ns
ConfidenceInterval = [9.324 ns; 12.296 ns] (CI 99.9%), Margin = 1.486 ns (13.75% of Mean)
Skewness = 0.38, Kurtosis = 0.67, MValue = 2

// ** Remained 13 (18.6%) benchmark(s) to run. Estimated finish 2026-03-22 17:23 (0h 2m from now) **
Setup power plan (GUID: 8c5e7fda-e8bf-4a96-9a85-a6e23a8c635c FriendlyName: High performance)
// **************************
// Benchmark: StringCopyToCharArrayBenchmarks.DllImport_Memcpy: ShortRun(Runtime=.NET 6.0, IterationCount=3, LaunchCount=1, WarmupCount=3) [source=Sphin(...) vow! [37], destination=Char[53]]
// *** Execute ***
// Launch: 1 / 1
// Execute: dotnet ScrubJay.Text.Benchmarks-ShortRun-2.dll --anonymousPipes 1172 1876 --benchmarkName "ScrubJay.Text.Benchmarks.CopyTo.StringCopyToCharArrayBenchmarks.DllImport_Memcpy(source: \"Sphinx of black quartz, judge my vow!\", destination: ['\0', '\0', '\0', '\0', '\0', ...])" --job ShortRun --benchmarkId 27 in C:\git\ScrubJay\ScrubJay.Text\benchmarks\bin\Release\net10.0\ScrubJay.Text.Benchmarks-ShortRun-2\bin\Release\net6.0
// BeforeAnythingElse

// Benchmark Process Environment Information:
// BenchmarkDotNet v0.15.8
// Runtime=.NET 6.0.36 (6.0.36, 6.0.3624.51421), X64 RyuJIT x86-64-v3
// GC=Concurrent Workstation
// HardwareIntrinsics=AVX2+BMI1+BMI2+F16C+FMA+LZCNT+MOVBE,AVX,SSE3+SSSE3+SSE4.1+SSE4.2+POPCNT,X86Base+SSE+SSE2,AES+PCLMUL VectorSize=256
// Job: ShortRun(IterationCount=3, LaunchCount=1, WarmupCount=3)

OverheadJitting  1: 1 op, 134100.00 ns, 134.1000 us/op
WorkloadJitting  1: 1 op, 628800.00 ns, 628.8000 us/op

OverheadJitting  2: 16 op, 338500.00 ns, 21.1563 us/op
WorkloadJitting  2: 16 op, 337700.00 ns, 21.1063 us/op

WorkloadPilot    1: 16 op, 1900.00 ns, 118.7500 ns/op
WorkloadPilot    2: 32 op, 3400.00 ns, 106.2500 ns/op
WorkloadPilot    3: 64 op, 6100.00 ns, 95.3125 ns/op
WorkloadPilot    4: 128 op, 30100.00 ns, 235.1563 ns/op
WorkloadPilot    5: 256 op, 6300.00 ns, 24.6094 ns/op
WorkloadPilot    6: 512 op, 11200.00 ns, 21.8750 ns/op
WorkloadPilot    7: 1024 op, 46500.00 ns, 45.4102 ns/op
WorkloadPilot    8: 2048 op, 43800.00 ns, 21.3867 ns/op
WorkloadPilot    9: 4096 op, 107000.00 ns, 26.1230 ns/op
WorkloadPilot   10: 8192 op, 171700.00 ns, 20.9595 ns/op
WorkloadPilot   11: 16384 op, 409600.00 ns, 25.0000 ns/op
WorkloadPilot   12: 32768 op, 765100.00 ns, 23.3490 ns/op
WorkloadPilot   13: 65536 op, 1457800.00 ns, 22.2443 ns/op
WorkloadPilot   14: 131072 op, 2754900.00 ns, 21.0182 ns/op
WorkloadPilot   15: 262144 op, 6028200.00 ns, 22.9958 ns/op
WorkloadPilot   16: 524288 op, 12556800.00 ns, 23.9502 ns/op
WorkloadPilot   17: 1048576 op, 22675600.00 ns, 21.6251 ns/op
WorkloadPilot   18: 2097152 op, 45694600.00 ns, 21.7889 ns/op
WorkloadPilot   19: 4194304 op, 94367900.00 ns, 22.4991 ns/op
WorkloadPilot   20: 8388608 op, 291750600.00 ns, 34.7794 ns/op
WorkloadPilot   21: 16777216 op, 580866600.00 ns, 34.6223 ns/op

OverheadWarmup   1: 16777216 op, 43582400.00 ns, 2.5977 ns/op
OverheadWarmup   2: 16777216 op, 46398300.00 ns, 2.7656 ns/op
OverheadWarmup   3: 16777216 op, 44972000.00 ns, 2.6805 ns/op
OverheadWarmup   4: 16777216 op, 45470800.00 ns, 2.7103 ns/op
OverheadWarmup   5: 16777216 op, 44575900.00 ns, 2.6569 ns/op

OverheadActual   1: 16777216 op, 44352200.00 ns, 2.6436 ns/op
OverheadActual   2: 16777216 op, 44358100.00 ns, 2.6439 ns/op
OverheadActual   3: 16777216 op, 45844900.00 ns, 2.7326 ns/op
OverheadActual   4: 16777216 op, 44337900.00 ns, 2.6427 ns/op
OverheadActual   5: 16777216 op, 35971700.00 ns, 2.1441 ns/op
OverheadActual   6: 16777216 op, 29061000.00 ns, 1.7322 ns/op
OverheadActual   7: 16777216 op, 29708400.00 ns, 1.7708 ns/op
OverheadActual   8: 16777216 op, 29354300.00 ns, 1.7497 ns/op
OverheadActual   9: 16777216 op, 29984300.00 ns, 1.7872 ns/op
OverheadActual  10: 16777216 op, 29291400.00 ns, 1.7459 ns/op
OverheadActual  11: 16777216 op, 29634300.00 ns, 1.7663 ns/op
OverheadActual  12: 16777216 op, 29659100.00 ns, 1.7678 ns/op
OverheadActual  13: 16777216 op, 29467000.00 ns, 1.7564 ns/op
OverheadActual  14: 16777216 op, 29343800.00 ns, 1.7490 ns/op
OverheadActual  15: 16777216 op, 29486200.00 ns, 1.7575 ns/op
OverheadActual  16: 16777216 op, 29523200.00 ns, 1.7597 ns/op
OverheadActual  17: 16777216 op, 32709100.00 ns, 1.9496 ns/op
OverheadActual  18: 16777216 op, 29500100.00 ns, 1.7583 ns/op
OverheadActual  19: 16777216 op, 30993600.00 ns, 1.8474 ns/op
OverheadActual  20: 16777216 op, 31244400.00 ns, 1.8623 ns/op

WorkloadWarmup   1: 16777216 op, 583468600.00 ns, 34.7774 ns/op
WorkloadWarmup   2: 16777216 op, 574695800.00 ns, 34.2545 ns/op
WorkloadWarmup   3: 16777216 op, 429932200.00 ns, 25.6260 ns/op

// BeforeActualRun
WorkloadActual   1: 16777216 op, 583282200.00 ns, 34.7663 ns/op
WorkloadActual   2: 16777216 op, 577979400.00 ns, 34.4503 ns/op
WorkloadActual   3: 16777216 op, 577578300.00 ns, 34.4263 ns/op

// AfterActualRun
WorkloadResult   1: 16777216 op, 553598450.00 ns, 32.9970 ns/op
WorkloadResult   2: 16777216 op, 548295650.00 ns, 32.6810 ns/op
WorkloadResult   3: 16777216 op, 547894550.00 ns, 32.6571 ns/op
// GC:  0 0 0 0 16777216
// Threading:  0 0 16777216

// AfterAll
// Benchmark Process 4588 has exited with code 0.

Mean = 32.778 ns, StdErr = 0.110 ns (0.33%), N = 3, StdDev = 0.190 ns
Min = 32.657 ns, Q1 = 32.669 ns, Median = 32.681 ns, Q3 = 32.839 ns, Max = 32.997 ns
IQR = 0.170 ns, LowerFence = 32.414 ns, UpperFence = 33.094 ns
ConfidenceInterval = [29.316 ns; 36.240 ns] (CI 99.9%), Margin = 3.462 ns (10.56% of Mean)
Skewness = 0.38, Kurtosis = 0.67, MValue = 2

// ** Remained 12 (17.1%) benchmark(s) to run. Estimated finish 2026-03-22 17:23 (0h 1m from now) **
Setup power plan (GUID: 8c5e7fda-e8bf-4a96-9a85-a6e23a8c635c FriendlyName: High performance)
// **************************
// Benchmark: StringCopyToCharArrayBenchmarks.DllImport_Memcpy: ShortRun(Runtime=.NET 6.0, IterationCount=3, LaunchCount=1, WarmupCount=3) [source='"\\\0(...){]}\\ [512], destination=Char[528]]
// *** Execute ***
// Launch: 1 / 1
// Execute: dotnet ScrubJay.Text.Benchmarks-ShortRun-2.dll --anonymousPipes 1776 2176 --benchmarkName "ScrubJay.Text.Benchmarks.CopyTo.StringCopyToCharArrayBenchmarks.DllImport_Memcpy(source: \"'\\\"\\\0\a\b\f\n\r\t\v`~!@#$%^&*()-_=+[{]}\\|;:'\\\",<.>/?Sphinx of black quartz, judge my vow!'\\\"\\\0\a\b\f\n\r\t\v`~!@#$%^&*()-_=+[{]}\\|;:'\\\",<.>/?Sphinx of black quartz, judge my vow!'\\\"\\\0\a\b\f\n\r\t\v`~!@#$%^&*()-_=+[{]}\\|;:'\\\",<.>/?Sphinx of black quartz, judge my vow!'\\\"\\\0\a\b\f\n\r\t\v`~!@#$%^&*()-_=+[{]}\\|;:'\\\",<.>/?Sphinx of black quartz, judge my vow!'\\\"\\\0\a\b\f\n\r\t\v`~!@#$%^&*()-_=+[{]}\\|;:'\\\",<.>/?Sphinx of black quartz, judge my vow!'\\\"\\\0\a\b\f\n\r\t\v`~!@#$%^&*()-_=+[{]}\\|;:'\\\",<.>/?Sphinx of black quartz, judge my vow!'\\\"\\\0\a\b\f\n\r\t\v`~!@#$%^&*()-_=+[{]}\\\\\", destination: ['\0', '\0', '\0', '\0', '\0', ...])" --job ShortRun --benchmarkId 28 in C:\git\ScrubJay\ScrubJay.Text\benchmarks\bin\Release\net10.0\ScrubJay.Text.Benchmarks-ShortRun-2\bin\Release\net6.0
// BeforeAnythingElse

// Benchmark Process Environment Information:
// BenchmarkDotNet v0.15.8
// Runtime=.NET 6.0.36 (6.0.36, 6.0.3624.51421), X64 RyuJIT x86-64-v3
// GC=Concurrent Workstation
// HardwareIntrinsics=AVX2+BMI1+BMI2+F16C+FMA+LZCNT+MOVBE,AVX,SSE3+SSSE3+SSE4.1+SSE4.2+POPCNT,X86Base+SSE+SSE2,AES+PCLMUL VectorSize=256
// Job: ShortRun(IterationCount=3, LaunchCount=1, WarmupCount=3)

OverheadJitting  1: 1 op, 142500.00 ns, 142.5000 us/op
WorkloadJitting  1: 1 op, 631400.00 ns, 631.4000 us/op

OverheadJitting  2: 16 op, 270600.00 ns, 16.9125 us/op
WorkloadJitting  2: 16 op, 410100.00 ns, 25.6313 us/op

WorkloadPilot    1: 16 op, 1800.00 ns, 112.5000 ns/op
WorkloadPilot    2: 32 op, 2200.00 ns, 68.7500 ns/op
WorkloadPilot    3: 64 op, 3700.00 ns, 57.8125 ns/op
WorkloadPilot    4: 128 op, 6000.00 ns, 46.8750 ns/op
WorkloadPilot    5: 256 op, 11900.00 ns, 46.4844 ns/op
WorkloadPilot    6: 512 op, 23600.00 ns, 46.0938 ns/op
WorkloadPilot    7: 1024 op, 58500.00 ns, 57.1289 ns/op
WorkloadPilot    8: 2048 op, 123700.00 ns, 60.4004 ns/op
WorkloadPilot    9: 4096 op, 176300.00 ns, 43.0420 ns/op
WorkloadPilot   10: 8192 op, 344200.00 ns, 42.0166 ns/op
WorkloadPilot   11: 16384 op, 741300.00 ns, 45.2454 ns/op
WorkloadPilot   12: 32768 op, 1384700.00 ns, 42.2577 ns/op
WorkloadPilot   13: 65536 op, 2937700.00 ns, 44.8257 ns/op
WorkloadPilot   14: 131072 op, 5403300.00 ns, 41.2239 ns/op
WorkloadPilot   15: 262144 op, 11058700.00 ns, 42.1856 ns/op
WorkloadPilot   16: 524288 op, 22136000.00 ns, 42.2211 ns/op
WorkloadPilot   17: 1048576 op, 44813400.00 ns, 42.7374 ns/op
WorkloadPilot   18: 2097152 op, 88535700.00 ns, 42.2171 ns/op
WorkloadPilot   19: 4194304 op, 143109900.00 ns, 34.1201 ns/op
WorkloadPilot   20: 8388608 op, 280349600.00 ns, 33.4203 ns/op
WorkloadPilot   21: 16777216 op, 561590000.00 ns, 33.4734 ns/op

OverheadWarmup   1: 16777216 op, 43343400.00 ns, 2.5835 ns/op
OverheadWarmup   2: 16777216 op, 44437500.00 ns, 2.6487 ns/op
OverheadWarmup   3: 16777216 op, 43642100.00 ns, 2.6013 ns/op
OverheadWarmup   4: 16777216 op, 43816800.00 ns, 2.6117 ns/op
OverheadWarmup   5: 16777216 op, 43405000.00 ns, 2.5871 ns/op

OverheadActual   1: 16777216 op, 43625900.00 ns, 2.6003 ns/op
OverheadActual   2: 16777216 op, 43603200.00 ns, 2.5990 ns/op
OverheadActual   3: 16777216 op, 43418000.00 ns, 2.5879 ns/op
OverheadActual   4: 16777216 op, 43602300.00 ns, 2.5989 ns/op
OverheadActual   5: 16777216 op, 43530800.00 ns, 2.5946 ns/op
OverheadActual   6: 16777216 op, 43693400.00 ns, 2.6043 ns/op
OverheadActual   7: 16777216 op, 43129200.00 ns, 2.5707 ns/op
OverheadActual   8: 16777216 op, 30719000.00 ns, 1.8310 ns/op
OverheadActual   9: 16777216 op, 30481500.00 ns, 1.8168 ns/op
OverheadActual  10: 16777216 op, 30585600.00 ns, 1.8230 ns/op
OverheadActual  11: 16777216 op, 31887900.00 ns, 1.9007 ns/op
OverheadActual  12: 16777216 op, 31795500.00 ns, 1.8952 ns/op
OverheadActual  13: 16777216 op, 30547300.00 ns, 1.8208 ns/op
OverheadActual  14: 16777216 op, 30883400.00 ns, 1.8408 ns/op
OverheadActual  15: 16777216 op, 30865400.00 ns, 1.8397 ns/op
OverheadActual  16: 16777216 op, 30681700.00 ns, 1.8288 ns/op
OverheadActual  17: 16777216 op, 30472000.00 ns, 1.8163 ns/op
OverheadActual  18: 16777216 op, 30462000.00 ns, 1.8157 ns/op
OverheadActual  19: 16777216 op, 30829900.00 ns, 1.8376 ns/op
OverheadActual  20: 16777216 op, 31079700.00 ns, 1.8525 ns/op

WorkloadWarmup   1: 16777216 op, 565234000.00 ns, 33.6906 ns/op
WorkloadWarmup   2: 16777216 op, 561994700.00 ns, 33.4975 ns/op
WorkloadWarmup   3: 16777216 op, 561655700.00 ns, 33.4773 ns/op

// BeforeActualRun
WorkloadActual   1: 16777216 op, 562751700.00 ns, 33.5426 ns/op
WorkloadActual   2: 16777216 op, 560293800.00 ns, 33.3961 ns/op
WorkloadActual   3: 16777216 op, 562157800.00 ns, 33.5072 ns/op

// AfterActualRun
WorkloadResult   1: 16777216 op, 531770150.00 ns, 31.6960 ns/op
WorkloadResult   2: 16777216 op, 529312250.00 ns, 31.5495 ns/op
WorkloadResult   3: 16777216 op, 531176250.00 ns, 31.6606 ns/op
// GC:  0 0 0 0 16777216
// Threading:  0 0 16777216

// AfterAll
// Benchmark Process 23052 has exited with code 0.

Mean = 31.635 ns, StdErr = 0.044 ns (0.14%), N = 3, StdDev = 0.076 ns
Min = 31.549 ns, Q1 = 31.605 ns, Median = 31.661 ns, Q3 = 31.678 ns, Max = 31.696 ns
IQR = 0.073 ns, LowerFence = 31.495 ns, UpperFence = 31.788 ns
ConfidenceInterval = [30.241 ns; 33.030 ns] (CI 99.9%), Margin = 1.395 ns (4.41% of Mean)
Skewness = -0.29, Kurtosis = 0.67, MValue = 2

// ** Remained 11 (15.7%) benchmark(s) to run. Estimated finish 2026-03-22 17:23 (0h 1m from now) **
Setup power plan (GUID: 8c5e7fda-e8bf-4a96-9a85-a6e23a8c635c FriendlyName: High performance)
// **************************
// Benchmark: StringCopyToCharArrayBenchmarks.DllImport_Memcpy: ShortRun(Runtime=.NET 6.0, IterationCount=3, LaunchCount=1, WarmupCount=3) [source='"\\\0(...)~!@# [4096], destination=Char[4112]]
// *** Execute ***
// Launch: 1 / 1
// Execute: dotnet ScrubJay.Text.Benchmarks-ShortRun-2.dll --anonymousPipes 3280 2936 --benchmarkName StringCopyToCharArrayBenchmarks.DllImport_Memcpy(paramsHash_2265059500) --job ShortRun --benchmarkId 29 in C:\git\ScrubJay\ScrubJay.Text\benchmarks\bin\Release\net10.0\ScrubJay.Text.Benchmarks-ShortRun-2\bin\Release\net6.0
// BeforeAnythingElse

// Benchmark Process Environment Information:
// BenchmarkDotNet v0.15.8
// Runtime=.NET 6.0.36 (6.0.36, 6.0.3624.51421), X64 RyuJIT x86-64-v3
// GC=Concurrent Workstation
// HardwareIntrinsics=AVX2+BMI1+BMI2+F16C+FMA+LZCNT+MOVBE,AVX,SSE3+SSSE3+SSE4.1+SSE4.2+POPCNT,X86Base+SSE+SSE2,AES+PCLMUL VectorSize=256
// Job: ShortRun(IterationCount=3, LaunchCount=1, WarmupCount=3)

OverheadJitting  1: 1 op, 168900.00 ns, 168.9000 us/op
WorkloadJitting  1: 1 op, 948600.00 ns, 948.6000 us/op

OverheadJitting  2: 16 op, 287000.00 ns, 17.9375 us/op
WorkloadJitting  2: 16 op, 391200.00 ns, 24.4500 us/op

WorkloadPilot    1: 16 op, 5100.00 ns, 318.7500 ns/op
WorkloadPilot    2: 32 op, 13200.00 ns, 412.5000 ns/op
WorkloadPilot    3: 64 op, 32900.00 ns, 514.0625 ns/op
WorkloadPilot    4: 128 op, 24700.00 ns, 192.9688 ns/op
WorkloadPilot    5: 256 op, 89200.00 ns, 348.4375 ns/op
WorkloadPilot    6: 512 op, 142900.00 ns, 279.1016 ns/op
WorkloadPilot    7: 1024 op, 224000.00 ns, 218.7500 ns/op
WorkloadPilot    8: 2048 op, 386500.00 ns, 188.7207 ns/op
WorkloadPilot    9: 4096 op, 764800.00 ns, 186.7188 ns/op
WorkloadPilot   10: 8192 op, 1519600.00 ns, 185.4980 ns/op
WorkloadPilot   11: 16384 op, 3232100.00 ns, 197.2717 ns/op
WorkloadPilot   12: 32768 op, 6354100.00 ns, 193.9117 ns/op
WorkloadPilot   13: 65536 op, 12606300.00 ns, 192.3569 ns/op
WorkloadPilot   14: 131072 op, 24453800.00 ns, 186.5677 ns/op
WorkloadPilot   15: 262144 op, 49254900.00 ns, 187.8925 ns/op
WorkloadPilot   16: 524288 op, 100713300.00 ns, 192.0954 ns/op
WorkloadPilot   17: 1048576 op, 186597900.00 ns, 177.9536 ns/op
WorkloadPilot   18: 2097152 op, 370489500.00 ns, 176.6632 ns/op
WorkloadPilot   19: 4194304 op, 737793300.00 ns, 175.9036 ns/op

OverheadWarmup   1: 4194304 op, 10915600.00 ns, 2.6025 ns/op
OverheadWarmup   2: 4194304 op, 10856300.00 ns, 2.5883 ns/op
OverheadWarmup   3: 4194304 op, 11064800.00 ns, 2.6381 ns/op
OverheadWarmup   4: 4194304 op, 11470900.00 ns, 2.7349 ns/op
OverheadWarmup   5: 4194304 op, 10634500.00 ns, 2.5355 ns/op
OverheadWarmup   6: 4194304 op, 10827000.00 ns, 2.5814 ns/op
OverheadWarmup   7: 4194304 op, 11221400.00 ns, 2.6754 ns/op
OverheadWarmup   8: 4194304 op, 10890500.00 ns, 2.5965 ns/op

OverheadActual   1: 4194304 op, 10680000.00 ns, 2.5463 ns/op
OverheadActual   2: 4194304 op, 10866000.00 ns, 2.5907 ns/op
OverheadActual   3: 4194304 op, 10866700.00 ns, 2.5908 ns/op
OverheadActual   4: 4194304 op, 10980800.00 ns, 2.6180 ns/op
OverheadActual   5: 4194304 op, 11104800.00 ns, 2.6476 ns/op
OverheadActual   6: 4194304 op, 11066000.00 ns, 2.6383 ns/op
OverheadActual   7: 4194304 op, 10942600.00 ns, 2.6089 ns/op
OverheadActual   8: 4194304 op, 10833700.00 ns, 2.5830 ns/op
OverheadActual   9: 4194304 op, 10929900.00 ns, 2.6059 ns/op
OverheadActual  10: 4194304 op, 11110300.00 ns, 2.6489 ns/op
OverheadActual  11: 4194304 op, 10788100.00 ns, 2.5721 ns/op
OverheadActual  12: 4194304 op, 10924700.00 ns, 2.6047 ns/op
OverheadActual  13: 4194304 op, 11055800.00 ns, 2.6359 ns/op
OverheadActual  14: 4194304 op, 10749300.00 ns, 2.5628 ns/op
OverheadActual  15: 4194304 op, 10818900.00 ns, 2.5794 ns/op

WorkloadWarmup   1: 4194304 op, 726091000.00 ns, 173.1136 ns/op
WorkloadWarmup   2: 4194304 op, 735179500.00 ns, 175.2805 ns/op
WorkloadWarmup   3: 4194304 op, 741446100.00 ns, 176.7745 ns/op

// BeforeActualRun
WorkloadActual   1: 4194304 op, 736990300.00 ns, 175.7122 ns/op
WorkloadActual   2: 4194304 op, 743999100.00 ns, 177.3832 ns/op
WorkloadActual   3: 4194304 op, 743780900.00 ns, 177.3312 ns/op

// AfterActualRun
WorkloadResult   1: 4194304 op, 726065600.00 ns, 173.1075 ns/op
WorkloadResult   2: 4194304 op, 733074400.00 ns, 174.7786 ns/op
WorkloadResult   3: 4194304 op, 732856200.00 ns, 174.7265 ns/op
// GC:  0 0 0 0 4194304
// Threading:  0 0 4194304

// AfterAll
// Benchmark Process 23464 has exited with code 0.

Mean = 174.204 ns, StdErr = 0.549 ns (0.31%), N = 3, StdDev = 0.950 ns
Min = 173.108 ns, Q1 = 173.917 ns, Median = 174.727 ns, Q3 = 174.753 ns, Max = 174.779 ns
IQR = 0.836 ns, LowerFence = 172.664 ns, UpperFence = 176.006 ns
ConfidenceInterval = [156.871 ns; 191.538 ns] (CI 99.9%), Margin = 17.333 ns (9.95% of Mean)
Skewness = -0.38, Kurtosis = 0.67, MValue = 2

// ** Remained 10 (14.3%) benchmark(s) to run. Estimated finish 2026-03-22 17:23 (0h 1m from now) **
Setup power plan (GUID: 8c5e7fda-e8bf-4a96-9a85-a6e23a8c635c FriendlyName: High performance)
// **************************
// Benchmark: StringCopyToCharArrayBenchmarks.DllImport_Memmove: ShortRun(Runtime=.NET 10.0, IterationCount=3, LaunchCount=1, WarmupCount=3) [source=,, destination=Char[17]]
// *** Execute ***
// Launch: 1 / 1
// Execute: dotnet ScrubJay.Text.Benchmarks-ShortRun-1.dll --anonymousPipes 2352 1640 --benchmarkName "ScrubJay.Text.Benchmarks.CopyTo.StringCopyToCharArrayBenchmarks.DllImport_Memmove(source: \",\", destination: ['\0', '\0', '\0', '\0', '\0', ...])" --job ShortRun --benchmarkId 30 in C:\git\ScrubJay\ScrubJay.Text\benchmarks\bin\Release\net10.0\ScrubJay.Text.Benchmarks-ShortRun-1\bin\Release\net10.0
// BeforeAnythingElse

// Benchmark Process Environment Information:
// BenchmarkDotNet v0.15.8
// Runtime=.NET 10.0.4 (10.0.4, 10.0.426.12010), X64 RyuJIT x86-64-v3
// GC=Concurrent Workstation
// HardwareIntrinsics=AVX2+BMI1+BMI2+F16C+FMA+LZCNT+MOVBE,AVX,SSE3+SSSE3+SSE4.1+SSE4.2+POPCNT,X86Base+SSE+SSE2,AES+PCLMUL VectorSize=256
// Job: ShortRun(IterationCount=3, LaunchCount=1, WarmupCount=3)

OverheadJitting  1: 1 op, 204000.00 ns, 204.0000 us/op
WorkloadJitting  1: 1 op, 638500.00 ns, 638.5000 us/op

OverheadJitting  2: 16 op, 410600.00 ns, 25.6625 us/op
WorkloadJitting  2: 16 op, 324700.00 ns, 20.2938 us/op

WorkloadPilot    1: 16 op, 2300.00 ns, 143.7500 ns/op
WorkloadPilot    2: 32 op, 2000.00 ns, 62.5000 ns/op
WorkloadPilot    3: 64 op, 3700.00 ns, 57.8125 ns/op
WorkloadPilot    4: 128 op, 10500.00 ns, 82.0313 ns/op
WorkloadPilot    5: 256 op, 9000.00 ns, 35.1563 ns/op
WorkloadPilot    6: 512 op, 16700.00 ns, 32.6172 ns/op
WorkloadPilot    7: 1024 op, 39600.00 ns, 38.6719 ns/op
WorkloadPilot    8: 2048 op, 81100.00 ns, 39.5996 ns/op
WorkloadPilot    9: 4096 op, 114000.00 ns, 27.8320 ns/op
WorkloadPilot   10: 8192 op, 200800.00 ns, 24.5117 ns/op
WorkloadPilot   11: 16384 op, 296500.00 ns, 18.0969 ns/op
WorkloadPilot   12: 32768 op, 594600.00 ns, 18.1458 ns/op
WorkloadPilot   13: 65536 op, 1226900.00 ns, 18.7210 ns/op
WorkloadPilot   14: 131072 op, 2412400.00 ns, 18.4052 ns/op
WorkloadPilot   15: 262144 op, 4968400.00 ns, 18.9529 ns/op
WorkloadPilot   16: 524288 op, 9883200.00 ns, 18.8507 ns/op
WorkloadPilot   17: 1048576 op, 19584800.00 ns, 18.6775 ns/op
WorkloadPilot   18: 2097152 op, 39581900.00 ns, 18.8741 ns/op
WorkloadPilot   19: 4194304 op, 78742000.00 ns, 18.7736 ns/op
WorkloadPilot   20: 8388608 op, 104309800.00 ns, 12.4347 ns/op
WorkloadPilot   21: 16777216 op, 200555500.00 ns, 11.9540 ns/op
WorkloadPilot   22: 33554432 op, 412841100.00 ns, 12.3036 ns/op
WorkloadPilot   23: 67108864 op, 802651300.00 ns, 11.9604 ns/op

OverheadWarmup   1: 67108864 op, 171246900.00 ns, 2.5518 ns/op
OverheadWarmup   2: 67108864 op, 173230800.00 ns, 2.5813 ns/op
OverheadWarmup   3: 67108864 op, 128066500.00 ns, 1.9083 ns/op
OverheadWarmup   4: 67108864 op, 127718900.00 ns, 1.9032 ns/op
OverheadWarmup   5: 67108864 op, 129206900.00 ns, 1.9253 ns/op
OverheadWarmup   6: 67108864 op, 128149600.00 ns, 1.9096 ns/op

OverheadActual   1: 67108864 op, 129157800.00 ns, 1.9246 ns/op
OverheadActual   2: 67108864 op, 127331300.00 ns, 1.8974 ns/op
OverheadActual   3: 67108864 op, 127787900.00 ns, 1.9042 ns/op
OverheadActual   4: 67108864 op, 130070900.00 ns, 1.9382 ns/op
OverheadActual   5: 67108864 op, 127866500.00 ns, 1.9054 ns/op
OverheadActual   6: 67108864 op, 127498600.00 ns, 1.8999 ns/op
OverheadActual   7: 67108864 op, 129516900.00 ns, 1.9300 ns/op
OverheadActual   8: 67108864 op, 128434900.00 ns, 1.9138 ns/op
OverheadActual   9: 67108864 op, 128138500.00 ns, 1.9094 ns/op
OverheadActual  10: 67108864 op, 129834100.00 ns, 1.9347 ns/op
OverheadActual  11: 67108864 op, 129111800.00 ns, 1.9239 ns/op
OverheadActual  12: 67108864 op, 128964100.00 ns, 1.9217 ns/op
OverheadActual  13: 67108864 op, 128610000.00 ns, 1.9164 ns/op
OverheadActual  14: 67108864 op, 127994900.00 ns, 1.9073 ns/op
OverheadActual  15: 67108864 op, 130339700.00 ns, 1.9422 ns/op

WorkloadWarmup   1: 67108864 op, 804500800.00 ns, 11.9880 ns/op
WorkloadWarmup   2: 67108864 op, 804457400.00 ns, 11.9873 ns/op
WorkloadWarmup   3: 67108864 op, 804111600.00 ns, 11.9822 ns/op

// BeforeActualRun
WorkloadActual   1: 67108864 op, 801554300.00 ns, 11.9441 ns/op
WorkloadActual   2: 67108864 op, 807115100.00 ns, 12.0270 ns/op
WorkloadActual   3: 67108864 op, 807397000.00 ns, 12.0312 ns/op

// AfterActualRun
WorkloadResult   1: 67108864 op, 672944300.00 ns, 10.0277 ns/op
WorkloadResult   2: 67108864 op, 678505100.00 ns, 10.1105 ns/op
WorkloadResult   3: 67108864 op, 678787000.00 ns, 10.1147 ns/op
// GC:  0 0 0 0 67108864
// Threading:  0 0 67108864

// AfterAll
// Benchmark Process 5076 has exited with code 0.

Mean = 10.084 ns, StdErr = 0.028 ns (0.28%), N = 3, StdDev = 0.049 ns
Min = 10.028 ns, Q1 = 10.069 ns, Median = 10.111 ns, Q3 = 10.113 ns, Max = 10.115 ns
IQR = 0.044 ns, LowerFence = 10.004 ns, UpperFence = 10.178 ns
ConfidenceInterval = [9.189 ns; 10.980 ns] (CI 99.9%), Margin = 0.896 ns (8.88% of Mean)
Skewness = -0.38, Kurtosis = 0.67, MValue = 2

// ** Remained 9 (12.9%) benchmark(s) to run. Estimated finish 2026-03-22 17:23 (0h 1m from now) **
Setup power plan (GUID: 8c5e7fda-e8bf-4a96-9a85-a6e23a8c635c FriendlyName: High performance)
// **************************
// Benchmark: StringCopyToCharArrayBenchmarks.DllImport_Memmove: ShortRun(Runtime=.NET 10.0, IterationCount=3, LaunchCount=1, WarmupCount=3) [source=\r\n, destination=Char[18]]
// *** Execute ***
// Launch: 1 / 1
// Execute: dotnet ScrubJay.Text.Benchmarks-ShortRun-1.dll --anonymousPipes 1776 2176 --benchmarkName "ScrubJay.Text.Benchmarks.CopyTo.StringCopyToCharArrayBenchmarks.DllImport_Memmove(source: \"\r\n\", destination: ['\0', '\0', '\0', '\0', '\0', ...])" --job ShortRun --benchmarkId 31 in C:\git\ScrubJay\ScrubJay.Text\benchmarks\bin\Release\net10.0\ScrubJay.Text.Benchmarks-ShortRun-1\bin\Release\net10.0
// BeforeAnythingElse

// Benchmark Process Environment Information:
// BenchmarkDotNet v0.15.8
// Runtime=.NET 10.0.4 (10.0.4, 10.0.426.12010), X64 RyuJIT x86-64-v3
// GC=Concurrent Workstation
// HardwareIntrinsics=AVX2+BMI1+BMI2+F16C+FMA+LZCNT+MOVBE,AVX,SSE3+SSSE3+SSE4.1+SSE4.2+POPCNT,X86Base+SSE+SSE2,AES+PCLMUL VectorSize=256
// Job: ShortRun(IterationCount=3, LaunchCount=1, WarmupCount=3)

OverheadJitting  1: 1 op, 199200.00 ns, 199.2000 us/op
WorkloadJitting  1: 1 op, 657200.00 ns, 657.2000 us/op

OverheadJitting  2: 16 op, 322000.00 ns, 20.1250 us/op
WorkloadJitting  2: 16 op, 588600.00 ns, 36.7875 us/op

WorkloadPilot    1: 16 op, 1500.00 ns, 93.7500 ns/op
WorkloadPilot    2: 32 op, 18000.00 ns, 562.5000 ns/op
WorkloadPilot    3: 64 op, 2400.00 ns, 37.5000 ns/op
WorkloadPilot    4: 128 op, 3400.00 ns, 26.5625 ns/op
WorkloadPilot    5: 256 op, 19400.00 ns, 75.7813 ns/op
WorkloadPilot    6: 512 op, 10600.00 ns, 20.7031 ns/op
WorkloadPilot    7: 1024 op, 26400.00 ns, 25.7813 ns/op
WorkloadPilot    8: 2048 op, 38400.00 ns, 18.7500 ns/op
WorkloadPilot    9: 4096 op, 131800.00 ns, 32.1777 ns/op
WorkloadPilot   10: 8192 op, 249900.00 ns, 30.5054 ns/op
WorkloadPilot   11: 16384 op, 369300.00 ns, 22.5403 ns/op
WorkloadPilot   12: 32768 op, 665500.00 ns, 20.3094 ns/op
WorkloadPilot   13: 65536 op, 1361800.00 ns, 20.7794 ns/op
WorkloadPilot   14: 131072 op, 2590600.00 ns, 19.7647 ns/op
WorkloadPilot   15: 262144 op, 5047900.00 ns, 19.2562 ns/op
WorkloadPilot   16: 524288 op, 10388500.00 ns, 19.8145 ns/op
WorkloadPilot   17: 1048576 op, 20018400.00 ns, 19.0910 ns/op
WorkloadPilot   18: 2097152 op, 40196000.00 ns, 19.1669 ns/op
WorkloadPilot   19: 4194304 op, 81022200.00 ns, 19.3172 ns/op
WorkloadPilot   20: 8388608 op, 111119300.00 ns, 13.2465 ns/op
WorkloadPilot   21: 16777216 op, 218949800.00 ns, 13.0504 ns/op
WorkloadPilot   22: 33554432 op, 431265800.00 ns, 12.8527 ns/op
WorkloadPilot   23: 67108864 op, 871379900.00 ns, 12.9846 ns/op

OverheadWarmup   1: 67108864 op, 169368800.00 ns, 2.5238 ns/op
OverheadWarmup   2: 67108864 op, 141052600.00 ns, 2.1018 ns/op
OverheadWarmup   3: 67108864 op, 127141300.00 ns, 1.8946 ns/op
OverheadWarmup   4: 67108864 op, 126897600.00 ns, 1.8909 ns/op
OverheadWarmup   5: 67108864 op, 129415600.00 ns, 1.9284 ns/op
OverheadWarmup   6: 67108864 op, 127115100.00 ns, 1.8942 ns/op
OverheadWarmup   7: 67108864 op, 130398100.00 ns, 1.9431 ns/op
OverheadWarmup   8: 67108864 op, 127733000.00 ns, 1.9034 ns/op

OverheadActual   1: 67108864 op, 127987100.00 ns, 1.9072 ns/op
OverheadActual   2: 67108864 op, 129161700.00 ns, 1.9247 ns/op
OverheadActual   3: 67108864 op, 127826900.00 ns, 1.9048 ns/op
OverheadActual   4: 67108864 op, 129519900.00 ns, 1.9300 ns/op
OverheadActual   5: 67108864 op, 129147900.00 ns, 1.9245 ns/op
OverheadActual   6: 67108864 op, 128140000.00 ns, 1.9094 ns/op
OverheadActual   7: 67108864 op, 127290400.00 ns, 1.8968 ns/op
OverheadActual   8: 67108864 op, 127750900.00 ns, 1.9036 ns/op
OverheadActual   9: 67108864 op, 130254300.00 ns, 1.9409 ns/op
OverheadActual  10: 67108864 op, 127448200.00 ns, 1.8991 ns/op
OverheadActual  11: 67108864 op, 128922500.00 ns, 1.9211 ns/op
OverheadActual  12: 67108864 op, 128354400.00 ns, 1.9126 ns/op
OverheadActual  13: 67108864 op, 130208700.00 ns, 1.9403 ns/op
OverheadActual  14: 67108864 op, 126681600.00 ns, 1.8877 ns/op
OverheadActual  15: 67108864 op, 126533400.00 ns, 1.8855 ns/op

WorkloadWarmup   1: 67108864 op, 861236100.00 ns, 12.8334 ns/op
WorkloadWarmup   2: 67108864 op, 857179600.00 ns, 12.7730 ns/op
WorkloadWarmup   3: 67108864 op, 857151300.00 ns, 12.7725 ns/op

// BeforeActualRun
WorkloadActual   1: 67108864 op, 871480900.00 ns, 12.9861 ns/op
WorkloadActual   2: 67108864 op, 860886300.00 ns, 12.8282 ns/op
WorkloadActual   3: 67108864 op, 859720800.00 ns, 12.8108 ns/op

// AfterActualRun
WorkloadResult   1: 67108864 op, 743340900.00 ns, 11.0766 ns/op
WorkloadResult   2: 67108864 op, 732746300.00 ns, 10.9188 ns/op
WorkloadResult   3: 67108864 op, 731580800.00 ns, 10.9014 ns/op
// GC:  0 0 0 0 67108864
// Threading:  0 0 67108864

// AfterAll
// Benchmark Process 9100 has exited with code 0.

Mean = 10.966 ns, StdErr = 0.056 ns (0.51%), N = 3, StdDev = 0.097 ns
Min = 10.901 ns, Q1 = 10.910 ns, Median = 10.919 ns, Q3 = 10.998 ns, Max = 11.077 ns
IQR = 0.088 ns, LowerFence = 10.779 ns, UpperFence = 11.129 ns
ConfidenceInterval = [9.204 ns; 12.727 ns] (CI 99.9%), Margin = 1.761 ns (16.06% of Mean)
Skewness = 0.37, Kurtosis = 0.67, MValue = 2

// ** Remained 8 (11.4%) benchmark(s) to run. Estimated finish 2026-03-22 17:23 (0h 1m from now) **
Setup power plan (GUID: 8c5e7fda-e8bf-4a96-9a85-a6e23a8c635c FriendlyName: High performance)
// **************************
// Benchmark: StringCopyToCharArrayBenchmarks.DllImport_Memmove: ShortRun(Runtime=.NET 10.0, IterationCount=3, LaunchCount=1, WarmupCount=3) [source=Sphin(...) vow! [37], destination=Char[53]]
// *** Execute ***
// Launch: 1 / 1
// Execute: dotnet ScrubJay.Text.Benchmarks-ShortRun-1.dll --anonymousPipes 1412 1172 --benchmarkName "ScrubJay.Text.Benchmarks.CopyTo.StringCopyToCharArrayBenchmarks.DllImport_Memmove(source: \"Sphinx of black quartz, judge my vow!\", destination: ['\0', '\0', '\0', '\0', '\0', ...])" --job ShortRun --benchmarkId 32 in C:\git\ScrubJay\ScrubJay.Text\benchmarks\bin\Release\net10.0\ScrubJay.Text.Benchmarks-ShortRun-1\bin\Release\net10.0
// BeforeAnythingElse

// Benchmark Process Environment Information:
// BenchmarkDotNet v0.15.8
// Runtime=.NET 10.0.4 (10.0.4, 10.0.426.12010), X64 RyuJIT x86-64-v3
// GC=Concurrent Workstation
// HardwareIntrinsics=AVX2+BMI1+BMI2+F16C+FMA+LZCNT+MOVBE,AVX,SSE3+SSSE3+SSE4.1+SSE4.2+POPCNT,X86Base+SSE+SSE2,AES+PCLMUL VectorSize=256
// Job: ShortRun(IterationCount=3, LaunchCount=1, WarmupCount=3)

OverheadJitting  1: 1 op, 235400.00 ns, 235.4000 us/op
WorkloadJitting  1: 1 op, 679800.00 ns, 679.8000 us/op

OverheadJitting  2: 16 op, 280300.00 ns, 17.5188 us/op
WorkloadJitting  2: 16 op, 374100.00 ns, 23.3813 us/op

WorkloadPilot    1: 16 op, 1700.00 ns, 106.2500 ns/op
WorkloadPilot    2: 32 op, 1500.00 ns, 46.8750 ns/op
WorkloadPilot    3: 64 op, 2200.00 ns, 34.3750 ns/op
WorkloadPilot    4: 128 op, 3300.00 ns, 25.7813 ns/op
WorkloadPilot    5: 256 op, 5900.00 ns, 23.0469 ns/op
WorkloadPilot    6: 512 op, 10800.00 ns, 21.0938 ns/op
WorkloadPilot    7: 1024 op, 21100.00 ns, 20.6055 ns/op
WorkloadPilot    8: 2048 op, 80400.00 ns, 39.2578 ns/op
WorkloadPilot    9: 4096 op, 123200.00 ns, 30.0781 ns/op
WorkloadPilot   10: 8192 op, 201600.00 ns, 24.6094 ns/op
WorkloadPilot   11: 16384 op, 346100.00 ns, 21.1243 ns/op
WorkloadPilot   12: 32768 op, 677400.00 ns, 20.6726 ns/op
WorkloadPilot   13: 65536 op, 1334900.00 ns, 20.3690 ns/op
WorkloadPilot   14: 131072 op, 2674000.00 ns, 20.4010 ns/op
WorkloadPilot   15: 262144 op, 5305600.00 ns, 20.2393 ns/op
WorkloadPilot   16: 524288 op, 10649100.00 ns, 20.3115 ns/op
WorkloadPilot   17: 1048576 op, 21308800.00 ns, 20.3217 ns/op
WorkloadPilot   18: 2097152 op, 42555600.00 ns, 20.2921 ns/op
WorkloadPilot   19: 4194304 op, 84564500.00 ns, 20.1617 ns/op
WorkloadPilot   20: 8388608 op, 131594800.00 ns, 15.6873 ns/op
WorkloadPilot   21: 16777216 op, 247160800.00 ns, 14.7319 ns/op
WorkloadPilot   22: 33554432 op, 497389000.00 ns, 14.8233 ns/op
WorkloadPilot   23: 67108864 op, 991990100.00 ns, 14.7818 ns/op

OverheadWarmup   1: 67108864 op, 169847500.00 ns, 2.5309 ns/op
OverheadWarmup   2: 67108864 op, 138243200.00 ns, 2.0600 ns/op
OverheadWarmup   3: 67108864 op, 132271400.00 ns, 1.9710 ns/op
OverheadWarmup   4: 67108864 op, 128809800.00 ns, 1.9194 ns/op
OverheadWarmup   5: 67108864 op, 129382500.00 ns, 1.9279 ns/op
OverheadWarmup   6: 67108864 op, 126924400.00 ns, 1.8913 ns/op
OverheadWarmup   7: 67108864 op, 127845300.00 ns, 1.9050 ns/op
OverheadWarmup   8: 67108864 op, 128449100.00 ns, 1.9140 ns/op
OverheadWarmup   9: 67108864 op, 128375200.00 ns, 1.9129 ns/op

OverheadActual   1: 67108864 op, 127142400.00 ns, 1.8946 ns/op
OverheadActual   2: 67108864 op, 129528500.00 ns, 1.9301 ns/op
OverheadActual   3: 67108864 op, 127413900.00 ns, 1.8986 ns/op
OverheadActual   4: 67108864 op, 128708400.00 ns, 1.9179 ns/op
OverheadActual   5: 67108864 op, 127424100.00 ns, 1.8988 ns/op
OverheadActual   6: 67108864 op, 128676200.00 ns, 1.9174 ns/op
OverheadActual   7: 67108864 op, 125582700.00 ns, 1.8713 ns/op
OverheadActual   8: 67108864 op, 130431300.00 ns, 1.9436 ns/op
OverheadActual   9: 67108864 op, 129283000.00 ns, 1.9265 ns/op
OverheadActual  10: 67108864 op, 129568900.00 ns, 1.9307 ns/op
OverheadActual  11: 67108864 op, 128257600.00 ns, 1.9112 ns/op
OverheadActual  12: 67108864 op, 130237500.00 ns, 1.9407 ns/op
OverheadActual  13: 67108864 op, 126701000.00 ns, 1.8880 ns/op
OverheadActual  14: 67108864 op, 126540900.00 ns, 1.8856 ns/op
OverheadActual  15: 67108864 op, 128609300.00 ns, 1.9164 ns/op

WorkloadWarmup   1: 67108864 op, 991593300.00 ns, 14.7759 ns/op
WorkloadWarmup   2: 67108864 op, 993707700.00 ns, 14.8074 ns/op
WorkloadWarmup   3: 67108864 op, 997577100.00 ns, 14.8651 ns/op

// BeforeActualRun
WorkloadActual   1: 67108864 op, 992949900.00 ns, 14.7961 ns/op
WorkloadActual   2: 67108864 op, 995971800.00 ns, 14.8411 ns/op
WorkloadActual   3: 67108864 op, 992637200.00 ns, 14.7914 ns/op

// AfterActualRun
WorkloadResult   1: 67108864 op, 864340600.00 ns, 12.8797 ns/op
WorkloadResult   2: 67108864 op, 867362500.00 ns, 12.9247 ns/op
WorkloadResult   3: 67108864 op, 864027900.00 ns, 12.8750 ns/op
// GC:  0 0 0 0 67108864
// Threading:  0 0 67108864

// AfterAll
// Benchmark Process 4892 has exited with code 0.

Mean = 12.893 ns, StdErr = 0.016 ns (0.12%), N = 3, StdDev = 0.027 ns
Min = 12.875 ns, Q1 = 12.877 ns, Median = 12.880 ns, Q3 = 12.902 ns, Max = 12.925 ns
IQR = 0.025 ns, LowerFence = 12.840 ns, UpperFence = 12.939 ns
ConfidenceInterval = [12.392 ns; 13.394 ns] (CI 99.9%), Margin = 0.501 ns (3.88% of Mean)
Skewness = 0.37, Kurtosis = 0.67, MValue = 2

// ** Remained 7 (10.0%) benchmark(s) to run. Estimated finish 2026-03-22 17:23 (0h 1m from now) **
Setup power plan (GUID: 8c5e7fda-e8bf-4a96-9a85-a6e23a8c635c FriendlyName: High performance)
// **************************
// Benchmark: StringCopyToCharArrayBenchmarks.DllImport_Memmove: ShortRun(Runtime=.NET 10.0, IterationCount=3, LaunchCount=1, WarmupCount=3) [source='"\\\0(...){]}\\ [512], destination=Char[528]]
// *** Execute ***
// Launch: 1 / 1
// Execute: dotnet ScrubJay.Text.Benchmarks-ShortRun-1.dll --anonymousPipes 1776 2176 --benchmarkName "ScrubJay.Text.Benchmarks.CopyTo.StringCopyToCharArrayBenchmarks.DllImport_Memmove(source: \"'\\\"\\\0\a\b\f\n\r\t\v`~!@#$%^&*()-_=+[{]}\\|;:'\\\",<.>/?Sphinx of black quartz, judge my vow!'\\\"\\\0\a\b\f\n\r\t\v`~!@#$%^&*()-_=+[{]}\\|;:'\\\",<.>/?Sphinx of black quartz, judge my vow!'\\\"\\\0\a\b\f\n\r\t\v`~!@#$%^&*()-_=+[{]}\\|;:'\\\",<.>/?Sphinx of black quartz, judge my vow!'\\\"\\\0\a\b\f\n\r\t\v`~!@#$%^&*()-_=+[{]}\\|;:'\\\",<.>/?Sphinx of black quartz, judge my vow!'\\\"\\\0\a\b\f\n\r\t\v`~!@#$%^&*()-_=+[{]}\\|;:'\\\",<.>/?Sphinx of black quartz, judge my vow!'\\\"\\\0\a\b\f\n\r\t\v`~!@#$%^&*()-_=+[{]}\\|;:'\\\",<.>/?Sphinx of black quartz, judge my vow!'\\\"\\\0\a\b\f\n\r\t\v`~!@#$%^&*()-_=+[{]}\\\\\", destination: ['\0', '\0', '\0', '\0', '\0', ...])" --job ShortRun --benchmarkId 33 in C:\git\ScrubJay\ScrubJay.Text\benchmarks\bin\Release\net10.0\ScrubJay.Text.Benchmarks-ShortRun-1\bin\Release\net10.0
// BeforeAnythingElse

// Benchmark Process Environment Information:
// BenchmarkDotNet v0.15.8
// Runtime=.NET 10.0.4 (10.0.4, 10.0.426.12010), X64 RyuJIT x86-64-v3
// GC=Concurrent Workstation
// HardwareIntrinsics=AVX2+BMI1+BMI2+F16C+FMA+LZCNT+MOVBE,AVX,SSE3+SSSE3+SSE4.1+SSE4.2+POPCNT,X86Base+SSE+SSE2,AES+PCLMUL VectorSize=256
// Job: ShortRun(IterationCount=3, LaunchCount=1, WarmupCount=3)

OverheadJitting  1: 1 op, 207400.00 ns, 207.4000 us/op
WorkloadJitting  1: 1 op, 675800.00 ns, 675.8000 us/op

OverheadJitting  2: 16 op, 313900.00 ns, 19.6188 us/op
WorkloadJitting  2: 16 op, 363400.00 ns, 22.7125 us/op

WorkloadPilot    1: 16 op, 2300.00 ns, 143.7500 ns/op
WorkloadPilot    2: 32 op, 2300.00 ns, 71.8750 ns/op
WorkloadPilot    3: 64 op, 3500.00 ns, 54.6875 ns/op
WorkloadPilot    4: 128 op, 5800.00 ns, 45.3125 ns/op
WorkloadPilot    5: 256 op, 10500.00 ns, 41.0156 ns/op
WorkloadPilot    6: 512 op, 56400.00 ns, 110.1563 ns/op
WorkloadPilot    7: 1024 op, 58700.00 ns, 57.3242 ns/op
WorkloadPilot    8: 2048 op, 116600.00 ns, 56.9336 ns/op
WorkloadPilot    9: 4096 op, 255000.00 ns, 62.2559 ns/op
WorkloadPilot   10: 8192 op, 330800.00 ns, 40.3809 ns/op
WorkloadPilot   11: 16384 op, 737200.00 ns, 44.9951 ns/op
WorkloadPilot   12: 32768 op, 1342200.00 ns, 40.9607 ns/op
WorkloadPilot   13: 65536 op, 2667300.00 ns, 40.6998 ns/op
WorkloadPilot   14: 131072 op, 7548100.00 ns, 57.5874 ns/op
WorkloadPilot   15: 262144 op, 10765800.00 ns, 41.0683 ns/op
WorkloadPilot   16: 524288 op, 21833600.00 ns, 41.6443 ns/op
WorkloadPilot   17: 1048576 op, 42366200.00 ns, 40.4036 ns/op
WorkloadPilot   18: 2097152 op, 80857300.00 ns, 38.5558 ns/op
WorkloadPilot   19: 4194304 op, 132748900.00 ns, 31.6498 ns/op
WorkloadPilot   20: 8388608 op, 264725600.00 ns, 31.5578 ns/op
WorkloadPilot   21: 16777216 op, 527224500.00 ns, 31.4250 ns/op

OverheadWarmup   1: 16777216 op, 44051800.00 ns, 2.6257 ns/op
OverheadWarmup   2: 16777216 op, 42314900.00 ns, 2.5222 ns/op
OverheadWarmup   3: 16777216 op, 42628600.00 ns, 2.5409 ns/op
OverheadWarmup   4: 16777216 op, 42582200.00 ns, 2.5381 ns/op
OverheadWarmup   5: 16777216 op, 42066500.00 ns, 2.5074 ns/op
OverheadWarmup   6: 16777216 op, 42410400.00 ns, 2.5279 ns/op
OverheadWarmup   7: 16777216 op, 42427000.00 ns, 2.5288 ns/op
OverheadWarmup   8: 16777216 op, 39386300.00 ns, 2.3476 ns/op

OverheadActual   1: 16777216 op, 32044200.00 ns, 1.9100 ns/op
OverheadActual   2: 16777216 op, 32073100.00 ns, 1.9117 ns/op
OverheadActual   3: 16777216 op, 31655800.00 ns, 1.8868 ns/op
OverheadActual   4: 16777216 op, 32123800.00 ns, 1.9147 ns/op
OverheadActual   5: 16777216 op, 31946800.00 ns, 1.9042 ns/op
OverheadActual   6: 16777216 op, 32465700.00 ns, 1.9351 ns/op
OverheadActual   7: 16777216 op, 32297600.00 ns, 1.9251 ns/op
OverheadActual   8: 16777216 op, 31923700.00 ns, 1.9028 ns/op
OverheadActual   9: 16777216 op, 32195500.00 ns, 1.9190 ns/op
OverheadActual  10: 16777216 op, 32248200.00 ns, 1.9221 ns/op
OverheadActual  11: 16777216 op, 32015500.00 ns, 1.9083 ns/op
OverheadActual  12: 16777216 op, 32579000.00 ns, 1.9419 ns/op
OverheadActual  13: 16777216 op, 31925300.00 ns, 1.9029 ns/op
OverheadActual  14: 16777216 op, 34632000.00 ns, 2.0642 ns/op
OverheadActual  15: 16777216 op, 32004400.00 ns, 1.9076 ns/op

WorkloadWarmup   1: 16777216 op, 528678800.00 ns, 31.5117 ns/op
WorkloadWarmup   2: 16777216 op, 529371200.00 ns, 31.5530 ns/op
WorkloadWarmup   3: 16777216 op, 530102000.00 ns, 31.5965 ns/op

// BeforeActualRun
WorkloadActual   1: 16777216 op, 529883400.00 ns, 31.5835 ns/op
WorkloadActual   2: 16777216 op, 531372600.00 ns, 31.6723 ns/op
WorkloadActual   3: 16777216 op, 529539400.00 ns, 31.5630 ns/op

// AfterActualRun
WorkloadResult   1: 16777216 op, 497810300.00 ns, 29.6718 ns/op
WorkloadResult   2: 16777216 op, 499299500.00 ns, 29.7606 ns/op
WorkloadResult   3: 16777216 op, 497466300.00 ns, 29.6513 ns/op
// GC:  0 0 0 0 16777216
// Threading:  0 0 16777216

// AfterAll
// Benchmark Process 21204 has exited with code 0.

Mean = 29.695 ns, StdErr = 0.034 ns (0.11%), N = 3, StdDev = 0.058 ns
Min = 29.651 ns, Q1 = 29.662 ns, Median = 29.672 ns, Q3 = 29.716 ns, Max = 29.761 ns
IQR = 0.055 ns, LowerFence = 29.580 ns, UpperFence = 29.798 ns
ConfidenceInterval = [28.635 ns; 30.754 ns] (CI 99.9%), Margin = 1.060 ns (3.57% of Mean)
Skewness = 0.33, Kurtosis = 0.67, MValue = 2

// ** Remained 6 (8.6%) benchmark(s) to run. Estimated finish 2026-03-22 17:23 (0h 0m from now) **
Setup power plan (GUID: 8c5e7fda-e8bf-4a96-9a85-a6e23a8c635c FriendlyName: High performance)
// **************************
// Benchmark: StringCopyToCharArrayBenchmarks.DllImport_Memmove: ShortRun(Runtime=.NET 10.0, IterationCount=3, LaunchCount=1, WarmupCount=3) [source='"\\\0(...)~!@# [4096], destination=Char[4112]]
// *** Execute ***
// Launch: 1 / 1
// Execute: dotnet ScrubJay.Text.Benchmarks-ShortRun-1.dll --anonymousPipes 2212 2488 --benchmarkName StringCopyToCharArrayBenchmarks.DllImport_Memmove(paramsHash_1418944829) --job ShortRun --benchmarkId 34 in C:\git\ScrubJay\ScrubJay.Text\benchmarks\bin\Release\net10.0\ScrubJay.Text.Benchmarks-ShortRun-1\bin\Release\net10.0
// BeforeAnythingElse

// Benchmark Process Environment Information:
// BenchmarkDotNet v0.15.8
// Runtime=.NET 10.0.4 (10.0.4, 10.0.426.12010), X64 RyuJIT x86-64-v3
// GC=Concurrent Workstation
// HardwareIntrinsics=AVX2+BMI1+BMI2+F16C+FMA+LZCNT+MOVBE,AVX,SSE3+SSSE3+SSE4.1+SSE4.2+POPCNT,X86Base+SSE+SSE2,AES+PCLMUL VectorSize=256
// Job: ShortRun(IterationCount=3, LaunchCount=1, WarmupCount=3)

OverheadJitting  1: 1 op, 202300.00 ns, 202.3000 us/op
WorkloadJitting  1: 1 op, 684300.00 ns, 684.3000 us/op

OverheadJitting  2: 16 op, 301400.00 ns, 18.8375 us/op
WorkloadJitting  2: 16 op, 490500.00 ns, 30.6563 us/op

WorkloadPilot    1: 16 op, 4700.00 ns, 293.7500 ns/op
WorkloadPilot    2: 32 op, 6500.00 ns, 203.1250 ns/op
WorkloadPilot    3: 64 op, 16000.00 ns, 250.0000 ns/op
WorkloadPilot    4: 128 op, 22900.00 ns, 178.9063 ns/op
WorkloadPilot    5: 256 op, 86700.00 ns, 338.6719 ns/op
WorkloadPilot    6: 512 op, 151600.00 ns, 296.0938 ns/op
WorkloadPilot    7: 1024 op, 249900.00 ns, 244.0430 ns/op
WorkloadPilot    8: 2048 op, 435100.00 ns, 212.4512 ns/op
WorkloadPilot    9: 4096 op, 765700.00 ns, 186.9385 ns/op
WorkloadPilot   10: 8192 op, 1459900.00 ns, 178.2104 ns/op
WorkloadPilot   11: 16384 op, 2965200.00 ns, 180.9814 ns/op
WorkloadPilot   12: 32768 op, 6015300.00 ns, 183.5724 ns/op
WorkloadPilot   13: 65536 op, 11513200.00 ns, 175.6775 ns/op
WorkloadPilot   14: 131072 op, 24558500.00 ns, 187.3665 ns/op
WorkloadPilot   15: 262144 op, 48028900.00 ns, 183.2157 ns/op
WorkloadPilot   16: 524288 op, 92649500.00 ns, 176.7149 ns/op
WorkloadPilot   17: 1048576 op, 187439600.00 ns, 178.7563 ns/op
WorkloadPilot   18: 2097152 op, 366404500.00 ns, 174.7153 ns/op
WorkloadPilot   19: 4194304 op, 745832300.00 ns, 177.8203 ns/op

OverheadWarmup   1: 4194304 op, 10285200.00 ns, 2.4522 ns/op
OverheadWarmup   2: 4194304 op, 10593400.00 ns, 2.5257 ns/op
OverheadWarmup   3: 4194304 op, 10834100.00 ns, 2.5831 ns/op
OverheadWarmup   4: 4194304 op, 11282900.00 ns, 2.6901 ns/op
OverheadWarmup   5: 4194304 op, 10909900.00 ns, 2.6011 ns/op
OverheadWarmup   6: 4194304 op, 11149600.00 ns, 2.6583 ns/op
OverheadWarmup   7: 4194304 op, 11798700.00 ns, 2.8130 ns/op
OverheadWarmup   8: 4194304 op, 10989100.00 ns, 2.6200 ns/op

OverheadActual   1: 4194304 op, 10629800.00 ns, 2.5343 ns/op
OverheadActual   2: 4194304 op, 11021600.00 ns, 2.6278 ns/op
OverheadActual   3: 4194304 op, 10532500.00 ns, 2.5111 ns/op
OverheadActual   4: 4194304 op, 10916700.00 ns, 2.6027 ns/op
OverheadActual   5: 4194304 op, 10402400.00 ns, 2.4801 ns/op
OverheadActual   6: 4194304 op, 10935700.00 ns, 2.6073 ns/op
OverheadActual   7: 4194304 op, 11058600.00 ns, 2.6366 ns/op
OverheadActual   8: 4194304 op, 11269300.00 ns, 2.6868 ns/op
OverheadActual   9: 4194304 op, 10552400.00 ns, 2.5159 ns/op
OverheadActual  10: 4194304 op, 10521400.00 ns, 2.5085 ns/op
OverheadActual  11: 4194304 op, 11016400.00 ns, 2.6265 ns/op
OverheadActual  12: 4194304 op, 10900000.00 ns, 2.5988 ns/op
OverheadActual  13: 4194304 op, 10843800.00 ns, 2.5854 ns/op
OverheadActual  14: 4194304 op, 10360200.00 ns, 2.4701 ns/op
OverheadActual  15: 4194304 op, 10922700.00 ns, 2.6042 ns/op

WorkloadWarmup   1: 4194304 op, 744590600.00 ns, 177.5242 ns/op
WorkloadWarmup   2: 4194304 op, 740906400.00 ns, 176.6459 ns/op
WorkloadWarmup   3: 4194304 op, 736307800.00 ns, 175.5495 ns/op

// BeforeActualRun
WorkloadActual   1: 4194304 op, 737123400.00 ns, 175.7439 ns/op
WorkloadActual   2: 4194304 op, 735466100.00 ns, 175.3488 ns/op
WorkloadActual   3: 4194304 op, 738534000.00 ns, 176.0802 ns/op

// AfterActualRun
WorkloadResult   1: 4194304 op, 726223400.00 ns, 173.1452 ns/op
WorkloadResult   2: 4194304 op, 724566100.00 ns, 172.7500 ns/op
WorkloadResult   3: 4194304 op, 727634000.00 ns, 173.4815 ns/op
// GC:  0 0 0 0 4194304
// Threading:  0 0 4194304

// AfterAll
// Benchmark Process 11140 has exited with code 0.

Mean = 173.126 ns, StdErr = 0.211 ns (0.12%), N = 3, StdDev = 0.366 ns
Min = 172.750 ns, Q1 = 172.948 ns, Median = 173.145 ns, Q3 = 173.313 ns, Max = 173.481 ns
IQR = 0.366 ns, LowerFence = 172.399 ns, UpperFence = 173.862 ns
ConfidenceInterval = [166.446 ns; 179.805 ns] (CI 99.9%), Margin = 6.679 ns (3.86% of Mean)
Skewness = -0.05, Kurtosis = 0.67, MValue = 2

// ** Remained 5 (7.1%) benchmark(s) to run. Estimated finish 2026-03-22 17:23 (0h 0m from now) **
Setup power plan (GUID: 8c5e7fda-e8bf-4a96-9a85-a6e23a8c635c FriendlyName: High performance)
// **************************
// Benchmark: StringCopyToCharArrayBenchmarks.DllImport_Memmove: ShortRun(Runtime=.NET 6.0, IterationCount=3, LaunchCount=1, WarmupCount=3) [source=,, destination=Char[17]]
// *** Execute ***
// Launch: 1 / 1
// Execute: dotnet ScrubJay.Text.Benchmarks-ShortRun-2.dll --anonymousPipes 2132 2800 --benchmarkName "ScrubJay.Text.Benchmarks.CopyTo.StringCopyToCharArrayBenchmarks.DllImport_Memmove(source: \",\", destination: ['\0', '\0', '\0', '\0', '\0', ...])" --job ShortRun --benchmarkId 30 in C:\git\ScrubJay\ScrubJay.Text\benchmarks\bin\Release\net10.0\ScrubJay.Text.Benchmarks-ShortRun-2\bin\Release\net6.0
// BeforeAnythingElse

// Benchmark Process Environment Information:
// BenchmarkDotNet v0.15.8
// Runtime=.NET 6.0.36 (6.0.36, 6.0.3624.51421), X64 RyuJIT x86-64-v3
// GC=Concurrent Workstation
// HardwareIntrinsics=AVX2+BMI1+BMI2+F16C+FMA+LZCNT+MOVBE,AVX,SSE3+SSSE3+SSE4.1+SSE4.2+POPCNT,X86Base+SSE+SSE2,AES+PCLMUL VectorSize=256
// Job: ShortRun(IterationCount=3, LaunchCount=1, WarmupCount=3)

OverheadJitting  1: 1 op, 141000.00 ns, 141.0000 us/op
WorkloadJitting  1: 1 op, 618000.00 ns, 618.0000 us/op

OverheadJitting  2: 16 op, 276400.00 ns, 17.2750 us/op
WorkloadJitting  2: 16 op, 271600.00 ns, 16.9750 us/op

WorkloadPilot    1: 16 op, 1800.00 ns, 112.5000 ns/op
WorkloadPilot    2: 32 op, 2300.00 ns, 71.8750 ns/op
WorkloadPilot    3: 64 op, 3300.00 ns, 51.5625 ns/op
WorkloadPilot    4: 128 op, 5500.00 ns, 42.9688 ns/op
WorkloadPilot    5: 256 op, 5700.00 ns, 22.2656 ns/op
WorkloadPilot    6: 512 op, 10500.00 ns, 20.5078 ns/op
WorkloadPilot    7: 1024 op, 20200.00 ns, 19.7266 ns/op
WorkloadPilot    8: 2048 op, 39300.00 ns, 19.1895 ns/op
WorkloadPilot    9: 4096 op, 91700.00 ns, 22.3877 ns/op
WorkloadPilot   10: 8192 op, 154400.00 ns, 18.8477 ns/op
WorkloadPilot   11: 16384 op, 328200.00 ns, 20.0317 ns/op
WorkloadPilot   12: 32768 op, 669800.00 ns, 20.4407 ns/op
WorkloadPilot   13: 65536 op, 1347600.00 ns, 20.5627 ns/op
WorkloadPilot   14: 131072 op, 3765500.00 ns, 28.7285 ns/op
WorkloadPilot   15: 262144 op, 5228900.00 ns, 19.9467 ns/op
WorkloadPilot   16: 524288 op, 10575200.00 ns, 20.1706 ns/op
WorkloadPilot   17: 1048576 op, 20603500.00 ns, 19.6490 ns/op
WorkloadPilot   18: 2097152 op, 41822300.00 ns, 19.9424 ns/op
WorkloadPilot   19: 4194304 op, 83108300.00 ns, 19.8146 ns/op
WorkloadPilot   20: 8388608 op, 110930000.00 ns, 13.2239 ns/op
WorkloadPilot   21: 16777216 op, 209739700.00 ns, 12.5015 ns/op
WorkloadPilot   22: 33554432 op, 416279500.00 ns, 12.4061 ns/op
WorkloadPilot   23: 67108864 op, 838962600.00 ns, 12.5015 ns/op

OverheadWarmup   1: 67108864 op, 178996500.00 ns, 2.6673 ns/op
OverheadWarmup   2: 67108864 op, 132659300.00 ns, 1.9768 ns/op
OverheadWarmup   3: 67108864 op, 122046300.00 ns, 1.8186 ns/op
OverheadWarmup   4: 67108864 op, 123649800.00 ns, 1.8425 ns/op
OverheadWarmup   5: 67108864 op, 120894400.00 ns, 1.8015 ns/op
OverheadWarmup   6: 67108864 op, 120407000.00 ns, 1.7942 ns/op
OverheadWarmup   7: 67108864 op, 120441800.00 ns, 1.7947 ns/op
OverheadWarmup   8: 67108864 op, 121019900.00 ns, 1.8033 ns/op
OverheadWarmup   9: 67108864 op, 122834600.00 ns, 1.8304 ns/op
OverheadWarmup  10: 67108864 op, 121519500.00 ns, 1.8108 ns/op

OverheadActual   1: 67108864 op, 123671900.00 ns, 1.8429 ns/op
OverheadActual   2: 67108864 op, 121672400.00 ns, 1.8131 ns/op
OverheadActual   3: 67108864 op, 122437300.00 ns, 1.8245 ns/op
OverheadActual   4: 67108864 op, 122769700.00 ns, 1.8294 ns/op
OverheadActual   5: 67108864 op, 120807400.00 ns, 1.8002 ns/op
OverheadActual   6: 67108864 op, 121069200.00 ns, 1.8041 ns/op
OverheadActual   7: 67108864 op, 123578800.00 ns, 1.8415 ns/op
OverheadActual   8: 67108864 op, 122117400.00 ns, 1.8197 ns/op
OverheadActual   9: 67108864 op, 121171400.00 ns, 1.8056 ns/op
OverheadActual  10: 67108864 op, 124416700.00 ns, 1.8540 ns/op
OverheadActual  11: 67108864 op, 122545500.00 ns, 1.8261 ns/op
OverheadActual  12: 67108864 op, 122400400.00 ns, 1.8239 ns/op
OverheadActual  13: 67108864 op, 122051900.00 ns, 1.8187 ns/op
OverheadActual  14: 67108864 op, 122754400.00 ns, 1.8292 ns/op
OverheadActual  15: 67108864 op, 123679100.00 ns, 1.8430 ns/op

WorkloadWarmup   1: 67108864 op, 832458200.00 ns, 12.4046 ns/op
WorkloadWarmup   2: 67108864 op, 834540600.00 ns, 12.4356 ns/op
WorkloadWarmup   3: 67108864 op, 836900100.00 ns, 12.4708 ns/op

// BeforeActualRun
WorkloadActual   1: 67108864 op, 833533500.00 ns, 12.4206 ns/op
WorkloadActual   2: 67108864 op, 834349600.00 ns, 12.4328 ns/op
WorkloadActual   3: 67108864 op, 831743000.00 ns, 12.3939 ns/op

// AfterActualRun
WorkloadResult   1: 67108864 op, 711096200.00 ns, 10.5962 ns/op
WorkloadResult   2: 67108864 op, 711912300.00 ns, 10.6083 ns/op
WorkloadResult   3: 67108864 op, 709305700.00 ns, 10.5695 ns/op
// GC:  0 0 0 0 67108864
// Threading:  0 0 67108864

// AfterAll
// Benchmark Process 12264 has exited with code 0.

Mean = 10.591 ns, StdErr = 0.011 ns (0.11%), N = 3, StdDev = 0.020 ns
Min = 10.569 ns, Q1 = 10.583 ns, Median = 10.596 ns, Q3 = 10.602 ns, Max = 10.608 ns
IQR = 0.019 ns, LowerFence = 10.554 ns, UpperFence = 10.631 ns
ConfidenceInterval = [10.229 ns; 10.954 ns] (CI 99.9%), Margin = 0.362 ns (3.42% of Mean)
Skewness = -0.23, Kurtosis = 0.67, MValue = 2

// ** Remained 4 (5.7%) benchmark(s) to run. Estimated finish 2026-03-22 17:23 (0h 0m from now) **
Setup power plan (GUID: 8c5e7fda-e8bf-4a96-9a85-a6e23a8c635c FriendlyName: High performance)
// **************************
// Benchmark: StringCopyToCharArrayBenchmarks.DllImport_Memmove: ShortRun(Runtime=.NET 6.0, IterationCount=3, LaunchCount=1, WarmupCount=3) [source=\r\n, destination=Char[18]]
// *** Execute ***
// Launch: 1 / 1
// Execute: dotnet ScrubJay.Text.Benchmarks-ShortRun-2.dll --anonymousPipes 932 1732 --benchmarkName "ScrubJay.Text.Benchmarks.CopyTo.StringCopyToCharArrayBenchmarks.DllImport_Memmove(source: \"\r\n\", destination: ['\0', '\0', '\0', '\0', '\0', ...])" --job ShortRun --benchmarkId 31 in C:\git\ScrubJay\ScrubJay.Text\benchmarks\bin\Release\net10.0\ScrubJay.Text.Benchmarks-ShortRun-2\bin\Release\net6.0
// BeforeAnythingElse

// Benchmark Process Environment Information:
// BenchmarkDotNet v0.15.8
// Runtime=.NET 6.0.36 (6.0.36, 6.0.3624.51421), X64 RyuJIT x86-64-v3
// GC=Concurrent Workstation
// HardwareIntrinsics=AVX2+BMI1+BMI2+F16C+FMA+LZCNT+MOVBE,AVX,SSE3+SSSE3+SSE4.1+SSE4.2+POPCNT,X86Base+SSE+SSE2,AES+PCLMUL VectorSize=256
// Job: ShortRun(IterationCount=3, LaunchCount=1, WarmupCount=3)

OverheadJitting  1: 1 op, 136300.00 ns, 136.3000 us/op
WorkloadJitting  1: 1 op, 635500.00 ns, 635.5000 us/op

OverheadJitting  2: 16 op, 281300.00 ns, 17.5813 us/op
WorkloadJitting  2: 16 op, 367900.00 ns, 22.9938 us/op

WorkloadPilot    1: 16 op, 1900.00 ns, 118.7500 ns/op
WorkloadPilot    2: 32 op, 1800.00 ns, 56.2500 ns/op
WorkloadPilot    3: 64 op, 21200.00 ns, 331.2500 ns/op
WorkloadPilot    4: 128 op, 5200.00 ns, 40.6250 ns/op
WorkloadPilot    5: 256 op, 6500.00 ns, 25.3906 ns/op
WorkloadPilot    6: 512 op, 18300.00 ns, 35.7422 ns/op
WorkloadPilot    7: 1024 op, 21800.00 ns, 21.2891 ns/op
WorkloadPilot    8: 2048 op, 57300.00 ns, 27.9785 ns/op
WorkloadPilot    9: 4096 op, 113000.00 ns, 27.5879 ns/op
WorkloadPilot   10: 8192 op, 238000.00 ns, 29.0527 ns/op
WorkloadPilot   11: 16384 op, 390700.00 ns, 23.8464 ns/op
WorkloadPilot   12: 32768 op, 767000.00 ns, 23.4070 ns/op
WorkloadPilot   13: 65536 op, 1408700.00 ns, 21.4951 ns/op
WorkloadPilot   14: 131072 op, 2864200.00 ns, 21.8521 ns/op
WorkloadPilot   15: 262144 op, 5432500.00 ns, 20.7233 ns/op
WorkloadPilot   16: 524288 op, 11170400.00 ns, 21.3058 ns/op
WorkloadPilot   17: 1048576 op, 22199200.00 ns, 21.1708 ns/op
WorkloadPilot   18: 2097152 op, 45315600.00 ns, 21.6082 ns/op
WorkloadPilot   19: 4194304 op, 83149600.00 ns, 19.8244 ns/op
WorkloadPilot   20: 8388608 op, 108705300.00 ns, 12.9587 ns/op
WorkloadPilot   21: 16777216 op, 215043000.00 ns, 12.8176 ns/op
WorkloadPilot   22: 33554432 op, 432962100.00 ns, 12.9033 ns/op
WorkloadPilot   23: 67108864 op, 852502300.00 ns, 12.7033 ns/op

OverheadWarmup   1: 67108864 op, 175038600.00 ns, 2.6083 ns/op
OverheadWarmup   2: 67108864 op, 135155400.00 ns, 2.0140 ns/op
OverheadWarmup   3: 67108864 op, 121075100.00 ns, 1.8042 ns/op
OverheadWarmup   4: 67108864 op, 122873400.00 ns, 1.8310 ns/op
OverheadWarmup   5: 67108864 op, 121626400.00 ns, 1.8124 ns/op
OverheadWarmup   6: 67108864 op, 122382800.00 ns, 1.8236 ns/op
OverheadWarmup   7: 67108864 op, 121153400.00 ns, 1.8053 ns/op

OverheadActual   1: 67108864 op, 121718600.00 ns, 1.8137 ns/op
OverheadActual   2: 67108864 op, 124139000.00 ns, 1.8498 ns/op
OverheadActual   3: 67108864 op, 121256700.00 ns, 1.8069 ns/op
OverheadActual   4: 67108864 op, 123092100.00 ns, 1.8342 ns/op
OverheadActual   5: 67108864 op, 123787100.00 ns, 1.8446 ns/op
OverheadActual   6: 67108864 op, 122284000.00 ns, 1.8222 ns/op
OverheadActual   7: 67108864 op, 122563000.00 ns, 1.8263 ns/op
OverheadActual   8: 67108864 op, 121781900.00 ns, 1.8147 ns/op
OverheadActual   9: 67108864 op, 122009500.00 ns, 1.8181 ns/op
OverheadActual  10: 67108864 op, 122609300.00 ns, 1.8270 ns/op
OverheadActual  11: 67108864 op, 120886200.00 ns, 1.8013 ns/op
OverheadActual  12: 67108864 op, 121291900.00 ns, 1.8074 ns/op
OverheadActual  13: 67108864 op, 121876100.00 ns, 1.8161 ns/op
OverheadActual  14: 67108864 op, 123023400.00 ns, 1.8332 ns/op
OverheadActual  15: 67108864 op, 122929100.00 ns, 1.8318 ns/op

WorkloadWarmup   1: 67108864 op, 852754000.00 ns, 12.7070 ns/op
WorkloadWarmup   2: 67108864 op, 854557600.00 ns, 12.7339 ns/op
WorkloadWarmup   3: 67108864 op, 854651700.00 ns, 12.7353 ns/op

// BeforeActualRun
WorkloadActual   1: 67108864 op, 856089500.00 ns, 12.7567 ns/op
WorkloadActual   2: 67108864 op, 850976100.00 ns, 12.6805 ns/op
WorkloadActual   3: 67108864 op, 853741200.00 ns, 12.7217 ns/op

// AfterActualRun
WorkloadResult   1: 67108864 op, 733805500.00 ns, 10.9346 ns/op
WorkloadResult   2: 67108864 op, 728692100.00 ns, 10.8584 ns/op
WorkloadResult   3: 67108864 op, 731457200.00 ns, 10.8996 ns/op
// GC:  0 0 0 0 67108864
// Threading:  0 0 67108864

// AfterAll
// Benchmark Process 20048 has exited with code 0.

Mean = 10.897 ns, StdErr = 0.022 ns (0.20%), N = 3, StdDev = 0.038 ns
Min = 10.858 ns, Q1 = 10.879 ns, Median = 10.900 ns, Q3 = 10.917 ns, Max = 10.935 ns
IQR = 0.038 ns, LowerFence = 10.822 ns, UpperFence = 10.974 ns
ConfidenceInterval = [10.202 ns; 11.593 ns] (CI 99.9%), Margin = 0.696 ns (6.39% of Mean)
Skewness = -0.05, Kurtosis = 0.67, MValue = 2

// ** Remained 3 (4.3%) benchmark(s) to run. Estimated finish 2026-03-22 17:23 (0h 0m from now) **
Setup power plan (GUID: 8c5e7fda-e8bf-4a96-9a85-a6e23a8c635c FriendlyName: High performance)
// **************************
// Benchmark: StringCopyToCharArrayBenchmarks.DllImport_Memmove: ShortRun(Runtime=.NET 6.0, IterationCount=3, LaunchCount=1, WarmupCount=3) [source=Sphin(...) vow! [37], destination=Char[53]]
// *** Execute ***
// Launch: 1 / 1
// Execute: dotnet ScrubJay.Text.Benchmarks-ShortRun-2.dll --anonymousPipes 2992 2212 --benchmarkName "ScrubJay.Text.Benchmarks.CopyTo.StringCopyToCharArrayBenchmarks.DllImport_Memmove(source: \"Sphinx of black quartz, judge my vow!\", destination: ['\0', '\0', '\0', '\0', '\0', ...])" --job ShortRun --benchmarkId 32 in C:\git\ScrubJay\ScrubJay.Text\benchmarks\bin\Release\net10.0\ScrubJay.Text.Benchmarks-ShortRun-2\bin\Release\net6.0
// BeforeAnythingElse

// Benchmark Process Environment Information:
// BenchmarkDotNet v0.15.8
// Runtime=.NET 6.0.36 (6.0.36, 6.0.3624.51421), X64 RyuJIT x86-64-v3
// GC=Concurrent Workstation
// HardwareIntrinsics=AVX2+BMI1+BMI2+F16C+FMA+LZCNT+MOVBE,AVX,SSE3+SSSE3+SSE4.1+SSE4.2+POPCNT,X86Base+SSE+SSE2,AES+PCLMUL VectorSize=256
// Job: ShortRun(IterationCount=3, LaunchCount=1, WarmupCount=3)

OverheadJitting  1: 1 op, 137000.00 ns, 137.0000 us/op
WorkloadJitting  1: 1 op, 515200.00 ns, 515.2000 us/op

OverheadJitting  2: 16 op, 283400.00 ns, 17.7125 us/op
WorkloadJitting  2: 16 op, 368900.00 ns, 23.0563 us/op

WorkloadPilot    1: 16 op, 1400.00 ns, 87.5000 ns/op
WorkloadPilot    2: 32 op, 1600.00 ns, 50.0000 ns/op
WorkloadPilot    3: 64 op, 2400.00 ns, 37.5000 ns/op
WorkloadPilot    4: 128 op, 7300.00 ns, 57.0313 ns/op
WorkloadPilot    5: 256 op, 6300.00 ns, 24.6094 ns/op
WorkloadPilot    6: 512 op, 11800.00 ns, 23.0469 ns/op
WorkloadPilot    7: 1024 op, 22400.00 ns, 21.8750 ns/op
WorkloadPilot    8: 2048 op, 61100.00 ns, 29.8340 ns/op
WorkloadPilot    9: 4096 op, 196200.00 ns, 47.9004 ns/op
WorkloadPilot   10: 8192 op, 260900.00 ns, 31.8481 ns/op
WorkloadPilot   11: 16384 op, 379900.00 ns, 23.1873 ns/op
WorkloadPilot   12: 32768 op, 746800.00 ns, 22.7905 ns/op
WorkloadPilot   13: 65536 op, 1420200.00 ns, 21.6705 ns/op
WorkloadPilot   14: 131072 op, 2940500.00 ns, 22.4342 ns/op
WorkloadPilot   15: 262144 op, 5905900.00 ns, 22.5292 ns/op
WorkloadPilot   16: 524288 op, 11331500.00 ns, 21.6131 ns/op
WorkloadPilot   17: 1048576 op, 23058400.00 ns, 21.9902 ns/op
WorkloadPilot   18: 2097152 op, 45172300.00 ns, 21.5398 ns/op
WorkloadPilot   19: 4194304 op, 88620600.00 ns, 21.1288 ns/op
WorkloadPilot   20: 8388608 op, 119272700.00 ns, 14.2184 ns/op
WorkloadPilot   21: 16777216 op, 235657300.00 ns, 14.0463 ns/op
WorkloadPilot   22: 33554432 op, 466926300.00 ns, 13.9155 ns/op
WorkloadPilot   23: 67108864 op, 938206300.00 ns, 13.9804 ns/op

OverheadWarmup   1: 67108864 op, 176947400.00 ns, 2.6367 ns/op
OverheadWarmup   2: 67108864 op, 132575100.00 ns, 1.9755 ns/op
OverheadWarmup   3: 67108864 op, 122228700.00 ns, 1.8213 ns/op
OverheadWarmup   4: 67108864 op, 123011100.00 ns, 1.8330 ns/op
OverheadWarmup   5: 67108864 op, 125556000.00 ns, 1.8709 ns/op
OverheadWarmup   6: 67108864 op, 124060100.00 ns, 1.8486 ns/op
OverheadWarmup   7: 67108864 op, 121805300.00 ns, 1.8150 ns/op
OverheadWarmup   8: 67108864 op, 122900300.00 ns, 1.8314 ns/op
OverheadWarmup   9: 67108864 op, 121381300.00 ns, 1.8087 ns/op

OverheadActual   1: 67108864 op, 122000900.00 ns, 1.8180 ns/op
OverheadActual   2: 67108864 op, 121688100.00 ns, 1.8133 ns/op
OverheadActual   3: 67108864 op, 121255700.00 ns, 1.8069 ns/op
OverheadActual   4: 67108864 op, 122620500.00 ns, 1.8272 ns/op
OverheadActual   5: 67108864 op, 121137000.00 ns, 1.8051 ns/op
OverheadActual   6: 67108864 op, 120912100.00 ns, 1.8017 ns/op
OverheadActual   7: 67108864 op, 121065300.00 ns, 1.8040 ns/op
OverheadActual   8: 67108864 op, 129186500.00 ns, 1.9250 ns/op
OverheadActual   9: 67108864 op, 121249300.00 ns, 1.8068 ns/op
OverheadActual  10: 67108864 op, 123557900.00 ns, 1.8412 ns/op
OverheadActual  11: 67108864 op, 121508000.00 ns, 1.8106 ns/op
OverheadActual  12: 67108864 op, 121874700.00 ns, 1.8161 ns/op
OverheadActual  13: 67108864 op, 124127100.00 ns, 1.8496 ns/op
OverheadActual  14: 67108864 op, 120624400.00 ns, 1.7974 ns/op
OverheadActual  15: 67108864 op, 124894200.00 ns, 1.8611 ns/op

WorkloadWarmup   1: 67108864 op, 924930000.00 ns, 13.7825 ns/op
WorkloadWarmup   2: 67108864 op, 930025900.00 ns, 13.8585 ns/op
WorkloadWarmup   3: 67108864 op, 923178900.00 ns, 13.7564 ns/op

// BeforeActualRun
WorkloadActual   1: 67108864 op, 928643500.00 ns, 13.8379 ns/op
WorkloadActual   2: 67108864 op, 938743400.00 ns, 13.9884 ns/op
WorkloadActual   3: 67108864 op, 962512800.00 ns, 14.3426 ns/op

// AfterActualRun
WorkloadResult   1: 67108864 op, 806955400.00 ns, 12.0246 ns/op
WorkloadResult   2: 67108864 op, 817055300.00 ns, 12.1751 ns/op
WorkloadResult   3: 67108864 op, 840824700.00 ns, 12.5293 ns/op
// GC:  0 0 0 0 67108864
// Threading:  0 0 67108864

// AfterAll
// Benchmark Process 4008 has exited with code 0.

Mean = 12.243 ns, StdErr = 0.150 ns (1.22%), N = 3, StdDev = 0.259 ns
Min = 12.025 ns, Q1 = 12.100 ns, Median = 12.175 ns, Q3 = 12.352 ns, Max = 12.529 ns
IQR = 0.252 ns, LowerFence = 11.721 ns, UpperFence = 12.731 ns
ConfidenceInterval = [7.516 ns; 16.970 ns] (CI 99.9%), Margin = 4.727 ns (38.61% of Mean)
Skewness = 0.24, Kurtosis = 0.67, MValue = 2

// ** Remained 2 (2.9%) benchmark(s) to run. Estimated finish 2026-03-22 17:23 (0h 0m from now) **
Setup power plan (GUID: 8c5e7fda-e8bf-4a96-9a85-a6e23a8c635c FriendlyName: High performance)
// **************************
// Benchmark: StringCopyToCharArrayBenchmarks.DllImport_Memmove: ShortRun(Runtime=.NET 6.0, IterationCount=3, LaunchCount=1, WarmupCount=3) [source='"\\\0(...){]}\\ [512], destination=Char[528]]
// *** Execute ***
// Launch: 1 / 1
// Execute: dotnet ScrubJay.Text.Benchmarks-ShortRun-2.dll --anonymousPipes 2928 2396 --benchmarkName "ScrubJay.Text.Benchmarks.CopyTo.StringCopyToCharArrayBenchmarks.DllImport_Memmove(source: \"'\\\"\\\0\a\b\f\n\r\t\v`~!@#$%^&*()-_=+[{]}\\|;:'\\\",<.>/?Sphinx of black quartz, judge my vow!'\\\"\\\0\a\b\f\n\r\t\v`~!@#$%^&*()-_=+[{]}\\|;:'\\\",<.>/?Sphinx of black quartz, judge my vow!'\\\"\\\0\a\b\f\n\r\t\v`~!@#$%^&*()-_=+[{]}\\|;:'\\\",<.>/?Sphinx of black quartz, judge my vow!'\\\"\\\0\a\b\f\n\r\t\v`~!@#$%^&*()-_=+[{]}\\|;:'\\\",<.>/?Sphinx of black quartz, judge my vow!'\\\"\\\0\a\b\f\n\r\t\v`~!@#$%^&*()-_=+[{]}\\|;:'\\\",<.>/?Sphinx of black quartz, judge my vow!'\\\"\\\0\a\b\f\n\r\t\v`~!@#$%^&*()-_=+[{]}\\|;:'\\\",<.>/?Sphinx of black quartz, judge my vow!'\\\"\\\0\a\b\f\n\r\t\v`~!@#$%^&*()-_=+[{]}\\\\\", destination: ['\0', '\0', '\0', '\0', '\0', ...])" --job ShortRun --benchmarkId 33 in C:\git\ScrubJay\ScrubJay.Text\benchmarks\bin\Release\net10.0\ScrubJay.Text.Benchmarks-ShortRun-2\bin\Release\net6.0
// BeforeAnythingElse

// Benchmark Process Environment Information:
// BenchmarkDotNet v0.15.8
// Runtime=.NET 6.0.36 (6.0.36, 6.0.3624.51421), X64 RyuJIT x86-64-v3
// GC=Concurrent Workstation
// HardwareIntrinsics=AVX2+BMI1+BMI2+F16C+FMA+LZCNT+MOVBE,AVX,SSE3+SSSE3+SSE4.1+SSE4.2+POPCNT,X86Base+SSE+SSE2,AES+PCLMUL VectorSize=256
// Job: ShortRun(IterationCount=3, LaunchCount=1, WarmupCount=3)

OverheadJitting  1: 1 op, 142500.00 ns, 142.5000 us/op
WorkloadJitting  1: 1 op, 833900.00 ns, 833.9000 us/op

OverheadJitting  2: 16 op, 255900.00 ns, 15.9938 us/op
WorkloadJitting  2: 16 op, 384000.00 ns, 24.0000 us/op

WorkloadPilot    1: 16 op, 1900.00 ns, 118.7500 ns/op
WorkloadPilot    2: 32 op, 29000.00 ns, 906.2500 ns/op
WorkloadPilot    3: 64 op, 5600.00 ns, 87.5000 ns/op
WorkloadPilot    4: 128 op, 9000.00 ns, 70.3125 ns/op
WorkloadPilot    5: 256 op, 17400.00 ns, 67.9688 ns/op
WorkloadPilot    6: 512 op, 70100.00 ns, 136.9141 ns/op
WorkloadPilot    7: 1024 op, 41100.00 ns, 40.1367 ns/op
WorkloadPilot    8: 2048 op, 109300.00 ns, 53.3691 ns/op
WorkloadPilot    9: 4096 op, 161600.00 ns, 39.4531 ns/op
WorkloadPilot   10: 8192 op, 321700.00 ns, 39.2700 ns/op
WorkloadPilot   11: 16384 op, 693900.00 ns, 42.3523 ns/op
WorkloadPilot   12: 32768 op, 1337200.00 ns, 40.8081 ns/op
WorkloadPilot   13: 65536 op, 3252500.00 ns, 49.6292 ns/op
WorkloadPilot   14: 131072 op, 5962100.00 ns, 45.4872 ns/op
WorkloadPilot   15: 262144 op, 10899200.00 ns, 41.5771 ns/op
WorkloadPilot   16: 524288 op, 24218300.00 ns, 46.1927 ns/op
WorkloadPilot   17: 1048576 op, 44040300.00 ns, 42.0001 ns/op
WorkloadPilot   18: 2097152 op, 84735800.00 ns, 40.4052 ns/op
WorkloadPilot   19: 4194304 op, 140057600.00 ns, 33.3923 ns/op
WorkloadPilot   20: 8388608 op, 273820800.00 ns, 32.6420 ns/op
WorkloadPilot   21: 16777216 op, 547971100.00 ns, 32.6616 ns/op

OverheadWarmup   1: 16777216 op, 43886300.00 ns, 2.6158 ns/op
OverheadWarmup   2: 16777216 op, 43900700.00 ns, 2.6167 ns/op
OverheadWarmup   3: 16777216 op, 44182700.00 ns, 2.6335 ns/op
OverheadWarmup   4: 16777216 op, 43691400.00 ns, 2.6042 ns/op
OverheadWarmup   5: 16777216 op, 44231200.00 ns, 2.6364 ns/op
OverheadWarmup   6: 16777216 op, 43535800.00 ns, 2.5949 ns/op

OverheadActual   1: 16777216 op, 43360300.00 ns, 2.5845 ns/op
OverheadActual   2: 16777216 op, 42982300.00 ns, 2.5619 ns/op
OverheadActual   3: 16777216 op, 43719800.00 ns, 2.6059 ns/op
OverheadActual   4: 16777216 op, 43816600.00 ns, 2.6117 ns/op
OverheadActual   5: 16777216 op, 43490000.00 ns, 2.5922 ns/op
OverheadActual   6: 16777216 op, 43169300.00 ns, 2.5731 ns/op
OverheadActual   7: 16777216 op, 31252000.00 ns, 1.8628 ns/op
OverheadActual   8: 16777216 op, 31058400.00 ns, 1.8512 ns/op
OverheadActual   9: 16777216 op, 31455000.00 ns, 1.8749 ns/op
OverheadActual  10: 16777216 op, 30368500.00 ns, 1.8101 ns/op
OverheadActual  11: 16777216 op, 30621000.00 ns, 1.8252 ns/op
OverheadActual  12: 16777216 op, 30202200.00 ns, 1.8002 ns/op
OverheadActual  13: 16777216 op, 32244900.00 ns, 1.9219 ns/op
OverheadActual  14: 16777216 op, 30478700.00 ns, 1.8167 ns/op
OverheadActual  15: 16777216 op, 30898200.00 ns, 1.8417 ns/op
OverheadActual  16: 16777216 op, 31070800.00 ns, 1.8520 ns/op
OverheadActual  17: 16777216 op, 34392200.00 ns, 2.0499 ns/op
OverheadActual  18: 16777216 op, 31175300.00 ns, 1.8582 ns/op
OverheadActual  19: 16777216 op, 30410400.00 ns, 1.8126 ns/op
OverheadActual  20: 16777216 op, 30348100.00 ns, 1.8089 ns/op

WorkloadWarmup   1: 16777216 op, 547589300.00 ns, 32.6389 ns/op
WorkloadWarmup   2: 16777216 op, 587084800.00 ns, 34.9930 ns/op
WorkloadWarmup   3: 16777216 op, 583314900.00 ns, 34.7683 ns/op

// BeforeActualRun
WorkloadActual   1: 16777216 op, 571965000.00 ns, 34.0918 ns/op
WorkloadActual   2: 16777216 op, 552659200.00 ns, 32.9411 ns/op
WorkloadActual   3: 16777216 op, 564074900.00 ns, 33.6215 ns/op

// AfterActualRun
WorkloadResult   1: 16777216 op, 540751350.00 ns, 32.2313 ns/op
WorkloadResult   2: 16777216 op, 521445550.00 ns, 31.0806 ns/op
WorkloadResult   3: 16777216 op, 532861250.00 ns, 31.7610 ns/op
// GC:  0 0 0 0 16777216
// Threading:  0 0 16777216

// AfterAll
// Benchmark Process 15516 has exited with code 0.

Mean = 31.691 ns, StdErr = 0.334 ns (1.05%), N = 3, StdDev = 0.579 ns
Min = 31.081 ns, Q1 = 31.421 ns, Median = 31.761 ns, Q3 = 31.996 ns, Max = 32.231 ns
IQR = 0.575 ns, LowerFence = 30.558 ns, UpperFence = 32.859 ns
ConfidenceInterval = [21.136 ns; 42.246 ns] (CI 99.9%), Margin = 10.555 ns (33.31% of Mean)
Skewness = -0.12, Kurtosis = 0.67, MValue = 2

// ** Remained 1 (1.4%) benchmark(s) to run. Estimated finish 2026-03-22 17:23 (0h 0m from now) **
Setup power plan (GUID: 8c5e7fda-e8bf-4a96-9a85-a6e23a8c635c FriendlyName: High performance)
// **************************
// Benchmark: StringCopyToCharArrayBenchmarks.DllImport_Memmove: ShortRun(Runtime=.NET 6.0, IterationCount=3, LaunchCount=1, WarmupCount=3) [source='"\\\0(...)~!@# [4096], destination=Char[4112]]
// *** Execute ***
// Launch: 1 / 1
// Execute: dotnet ScrubJay.Text.Benchmarks-ShortRun-2.dll --anonymousPipes 932 2132 --benchmarkName StringCopyToCharArrayBenchmarks.DllImport_Memmove(paramsHash_1418944829) --job ShortRun --benchmarkId 34 in C:\git\ScrubJay\ScrubJay.Text\benchmarks\bin\Release\net10.0\ScrubJay.Text.Benchmarks-ShortRun-2\bin\Release\net6.0
// BeforeAnythingElse

// Benchmark Process Environment Information:
// BenchmarkDotNet v0.15.8
// Runtime=.NET 6.0.36 (6.0.36, 6.0.3624.51421), X64 RyuJIT x86-64-v3
// GC=Concurrent Workstation
// HardwareIntrinsics=AVX2+BMI1+BMI2+F16C+FMA+LZCNT+MOVBE,AVX,SSE3+SSSE3+SSE4.1+SSE4.2+POPCNT,X86Base+SSE+SSE2,AES+PCLMUL VectorSize=256
// Job: ShortRun(IterationCount=3, LaunchCount=1, WarmupCount=3)

OverheadJitting  1: 1 op, 171900.00 ns, 171.9000 us/op
WorkloadJitting  1: 1 op, 1650900.00 ns, 1.6509 ms/op

OverheadJitting  2: 16 op, 329300.00 ns, 20.5813 us/op
WorkloadJitting  2: 16 op, 384000.00 ns, 24.0000 us/op

WorkloadPilot    1: 16 op, 24600.00 ns, 1.5375 us/op
WorkloadPilot    2: 32 op, 27900.00 ns, 871.8750 ns/op
WorkloadPilot    3: 64 op, 18900.00 ns, 295.3125 ns/op
WorkloadPilot    4: 128 op, 24000.00 ns, 187.5000 ns/op
WorkloadPilot    5: 256 op, 46800.00 ns, 182.8125 ns/op
WorkloadPilot    6: 512 op, 91100.00 ns, 177.9297 ns/op
WorkloadPilot    7: 1024 op, 202900.00 ns, 198.1445 ns/op
WorkloadPilot    8: 2048 op, 384400.00 ns, 187.6953 ns/op
WorkloadPilot    9: 4096 op, 1018600.00 ns, 248.6816 ns/op
WorkloadPilot   10: 8192 op, 1459800.00 ns, 178.1982 ns/op
WorkloadPilot   11: 16384 op, 3093100.00 ns, 188.7878 ns/op
WorkloadPilot   12: 32768 op, 9268300.00 ns, 282.8461 ns/op
WorkloadPilot   13: 65536 op, 12528500.00 ns, 191.1697 ns/op
WorkloadPilot   14: 131072 op, 25766600.00 ns, 196.5836 ns/op
WorkloadPilot   15: 262144 op, 52427300.00 ns, 199.9943 ns/op
WorkloadPilot   16: 524288 op, 98588600.00 ns, 188.0428 ns/op
WorkloadPilot   17: 1048576 op, 187152400.00 ns, 178.4824 ns/op
WorkloadPilot   18: 2097152 op, 375934600.00 ns, 179.2596 ns/op
WorkloadPilot   19: 4194304 op, 747016400.00 ns, 178.1026 ns/op

OverheadWarmup   1: 4194304 op, 10761900.00 ns, 2.5658 ns/op
OverheadWarmup   2: 4194304 op, 11393900.00 ns, 2.7165 ns/op
OverheadWarmup   3: 4194304 op, 11162100.00 ns, 2.6613 ns/op
OverheadWarmup   4: 4194304 op, 11503000.00 ns, 2.7425 ns/op
OverheadWarmup   5: 4194304 op, 11515100.00 ns, 2.7454 ns/op
OverheadWarmup   6: 4194304 op, 11232900.00 ns, 2.6781 ns/op

OverheadActual   1: 4194304 op, 11695700.00 ns, 2.7885 ns/op
OverheadActual   2: 4194304 op, 11189300.00 ns, 2.6677 ns/op
OverheadActual   3: 4194304 op, 11777200.00 ns, 2.8079 ns/op
OverheadActual   4: 4194304 op, 11858800.00 ns, 2.8274 ns/op
OverheadActual   5: 4194304 op, 14916500.00 ns, 3.5564 ns/op
OverheadActual   6: 4194304 op, 11785900.00 ns, 2.8100 ns/op
OverheadActual   7: 4194304 op, 11468500.00 ns, 2.7343 ns/op
OverheadActual   8: 4194304 op, 11593200.00 ns, 2.7640 ns/op
OverheadActual   9: 4194304 op, 11775600.00 ns, 2.8075 ns/op
OverheadActual  10: 4194304 op, 12767700.00 ns, 3.0441 ns/op
OverheadActual  11: 4194304 op, 11715500.00 ns, 2.7932 ns/op
OverheadActual  12: 4194304 op, 17147600.00 ns, 4.0883 ns/op
OverheadActual  13: 4194304 op, 11645400.00 ns, 2.7765 ns/op
OverheadActual  14: 4194304 op, 12365000.00 ns, 2.9480 ns/op
OverheadActual  15: 4194304 op, 11146400.00 ns, 2.6575 ns/op

WorkloadWarmup   1: 4194304 op, 738275800.00 ns, 176.0187 ns/op
WorkloadWarmup   2: 4194304 op, 797421000.00 ns, 190.1200 ns/op
WorkloadWarmup   3: 4194304 op, 750309400.00 ns, 178.8877 ns/op

// BeforeActualRun
WorkloadActual   1: 4194304 op, 734413300.00 ns, 175.0978 ns/op
WorkloadActual   2: 4194304 op, 736175900.00 ns, 175.5180 ns/op
WorkloadActual   3: 4194304 op, 743893600.00 ns, 177.3581 ns/op

// AfterActualRun
WorkloadResult   1: 4194304 op, 722637700.00 ns, 172.2903 ns/op
WorkloadResult   2: 4194304 op, 724400300.00 ns, 172.7105 ns/op
WorkloadResult   3: 4194304 op, 732118000.00 ns, 174.5505 ns/op
// GC:  0 0 0 0 4194304
// Threading:  0 0 4194304

// AfterAll
// Benchmark Process 13020 has exited with code 0.

Mean = 173.184 ns, StdErr = 0.694 ns (0.40%), N = 3, StdDev = 1.202 ns
Min = 172.290 ns, Q1 = 172.500 ns, Median = 172.710 ns, Q3 = 173.631 ns, Max = 174.551 ns
IQR = 1.130 ns, LowerFence = 170.805 ns, UpperFence = 175.326 ns
ConfidenceInterval = [151.252 ns; 195.116 ns] (CI 99.9%), Margin = 21.932 ns (12.66% of Mean)
Skewness = 0.33, Kurtosis = 0.67, MValue = 2

// ** Remained 0 (0.0%) benchmark(s) to run. Estimated finish 2026-03-22 17:23 (0h 0m from now) **
Successfully reverted power plan (GUID: 8c5e7fda-e8bf-4a96-9a85-a6e23a8c635c FriendlyName: High performance)
// ***** BenchmarkRunner: Finish  *****

// * Export *
System.IO.DirectoryNotFoundException: Could not find a part of the path 'C:\git\ScrubJay\ScrubJay.Text\benchmark_results\20260322-171100\Net60\ScrubJay.Text.Benchmarks.CopyTo.StringCopyToCharArrayBenchmarks-report.html'.
   at Microsoft.Win32.SafeHandles.SafeFileHandle.CreateFile(String fullPath, FileMode mode, FileAccess access, FileShare share, FileOptions options)
   at Microsoft.Win32.SafeHandles.SafeFileHandle.Open(String fullPath, FileMode mode, FileAccess access, FileShare share, FileOptions options, Int64 preallocationSize, Nullable`1 unixCreateMode)
   at System.IO.Strategies.OSFileStreamStrategy..ctor(String path, FileMode mode, FileAccess access, FileShare share, FileOptions options, Int64 preallocationSize, Nullable`1 unixCreateMode)
   at System.IO.Strategies.FileStreamHelpers.ChooseStrategyCore(String path, FileMode mode, FileAccess access, FileShare share, FileOptions options, Int64 preallocationSize, Nullable`1 unixCreateMode)
   at System.IO.StreamWriter.ValidateArgsAndOpenPath(String path, Boolean append, Int32 bufferSize)
   at System.IO.StreamWriter..ctor(String path, Boolean append)
   at BenchmarkDotNet.Exporters.ExporterBase.ExportToFiles(Summary summary, ILogger consoleLogger)
   at ScrubJay.Text.Benchmarks.BDN.PerRuntimeExporter.ExportToFiles(Summary summary, ILogger consoleLogger) in C:\git\ScrubJay\ScrubJay.Text\benchmarks\BDN\PerRuntimeExporter.cs:line 66
   at BenchmarkDotNet.Exporters.CompositeExporter.<>c__DisplayClass5_0.<ExportToFiles>b__0(IExporter exporter)

// * Detailed results *
StringCopyToCharArrayBenchmarks.Emit_Cpblk: ShortRun(Runtime=.NET 6.0, IterationCount=3, LaunchCount=1, WarmupCount=3) [source=,, destination=Char[17]]
Runtime = .NET 6.0.36 (6.0.36, 6.0.3624.51421), X64 RyuJIT x86-64-v3; GC = Concurrent Workstation
Mean = 3.958 ns, StdErr = 0.011 ns (0.27%), N = 3, StdDev = 0.018 ns
Min = 3.939 ns, Q1 = 3.949 ns, Median = 3.960 ns, Q3 = 3.968 ns, Max = 3.976 ns
IQR = 0.018 ns, LowerFence = 3.922 ns, UpperFence = 3.996 ns
ConfidenceInterval = [3.621 ns; 4.296 ns] (CI 99.9%), Margin = 0.337 ns (8.53% of Mean)
Skewness = -0.09, Kurtosis = 0.67, MValue = 2
-------------------- Histogram --------------------
[3.922 ns ; 3.993 ns) | @@@
---------------------------------------------------

StringCopyToCharArrayBenchmarks.AsSpanCopyToAsSpan: ShortRun(Runtime=.NET 6.0, IterationCount=3, LaunchCount=1, WarmupCount=3) [source=,, destination=Char[17]]
Runtime = .NET 6.0.36 (6.0.36, 6.0.3624.51421), X64 RyuJIT x86-64-v3; GC = Concurrent Workstation
Mean = 5.261 ns, StdErr = 0.037 ns (0.70%), N = 3, StdDev = 0.064 ns
Min = 5.223 ns, Q1 = 5.224 ns, Median = 5.225 ns, Q3 = 5.280 ns, Max = 5.335 ns
IQR = 0.056 ns, LowerFence = 5.141 ns, UpperFence = 5.364 ns
ConfidenceInterval = [4.095 ns; 6.427 ns] (CI 99.9%), Margin = 1.166 ns (22.16% of Mean)
Skewness = 0.38, Kurtosis = 0.67, MValue = 2
-------------------- Histogram --------------------
[5.221 ns ; 5.337 ns) | @@@
---------------------------------------------------

StringCopyToCharArrayBenchmarks.Unsafe_CopyBlock: ShortRun(Runtime=.NET 6.0, IterationCount=3, LaunchCount=1, WarmupCount=3) [source=,, destination=Char[17]]
Runtime = .NET 6.0.36 (6.0.36, 6.0.3624.51421), X64 RyuJIT x86-64-v3; GC = Concurrent Workstation
Mean = 5.771 ns, StdErr = 0.010 ns (0.18%), N = 3, StdDev = 0.018 ns
Min = 5.758 ns, Q1 = 5.761 ns, Median = 5.763 ns, Q3 = 5.778 ns, Max = 5.792 ns
IQR = 0.017 ns, LowerFence = 5.735 ns, UpperFence = 5.803 ns
ConfidenceInterval = [5.439 ns; 6.102 ns] (CI 99.9%), Margin = 0.331 ns (5.74% of Mean)
Skewness = 0.34, Kurtosis = 0.67, MValue = 2
-------------------- Histogram --------------------
[5.741 ns ; 5.808 ns) | @@@
---------------------------------------------------

StringCopyToCharArrayBenchmarks.Buffer_MemoryCopy: ShortRun(Runtime=.NET 6.0, IterationCount=3, LaunchCount=1, WarmupCount=3) [source=,, destination=Char[17]]
Runtime = .NET 6.0.36 (6.0.36, 6.0.3624.51421), X64 RyuJIT x86-64-v3; GC = Concurrent Workstation
Mean = 7.342 ns, StdErr = 0.015 ns (0.20%), N = 3, StdDev = 0.026 ns
Min = 7.316 ns, Q1 = 7.330 ns, Median = 7.343 ns, Q3 = 7.355 ns, Max = 7.367 ns
IQR = 0.026 ns, LowerFence = 7.291 ns, UpperFence = 7.394 ns
ConfidenceInterval = [6.875 ns; 7.810 ns] (CI 99.9%), Margin = 0.468 ns (6.37% of Mean)
Skewness = -0.04, Kurtosis = 0.67, MValue = 2
-------------------- Histogram --------------------
[7.293 ns ; 7.391 ns) | @@@
---------------------------------------------------

StringCopyToCharArrayBenchmarks.CopyToCharArray: ShortRun(Runtime=.NET 6.0, IterationCount=3, LaunchCount=1, WarmupCount=3) [source=,, destination=Char[17]]
Runtime = .NET 6.0.36 (6.0.36, 6.0.3624.51421), X64 RyuJIT x86-64-v3; GC = Concurrent Workstation
Mean = 8.554 ns, StdErr = 0.013 ns (0.16%), N = 3, StdDev = 0.023 ns
Min = 8.536 ns, Q1 = 8.541 ns, Median = 8.547 ns, Q3 = 8.564 ns, Max = 8.580 ns
IQR = 0.022 ns, LowerFence = 8.508 ns, UpperFence = 8.597 ns
ConfidenceInterval = [8.133 ns; 8.976 ns] (CI 99.9%), Margin = 0.421 ns (4.92% of Mean)
Skewness = 0.3, Kurtosis = 0.67, MValue = 2
-------------------- Histogram --------------------
[8.515 ns ; 8.602 ns) | @@@
---------------------------------------------------

StringCopyToCharArrayBenchmarks.DllImport_Memmove: ShortRun(Runtime=.NET 6.0, IterationCount=3, LaunchCount=1, WarmupCount=3) [source=,, destination=Char[17]]
Runtime = .NET 6.0.36 (6.0.36, 6.0.3624.51421), X64 RyuJIT x86-64-v3; GC = Concurrent Workstation
Mean = 10.591 ns, StdErr = 0.011 ns (0.11%), N = 3, StdDev = 0.020 ns
Min = 10.569 ns, Q1 = 10.583 ns, Median = 10.596 ns, Q3 = 10.602 ns, Max = 10.608 ns
IQR = 0.019 ns, LowerFence = 10.554 ns, UpperFence = 10.631 ns
ConfidenceInterval = [10.229 ns; 10.954 ns] (CI 99.9%), Margin = 0.362 ns (3.42% of Mean)
Skewness = -0.23, Kurtosis = 0.67, MValue = 2
-------------------- Histogram --------------------
[10.551 ns ; 10.627 ns) | @@@
---------------------------------------------------

StringCopyToCharArrayBenchmarks.DllImport_Memcpy: ShortRun(Runtime=.NET 6.0, IterationCount=3, LaunchCount=1, WarmupCount=3) [source=,, destination=Char[17]]
Runtime = .NET 6.0.36 (6.0.36, 6.0.3624.51421), X64 RyuJIT x86-64-v3; GC = Concurrent Workstation
Mean = 11.379 ns, StdErr = 0.025 ns (0.22%), N = 3, StdDev = 0.043 ns
Min = 11.331 ns, Q1 = 11.360 ns, Median = 11.389 ns, Q3 = 11.402 ns, Max = 11.416 ns
IQR = 0.042 ns, LowerFence = 11.297 ns, UpperFence = 11.466 ns
ConfidenceInterval = [10.592 ns; 12.165 ns] (CI 99.9%), Margin = 0.786 ns (6.91% of Mean)
Skewness = -0.22, Kurtosis = 0.67, MValue = 2
-------------------- Histogram --------------------
[11.292 ns ; 11.455 ns) | @@@
---------------------------------------------------

StringCopyToCharArrayBenchmarks.Emit_Cpblk: ShortRun(Runtime=.NET 6.0, IterationCount=3, LaunchCount=1, WarmupCount=3) [source=\r\n, destination=Char[18]]
Runtime = .NET 6.0.36 (6.0.36, 6.0.3624.51421), X64 RyuJIT x86-64-v3; GC = Concurrent Workstation
Mean = 3.910 ns, StdErr = 0.010 ns (0.25%), N = 3, StdDev = 0.017 ns
Min = 3.892 ns, Q1 = 3.901 ns, Median = 3.910 ns, Q3 = 3.918 ns, Max = 3.927 ns
IQR = 0.017 ns, LowerFence = 3.875 ns, UpperFence = 3.944 ns
ConfidenceInterval = [3.596 ns; 4.223 ns] (CI 99.9%), Margin = 0.313 ns (8.01% of Mean)
Skewness = -0, Kurtosis = 0.67, MValue = 2
-------------------- Histogram --------------------
[3.877 ns ; 3.942 ns) | @@@
---------------------------------------------------

StringCopyToCharArrayBenchmarks.AsSpanCopyToAsSpan: ShortRun(Runtime=.NET 6.0, IterationCount=3, LaunchCount=1, WarmupCount=3) [source=\r\n, destination=Char[18]]
Runtime = .NET 6.0.36 (6.0.36, 6.0.3624.51421), X64 RyuJIT x86-64-v3; GC = Concurrent Workstation
Mean = 5.445 ns, StdErr = 0.019 ns (0.35%), N = 3, StdDev = 0.033 ns
Min = 5.410 ns, Q1 = 5.429 ns, Median = 5.448 ns, Q3 = 5.462 ns, Max = 5.477 ns
IQR = 0.033 ns, LowerFence = 5.380 ns, UpperFence = 5.512 ns
ConfidenceInterval = [4.840 ns; 6.050 ns] (CI 99.9%), Margin = 0.605 ns (11.12% of Mean)
Skewness = -0.09, Kurtosis = 0.67, MValue = 2
-------------------- Histogram --------------------
[5.408 ns ; 5.507 ns) | @@@
---------------------------------------------------

StringCopyToCharArrayBenchmarks.Unsafe_CopyBlock: ShortRun(Runtime=.NET 6.0, IterationCount=3, LaunchCount=1, WarmupCount=3) [source=\r\n, destination=Char[18]]
Runtime = .NET 6.0.36 (6.0.36, 6.0.3624.51421), X64 RyuJIT x86-64-v3; GC = Concurrent Workstation
Mean = 5.662 ns, StdErr = 0.006 ns (0.11%), N = 3, StdDev = 0.011 ns
Min = 5.655 ns, Q1 = 5.656 ns, Median = 5.657 ns, Q3 = 5.666 ns, Max = 5.675 ns
IQR = 0.010 ns, LowerFence = 5.641 ns, UpperFence = 5.681 ns
ConfidenceInterval = [5.457 ns; 5.868 ns] (CI 99.9%), Margin = 0.205 ns (3.62% of Mean)
Skewness = 0.38, Kurtosis = 0.67, MValue = 2
-------------------- Histogram --------------------
[5.655 ns ; 5.676 ns) | @@@
---------------------------------------------------

StringCopyToCharArrayBenchmarks.Buffer_MemoryCopy: ShortRun(Runtime=.NET 6.0, IterationCount=3, LaunchCount=1, WarmupCount=3) [source=\r\n, destination=Char[18]]
Runtime = .NET 6.0.36 (6.0.36, 6.0.3624.51421), X64 RyuJIT x86-64-v3; GC = Concurrent Workstation
Mean = 6.975 ns, StdErr = 0.011 ns (0.16%), N = 3, StdDev = 0.019 ns
Min = 6.961 ns, Q1 = 6.965 ns, Median = 6.968 ns, Q3 = 6.983 ns, Max = 6.997 ns
IQR = 0.018 ns, LowerFence = 6.938 ns, UpperFence = 7.009 ns
ConfidenceInterval = [6.630 ns; 7.320 ns] (CI 99.9%), Margin = 0.345 ns (4.95% of Mean)
Skewness = 0.32, Kurtosis = 0.67, MValue = 2
-------------------- Histogram --------------------
[6.944 ns ; 7.014 ns) | @@@
---------------------------------------------------

StringCopyToCharArrayBenchmarks.CopyToCharArray: ShortRun(Runtime=.NET 6.0, IterationCount=3, LaunchCount=1, WarmupCount=3) [source=\r\n, destination=Char[18]]
Runtime = .NET 6.0.36 (6.0.36, 6.0.3624.51421), X64 RyuJIT x86-64-v3; GC = Concurrent Workstation
Mean = 8.195 ns, StdErr = 0.022 ns (0.27%), N = 3, StdDev = 0.038 ns
Min = 8.164 ns, Q1 = 8.174 ns, Median = 8.184 ns, Q3 = 8.211 ns, Max = 8.238 ns
IQR = 0.037 ns, LowerFence = 8.118 ns, UpperFence = 8.267 ns
ConfidenceInterval = [7.493 ns; 8.897 ns] (CI 99.9%), Margin = 0.702 ns (8.56% of Mean)
Skewness = 0.27, Kurtosis = 0.67, MValue = 2
-------------------- Histogram --------------------
[8.129 ns ; 8.273 ns) | @@@
---------------------------------------------------

StringCopyToCharArrayBenchmarks.DllImport_Memcpy: ShortRun(Runtime=.NET 6.0, IterationCount=3, LaunchCount=1, WarmupCount=3) [source=\r\n, destination=Char[18]]
Runtime = .NET 6.0.36 (6.0.36, 6.0.3624.51421), X64 RyuJIT x86-64-v3; GC = Concurrent Workstation
Mean = 10.810 ns, StdErr = 0.047 ns (0.44%), N = 3, StdDev = 0.081 ns
Min = 10.761 ns, Q1 = 10.763 ns, Median = 10.765 ns, Q3 = 10.834 ns, Max = 10.904 ns
IQR = 0.072 ns, LowerFence = 10.655 ns, UpperFence = 10.941 ns
ConfidenceInterval = [9.324 ns; 12.296 ns] (CI 99.9%), Margin = 1.486 ns (13.75% of Mean)
Skewness = 0.38, Kurtosis = 0.67, MValue = 2
-------------------- Histogram --------------------
[10.758 ns ; 10.906 ns) | @@@
---------------------------------------------------

StringCopyToCharArrayBenchmarks.DllImport_Memmove: ShortRun(Runtime=.NET 6.0, IterationCount=3, LaunchCount=1, WarmupCount=3) [source=\r\n, destination=Char[18]]
Runtime = .NET 6.0.36 (6.0.36, 6.0.3624.51421), X64 RyuJIT x86-64-v3; GC = Concurrent Workstation
Mean = 10.897 ns, StdErr = 0.022 ns (0.20%), N = 3, StdDev = 0.038 ns
Min = 10.858 ns, Q1 = 10.879 ns, Median = 10.900 ns, Q3 = 10.917 ns, Max = 10.935 ns
IQR = 0.038 ns, LowerFence = 10.822 ns, UpperFence = 10.974 ns
ConfidenceInterval = [10.202 ns; 11.593 ns] (CI 99.9%), Margin = 0.696 ns (6.39% of Mean)
Skewness = -0.05, Kurtosis = 0.67, MValue = 2
-------------------- Histogram --------------------
[10.824 ns ; 10.969 ns) | @@@
---------------------------------------------------

StringCopyToCharArrayBenchmarks.AsSpanCopyToAsSpan: ShortRun(Runtime=.NET 6.0, IterationCount=3, LaunchCount=1, WarmupCount=3) [source=Sphin(...) vow! [37], destination=Char[53]]
Runtime = .NET 6.0.36 (6.0.36, 6.0.3624.51421), X64 RyuJIT x86-64-v3; GC = Concurrent Workstation
Mean = 6.148 ns, StdErr = 0.014 ns (0.24%), N = 3, StdDev = 0.025 ns
Min = 6.119 ns, Q1 = 6.139 ns, Median = 6.159 ns, Q3 = 6.162 ns, Max = 6.165 ns
IQR = 0.023 ns, LowerFence = 6.105 ns, UpperFence = 6.196 ns
ConfidenceInterval = [5.690 ns; 6.605 ns] (CI 99.9%), Margin = 0.458 ns (7.44% of Mean)
Skewness = -0.37, Kurtosis = 0.67, MValue = 2
-------------------- Histogram --------------------
[6.096 ns ; 6.188 ns) | @@@
---------------------------------------------------

StringCopyToCharArrayBenchmarks.Emit_Cpblk: ShortRun(Runtime=.NET 6.0, IterationCount=3, LaunchCount=1, WarmupCount=3) [source=Sphin(...) vow! [37], destination=Char[53]]
Runtime = .NET 6.0.36 (6.0.36, 6.0.3624.51421), X64 RyuJIT x86-64-v3; GC = Concurrent Workstation
Mean = 6.275 ns, StdErr = 0.135 ns (2.16%), N = 3, StdDev = 0.234 ns
Min = 6.036 ns, Q1 = 6.160 ns, Median = 6.284 ns, Q3 = 6.394 ns, Max = 6.504 ns
IQR = 0.234 ns, LowerFence = 5.809 ns, UpperFence = 6.745 ns
ConfidenceInterval = [2.000 ns; 10.550 ns] (CI 99.9%), Margin = 4.275 ns (68.13% of Mean)
Skewness = -0.04, Kurtosis = 0.67, MValue = 2
-------------------- Histogram --------------------
[5.822 ns ; 6.181 ns) | @
[6.181 ns ; 6.607 ns) | @@
---------------------------------------------------

StringCopyToCharArrayBenchmarks.Unsafe_CopyBlock: ShortRun(Runtime=.NET 6.0, IterationCount=3, LaunchCount=1, WarmupCount=3) [source=Sphin(...) vow! [37], destination=Char[53]]
Runtime = .NET 6.0.36 (6.0.36, 6.0.3624.51421), X64 RyuJIT x86-64-v3; GC = Concurrent Workstation
Mean = 8.119 ns, StdErr = 0.009 ns (0.11%), N = 3, StdDev = 0.016 ns
Min = 8.101 ns, Q1 = 8.113 ns, Median = 8.125 ns, Q3 = 8.128 ns, Max = 8.131 ns
IQR = 0.015 ns, LowerFence = 8.091 ns, UpperFence = 8.150 ns
ConfidenceInterval = [7.833 ns; 8.405 ns] (CI 99.9%), Margin = 0.286 ns (3.53% of Mean)
Skewness = -0.34, Kurtosis = 0.67, MValue = 2
-------------------- Histogram --------------------
[8.087 ns ; 8.145 ns) | @@@
---------------------------------------------------

StringCopyToCharArrayBenchmarks.Buffer_MemoryCopy: ShortRun(Runtime=.NET 6.0, IterationCount=3, LaunchCount=1, WarmupCount=3) [source=Sphin(...) vow! [37], destination=Char[53]]
Runtime = .NET 6.0.36 (6.0.36, 6.0.3624.51421), X64 RyuJIT x86-64-v3; GC = Concurrent Workstation
Mean = 8.208 ns, StdErr = 0.011 ns (0.13%), N = 3, StdDev = 0.018 ns
Min = 8.192 ns, Q1 = 8.198 ns, Median = 8.203 ns, Q3 = 8.215 ns, Max = 8.228 ns
IQR = 0.018 ns, LowerFence = 8.171 ns, UpperFence = 8.242 ns
ConfidenceInterval = [7.872 ns; 8.543 ns] (CI 99.9%), Margin = 0.335 ns (4.09% of Mean)
Skewness = 0.25, Kurtosis = 0.67, MValue = 2
-------------------- Histogram --------------------
[8.175 ns ; 8.245 ns) | @@@
---------------------------------------------------

StringCopyToCharArrayBenchmarks.CopyToCharArray: ShortRun(Runtime=.NET 6.0, IterationCount=3, LaunchCount=1, WarmupCount=3) [source=Sphin(...) vow! [37], destination=Char[53]]
Runtime = .NET 6.0.36 (6.0.36, 6.0.3624.51421), X64 RyuJIT x86-64-v3; GC = Concurrent Workstation
Mean = 9.485 ns, StdErr = 0.003 ns (0.03%), N = 3, StdDev = 0.005 ns
Min = 9.480 ns, Q1 = 9.484 ns, Median = 9.488 ns, Q3 = 9.488 ns, Max = 9.488 ns
IQR = 0.004 ns, LowerFence = 9.477 ns, UpperFence = 9.494 ns
ConfidenceInterval = [9.399 ns; 9.571 ns] (CI 99.9%), Margin = 0.086 ns (0.91% of Mean)
Skewness = -0.37, Kurtosis = 0.67, MValue = 2
-------------------- Histogram --------------------
[9.480 ns ; 9.488 ns) | @@@
---------------------------------------------------

StringCopyToCharArrayBenchmarks.DllImport_Memmove: ShortRun(Runtime=.NET 6.0, IterationCount=3, LaunchCount=1, WarmupCount=3) [source=Sphin(...) vow! [37], destination=Char[53]]
Runtime = .NET 6.0.36 (6.0.36, 6.0.3624.51421), X64 RyuJIT x86-64-v3; GC = Concurrent Workstation
Mean = 12.243 ns, StdErr = 0.150 ns (1.22%), N = 3, StdDev = 0.259 ns
Min = 12.025 ns, Q1 = 12.100 ns, Median = 12.175 ns, Q3 = 12.352 ns, Max = 12.529 ns
IQR = 0.252 ns, LowerFence = 11.721 ns, UpperFence = 12.731 ns
ConfidenceInterval = [7.516 ns; 16.970 ns] (CI 99.9%), Margin = 4.727 ns (38.61% of Mean)
Skewness = 0.24, Kurtosis = 0.67, MValue = 2
-------------------- Histogram --------------------
[11.864 ns ; 12.336 ns) | @@
[12.336 ns ; 12.765 ns) | @
---------------------------------------------------

StringCopyToCharArrayBenchmarks.DllImport_Memcpy: ShortRun(Runtime=.NET 6.0, IterationCount=3, LaunchCount=1, WarmupCount=3) [source=Sphin(...) vow! [37], destination=Char[53]]
Runtime = .NET 6.0.36 (6.0.36, 6.0.3624.51421), X64 RyuJIT x86-64-v3; GC = Concurrent Workstation
Mean = 32.778 ns, StdErr = 0.110 ns (0.33%), N = 3, StdDev = 0.190 ns
Min = 32.657 ns, Q1 = 32.669 ns, Median = 32.681 ns, Q3 = 32.839 ns, Max = 32.997 ns
IQR = 0.170 ns, LowerFence = 32.414 ns, UpperFence = 33.094 ns
ConfidenceInterval = [29.316 ns; 36.240 ns] (CI 99.9%), Margin = 3.462 ns (10.56% of Mean)
Skewness = 0.38, Kurtosis = 0.67, MValue = 2
-------------------- Histogram --------------------
[32.654 ns ; 33.000 ns) | @@@
---------------------------------------------------

StringCopyToCharArrayBenchmarks.Emit_Cpblk: ShortRun(Runtime=.NET 6.0, IterationCount=3, LaunchCount=1, WarmupCount=3) [source='"\\\0(...){]}\\ [512], destination=Char[528]]
Runtime = .NET 6.0.36 (6.0.36, 6.0.3624.51421), X64 RyuJIT x86-64-v3; GC = Concurrent Workstation
Mean = 14.707 ns, StdErr = 0.017 ns (0.12%), N = 3, StdDev = 0.029 ns
Min = 14.675 ns, Q1 = 14.694 ns, Median = 14.713 ns, Q3 = 14.722 ns, Max = 14.732 ns
IQR = 0.029 ns, LowerFence = 14.650 ns, UpperFence = 14.766 ns
ConfidenceInterval = [14.172 ns; 15.241 ns] (CI 99.9%), Margin = 0.535 ns (3.64% of Mean)
Skewness = -0.2, Kurtosis = 0.67, MValue = 2
-------------------- Histogram --------------------
[14.648 ns ; 14.759 ns) | @@@
---------------------------------------------------

StringCopyToCharArrayBenchmarks.Unsafe_CopyBlock: ShortRun(Runtime=.NET 6.0, IterationCount=3, LaunchCount=1, WarmupCount=3) [source='"\\\0(...){]}\\ [512], destination=Char[528]]
Runtime = .NET 6.0.36 (6.0.36, 6.0.3624.51421), X64 RyuJIT x86-64-v3; GC = Concurrent Workstation
Mean = 16.852 ns, StdErr = 0.080 ns (0.47%), N = 3, StdDev = 0.139 ns
Min = 16.725 ns, Q1 = 16.778 ns, Median = 16.831 ns, Q3 = 16.916 ns, Max = 17.000 ns
IQR = 0.137 ns, LowerFence = 16.572 ns, UpperFence = 17.122 ns
ConfidenceInterval = [14.323 ns; 19.381 ns] (CI 99.9%), Margin = 2.529 ns (15.00% of Mean)
Skewness = 0.15, Kurtosis = 0.67, MValue = 2
-------------------- Histogram --------------------
[16.599 ns ; 17.126 ns) | @@@
---------------------------------------------------

StringCopyToCharArrayBenchmarks.AsSpanCopyToAsSpan: ShortRun(Runtime=.NET 6.0, IterationCount=3, LaunchCount=1, WarmupCount=3) [source='"\\\0(...){]}\\ [512], destination=Char[528]]
Runtime = .NET 6.0.36 (6.0.36, 6.0.3624.51421), X64 RyuJIT x86-64-v3; GC = Concurrent Workstation
Mean = 23.793 ns, StdErr = 0.075 ns (0.32%), N = 3, StdDev = 0.130 ns
Min = 23.695 ns, Q1 = 23.719 ns, Median = 23.744 ns, Q3 = 23.843 ns, Max = 23.941 ns
IQR = 0.123 ns, LowerFence = 23.535 ns, UpperFence = 24.027 ns
ConfidenceInterval = [21.414 ns; 26.173 ns] (CI 99.9%), Margin = 2.380 ns (10.00% of Mean)
Skewness = 0.32, Kurtosis = 0.67, MValue = 2
-------------------- Histogram --------------------
[23.576 ns ; 23.956 ns) | @@@
---------------------------------------------------

StringCopyToCharArrayBenchmarks.Buffer_MemoryCopy: ShortRun(Runtime=.NET 6.0, IterationCount=3, LaunchCount=1, WarmupCount=3) [source='"\\\0(...){]}\\ [512], destination=Char[528]]
Runtime = .NET 6.0.36 (6.0.36, 6.0.3624.51421), X64 RyuJIT x86-64-v3; GC = Concurrent Workstation
Mean = 26.342 ns, StdErr = 0.097 ns (0.37%), N = 3, StdDev = 0.167 ns
Min = 26.206 ns, Q1 = 26.249 ns, Median = 26.292 ns, Q3 = 26.410 ns, Max = 26.529 ns
IQR = 0.162 ns, LowerFence = 26.007 ns, UpperFence = 26.653 ns
ConfidenceInterval = [23.290 ns; 29.394 ns] (CI 99.9%), Margin = 3.052 ns (11.59% of Mean)
Skewness = 0.27, Kurtosis = 0.67, MValue = 2
-------------------- Histogram --------------------
[26.053 ns ; 26.681 ns) | @@@
---------------------------------------------------

StringCopyToCharArrayBenchmarks.CopyToCharArray: ShortRun(Runtime=.NET 6.0, IterationCount=3, LaunchCount=1, WarmupCount=3) [source='"\\\0(...){]}\\ [512], destination=Char[528]]
Runtime = .NET 6.0.36 (6.0.36, 6.0.3624.51421), X64 RyuJIT x86-64-v3; GC = Concurrent Workstation
Mean = 28.552 ns, StdErr = 0.105 ns (0.37%), N = 3, StdDev = 0.182 ns
Min = 28.393 ns, Q1 = 28.453 ns, Median = 28.513 ns, Q3 = 28.632 ns, Max = 28.750 ns
IQR = 0.179 ns, LowerFence = 28.184 ns, UpperFence = 28.900 ns
ConfidenceInterval = [25.231 ns; 31.873 ns] (CI 99.9%), Margin = 3.321 ns (11.63% of Mean)
Skewness = 0.21, Kurtosis = 0.67, MValue = 2
-------------------- Histogram --------------------
[28.227 ns ; 28.916 ns) | @@@
---------------------------------------------------

StringCopyToCharArrayBenchmarks.DllImport_Memcpy: ShortRun(Runtime=.NET 6.0, IterationCount=3, LaunchCount=1, WarmupCount=3) [source='"\\\0(...){]}\\ [512], destination=Char[528]]
Runtime = .NET 6.0.36 (6.0.36, 6.0.3624.51421), X64 RyuJIT x86-64-v3; GC = Concurrent Workstation
Mean = 31.635 ns, StdErr = 0.044 ns (0.14%), N = 3, StdDev = 0.076 ns
Min = 31.549 ns, Q1 = 31.605 ns, Median = 31.661 ns, Q3 = 31.678 ns, Max = 31.696 ns
IQR = 0.073 ns, LowerFence = 31.495 ns, UpperFence = 31.788 ns
ConfidenceInterval = [30.241 ns; 33.030 ns] (CI 99.9%), Margin = 1.395 ns (4.41% of Mean)
Skewness = -0.29, Kurtosis = 0.67, MValue = 2
-------------------- Histogram --------------------
[31.480 ns ; 31.766 ns) | @@@
---------------------------------------------------

StringCopyToCharArrayBenchmarks.DllImport_Memmove: ShortRun(Runtime=.NET 6.0, IterationCount=3, LaunchCount=1, WarmupCount=3) [source='"\\\0(...){]}\\ [512], destination=Char[528]]
Runtime = .NET 6.0.36 (6.0.36, 6.0.3624.51421), X64 RyuJIT x86-64-v3; GC = Concurrent Workstation
Mean = 31.691 ns, StdErr = 0.334 ns (1.05%), N = 3, StdDev = 0.579 ns
Min = 31.081 ns, Q1 = 31.421 ns, Median = 31.761 ns, Q3 = 31.996 ns, Max = 32.231 ns
IQR = 0.575 ns, LowerFence = 30.558 ns, UpperFence = 32.859 ns
ConfidenceInterval = [21.136 ns; 42.246 ns] (CI 99.9%), Margin = 10.555 ns (33.31% of Mean)
Skewness = -0.12, Kurtosis = 0.67, MValue = 2
-------------------- Histogram --------------------
[30.554 ns ; 31.470 ns) | @
[31.470 ns ; 32.523 ns) | @@
---------------------------------------------------

StringCopyToCharArrayBenchmarks.Emit_Cpblk: ShortRun(Runtime=.NET 6.0, IterationCount=3, LaunchCount=1, WarmupCount=3) [source='"\\\0(...)~!@# [4096], destination=Char[4112]]
Runtime = .NET 6.0.36 (6.0.36, 6.0.3624.51421), X64 RyuJIT x86-64-v3; GC = Concurrent Workstation
Mean = 79.532 ns, StdErr = 0.349 ns (0.44%), N = 3, StdDev = 0.605 ns
Min = 78.900 ns, Q1 = 79.246 ns, Median = 79.592 ns, Q3 = 79.848 ns, Max = 80.104 ns
IQR = 0.602 ns, LowerFence = 78.342 ns, UpperFence = 80.752 ns
ConfidenceInterval = [68.501 ns; 90.564 ns] (CI 99.9%), Margin = 11.031 ns (13.87% of Mean)
Skewness = -0.1, Kurtosis = 0.67, MValue = 2
-------------------- Histogram --------------------
[78.349 ns ; 80.655 ns) | @@@
---------------------------------------------------

StringCopyToCharArrayBenchmarks.Unsafe_CopyBlock: ShortRun(Runtime=.NET 6.0, IterationCount=3, LaunchCount=1, WarmupCount=3) [source='"\\\0(...)~!@# [4096], destination=Char[4112]]
Runtime = .NET 6.0.36 (6.0.36, 6.0.3624.51421), X64 RyuJIT x86-64-v3; GC = Concurrent Workstation
Mean = 84.629 ns, StdErr = 0.065 ns (0.08%), N = 3, StdDev = 0.112 ns
Min = 84.544 ns, Q1 = 84.565 ns, Median = 84.587 ns, Q3 = 84.671 ns, Max = 84.755 ns
IQR = 0.106 ns, LowerFence = 84.407 ns, UpperFence = 84.829 ns
ConfidenceInterval = [82.590 ns; 86.667 ns] (CI 99.9%), Margin = 2.039 ns (2.41% of Mean)
Skewness = 0.32, Kurtosis = 0.67, MValue = 2
-------------------- Histogram --------------------
[84.442 ns ; 84.857 ns) | @@@
---------------------------------------------------

StringCopyToCharArrayBenchmarks.AsSpanCopyToAsSpan: ShortRun(Runtime=.NET 6.0, IterationCount=3, LaunchCount=1, WarmupCount=3) [source='"\\\0(...)~!@# [4096], destination=Char[4112]]
Runtime = .NET 6.0.36 (6.0.36, 6.0.3624.51421), X64 RyuJIT x86-64-v3; GC = Concurrent Workstation
Mean = 88.197 ns, StdErr = 0.565 ns (0.64%), N = 3, StdDev = 0.978 ns
Min = 87.521 ns, Q1 = 87.636 ns, Median = 87.752 ns, Q3 = 88.535 ns, Max = 89.319 ns
IQR = 0.899 ns, LowerFence = 86.288 ns, UpperFence = 89.884 ns
ConfidenceInterval = [70.349 ns; 106.045 ns] (CI 99.9%), Margin = 17.848 ns (20.24% of Mean)
Skewness = 0.36, Kurtosis = 0.67, MValue = 2
-------------------- Histogram --------------------
[86.630 ns ; 90.209 ns) | @@@
---------------------------------------------------

StringCopyToCharArrayBenchmarks.Buffer_MemoryCopy: ShortRun(Runtime=.NET 6.0, IterationCount=3, LaunchCount=1, WarmupCount=3) [source='"\\\0(...)~!@# [4096], destination=Char[4112]]
Runtime = .NET 6.0.36 (6.0.36, 6.0.3624.51421), X64 RyuJIT x86-64-v3; GC = Concurrent Workstation
Mean = 90.245 ns, StdErr = 0.088 ns (0.10%), N = 3, StdDev = 0.153 ns
Min = 90.069 ns, Q1 = 90.196 ns, Median = 90.324 ns, Q3 = 90.333 ns, Max = 90.342 ns
IQR = 0.137 ns, LowerFence = 89.991 ns, UpperFence = 90.538 ns
ConfidenceInterval = [87.456 ns; 93.034 ns] (CI 99.9%), Margin = 2.789 ns (3.09% of Mean)
Skewness = -0.38, Kurtosis = 0.67, MValue = 2
-------------------- Histogram --------------------
[90.066 ns ; 90.345 ns) | @@@
---------------------------------------------------

StringCopyToCharArrayBenchmarks.CopyToCharArray: ShortRun(Runtime=.NET 6.0, IterationCount=3, LaunchCount=1, WarmupCount=3) [source='"\\\0(...)~!@# [4096], destination=Char[4112]]
Runtime = .NET 6.0.36 (6.0.36, 6.0.3624.51421), X64 RyuJIT x86-64-v3; GC = Concurrent Workstation
Mean = 90.384 ns, StdErr = 1.177 ns (1.30%), N = 3, StdDev = 2.039 ns
Min = 88.254 ns, Q1 = 89.418 ns, Median = 90.582 ns, Q3 = 91.449 ns, Max = 92.317 ns
IQR = 2.031 ns, LowerFence = 86.371 ns, UpperFence = 94.496 ns
ConfidenceInterval = [53.194 ns; 127.574 ns] (CI 99.9%), Margin = 37.190 ns (41.15% of Mean)
Skewness = -0.1, Kurtosis = 0.67, MValue = 2
-------------------- Histogram --------------------
[86.399 ns ; 89.594 ns) | @
[89.594 ns ; 93.305 ns) | @@
---------------------------------------------------

StringCopyToCharArrayBenchmarks.DllImport_Memmove: ShortRun(Runtime=.NET 6.0, IterationCount=3, LaunchCount=1, WarmupCount=3) [source='"\\\0(...)~!@# [4096], destination=Char[4112]]
Runtime = .NET 6.0.36 (6.0.36, 6.0.3624.51421), X64 RyuJIT x86-64-v3; GC = Concurrent Workstation
Mean = 173.184 ns, StdErr = 0.694 ns (0.40%), N = 3, StdDev = 1.202 ns
Min = 172.290 ns, Q1 = 172.500 ns, Median = 172.710 ns, Q3 = 173.631 ns, Max = 174.551 ns
IQR = 1.130 ns, LowerFence = 170.805 ns, UpperFence = 175.326 ns
ConfidenceInterval = [151.252 ns; 195.116 ns] (CI 99.9%), Margin = 21.932 ns (12.66% of Mean)
Skewness = 0.33, Kurtosis = 0.67, MValue = 2
-------------------- Histogram --------------------
[171.196 ns ; 175.645 ns) | @@@
---------------------------------------------------

StringCopyToCharArrayBenchmarks.DllImport_Memcpy: ShortRun(Runtime=.NET 6.0, IterationCount=3, LaunchCount=1, WarmupCount=3) [source='"\\\0(...)~!@# [4096], destination=Char[4112]]
Runtime = .NET 6.0.36 (6.0.36, 6.0.3624.51421), X64 RyuJIT x86-64-v3; GC = Concurrent Workstation
Mean = 174.204 ns, StdErr = 0.549 ns (0.31%), N = 3, StdDev = 0.950 ns
Min = 173.108 ns, Q1 = 173.917 ns, Median = 174.727 ns, Q3 = 174.753 ns, Max = 174.779 ns
IQR = 0.836 ns, LowerFence = 172.664 ns, UpperFence = 176.006 ns
ConfidenceInterval = [156.871 ns; 191.538 ns] (CI 99.9%), Margin = 17.333 ns (9.95% of Mean)
Skewness = -0.38, Kurtosis = 0.67, MValue = 2
-------------------- Histogram --------------------
[173.078 ns ; 174.808 ns) | @@@
---------------------------------------------------

StringCopyToCharArrayBenchmarks.CopyToCharArray: ShortRun(Runtime=.NET 10.0, IterationCount=3, LaunchCount=1, WarmupCount=3) [source=,, destination=Char[17]]
Runtime = .NET 10.0.4 (10.0.4, 10.0.426.12010), X64 RyuJIT x86-64-v3; GC = Concurrent Workstation
Mean = 4.456 ns, StdErr = 0.010 ns (0.23%), N = 3, StdDev = 0.018 ns
Min = 4.438 ns, Q1 = 4.448 ns, Median = 4.459 ns, Q3 = 4.466 ns, Max = 4.473 ns
IQR = 0.018 ns, LowerFence = 4.422 ns, UpperFence = 4.492 ns
ConfidenceInterval = [4.134 ns; 4.779 ns] (CI 99.9%), Margin = 0.323 ns (7.24% of Mean)
Skewness = -0.12, Kurtosis = 0.67, MValue = 2
-------------------- Histogram --------------------
[4.421 ns ; 4.489 ns) | @@@
---------------------------------------------------

StringCopyToCharArrayBenchmarks.Emit_Cpblk: ShortRun(Runtime=.NET 10.0, IterationCount=3, LaunchCount=1, WarmupCount=3) [source=,, destination=Char[17]]
Runtime = .NET 10.0.4 (10.0.4, 10.0.426.12010), X64 RyuJIT x86-64-v3; GC = Concurrent Workstation
Mean = 4.777 ns, StdErr = 0.006 ns (0.13%), N = 3, StdDev = 0.011 ns
Min = 4.770 ns, Q1 = 4.770 ns, Median = 4.771 ns, Q3 = 4.780 ns, Max = 4.789 ns
IQR = 0.010 ns, LowerFence = 4.756 ns, UpperFence = 4.794 ns
ConfidenceInterval = [4.576 ns; 4.978 ns] (CI 99.9%), Margin = 0.201 ns (4.21% of Mean)
Skewness = 0.38, Kurtosis = 0.67, MValue = 2
-------------------- Histogram --------------------
[4.770 ns ; 4.790 ns) | @@@
---------------------------------------------------

StringCopyToCharArrayBenchmarks.AsSpanCopyToAsSpan: ShortRun(Runtime=.NET 10.0, IterationCount=3, LaunchCount=1, WarmupCount=3) [source=,, destination=Char[17]]
Runtime = .NET 10.0.4 (10.0.4, 10.0.426.12010), X64 RyuJIT x86-64-v3; GC = Concurrent Workstation
Mean = 5.192 ns, StdErr = 0.035 ns (0.67%), N = 3, StdDev = 0.060 ns
Min = 5.157 ns, Q1 = 5.158 ns, Median = 5.159 ns, Q3 = 5.210 ns, Max = 5.262 ns
IQR = 0.053 ns, LowerFence = 5.079 ns, UpperFence = 5.289 ns
ConfidenceInterval = [4.095 ns; 6.289 ns] (CI 99.9%), Margin = 1.097 ns (21.13% of Mean)
Skewness = 0.38, Kurtosis = 0.67, MValue = 2
-------------------- Histogram --------------------
[5.155 ns ; 5.264 ns) | @@@
---------------------------------------------------

StringCopyToCharArrayBenchmarks.Unsafe_CopyBlock: ShortRun(Runtime=.NET 10.0, IterationCount=3, LaunchCount=1, WarmupCount=3) [source=,, destination=Char[17]]
Runtime = .NET 10.0.4 (10.0.4, 10.0.426.12010), X64 RyuJIT x86-64-v3; GC = Concurrent Workstation
Mean = 5.794 ns, StdErr = 0.026 ns (0.44%), N = 3, StdDev = 0.045 ns
Min = 5.755 ns, Q1 = 5.770 ns, Median = 5.785 ns, Q3 = 5.814 ns, Max = 5.843 ns
IQR = 0.044 ns, LowerFence = 5.704 ns, UpperFence = 5.880 ns
ConfidenceInterval = [4.982 ns; 6.607 ns] (CI 99.9%), Margin = 0.813 ns (14.03% of Mean)
Skewness = 0.2, Kurtosis = 0.67, MValue = 2
-------------------- Histogram --------------------
[5.715 ns ; 5.883 ns) | @@@
---------------------------------------------------

StringCopyToCharArrayBenchmarks.Buffer_MemoryCopy: ShortRun(Runtime=.NET 10.0, IterationCount=3, LaunchCount=1, WarmupCount=3) [source=,, destination=Char[17]]
Runtime = .NET 10.0.4 (10.0.4, 10.0.426.12010), X64 RyuJIT x86-64-v3; GC = Concurrent Workstation
Mean = 6.088 ns, StdErr = 0.031 ns (0.51%), N = 3, StdDev = 0.054 ns
Min = 6.029 ns, Q1 = 6.065 ns, Median = 6.102 ns, Q3 = 6.118 ns, Max = 6.134 ns
IQR = 0.052 ns, LowerFence = 5.987 ns, UpperFence = 6.196 ns
ConfidenceInterval = [5.112 ns; 7.064 ns] (CI 99.9%), Margin = 0.976 ns (16.04% of Mean)
Skewness = -0.24, Kurtosis = 0.67, MValue = 2
-------------------- Histogram --------------------
[5.980 ns ; 6.182 ns) | @@@
---------------------------------------------------

StringCopyToCharArrayBenchmarks.DllImport_Memcpy: ShortRun(Runtime=.NET 10.0, IterationCount=3, LaunchCount=1, WarmupCount=3) [source=,, destination=Char[17]]
Runtime = .NET 10.0.4 (10.0.4, 10.0.426.12010), X64 RyuJIT x86-64-v3; GC = Concurrent Workstation
Mean = 10.033 ns, StdErr = 0.023 ns (0.23%), N = 3, StdDev = 0.040 ns
Min = 9.998 ns, Q1 = 10.012 ns, Median = 10.026 ns, Q3 = 10.051 ns, Max = 10.076 ns
IQR = 0.039 ns, LowerFence = 9.953 ns, UpperFence = 10.110 ns
ConfidenceInterval = [9.311 ns; 10.756 ns] (CI 99.9%), Margin = 0.722 ns (7.20% of Mean)
Skewness = 0.17, Kurtosis = 0.67, MValue = 2
-------------------- Histogram --------------------
[9.962 ns ; 10.112 ns) | @@@
---------------------------------------------------

StringCopyToCharArrayBenchmarks.DllImport_Memmove: ShortRun(Runtime=.NET 10.0, IterationCount=3, LaunchCount=1, WarmupCount=3) [source=,, destination=Char[17]]
Runtime = .NET 10.0.4 (10.0.4, 10.0.426.12010), X64 RyuJIT x86-64-v3; GC = Concurrent Workstation
Mean = 10.084 ns, StdErr = 0.028 ns (0.28%), N = 3, StdDev = 0.049 ns
Min = 10.028 ns, Q1 = 10.069 ns, Median = 10.111 ns, Q3 = 10.113 ns, Max = 10.115 ns
IQR = 0.044 ns, LowerFence = 10.004 ns, UpperFence = 10.178 ns
ConfidenceInterval = [9.189 ns; 10.980 ns] (CI 99.9%), Margin = 0.896 ns (8.88% of Mean)
Skewness = -0.38, Kurtosis = 0.67, MValue = 2
-------------------- Histogram --------------------
[10.026 ns ; 10.116 ns) | @@@
---------------------------------------------------

StringCopyToCharArrayBenchmarks.CopyToCharArray: ShortRun(Runtime=.NET 10.0, IterationCount=3, LaunchCount=1, WarmupCount=3) [source=\r\n, destination=Char[18]]
Runtime = .NET 10.0.4 (10.0.4, 10.0.426.12010), X64 RyuJIT x86-64-v3; GC = Concurrent Workstation
Mean = 4.431 ns, StdErr = 0.067 ns (1.52%), N = 3, StdDev = 0.116 ns
Min = 4.346 ns, Q1 = 4.365 ns, Median = 4.383 ns, Q3 = 4.473 ns, Max = 4.564 ns
IQR = 0.109 ns, LowerFence = 4.202 ns, UpperFence = 4.637 ns
ConfidenceInterval = [2.309 ns; 6.553 ns] (CI 99.9%), Margin = 2.122 ns (47.88% of Mean)
Skewness = 0.34, Kurtosis = 0.67, MValue = 2
-------------------- Histogram --------------------
[4.240 ns ; 4.471 ns) | @@
[4.471 ns ; 4.670 ns) | @
---------------------------------------------------

StringCopyToCharArrayBenchmarks.Emit_Cpblk: ShortRun(Runtime=.NET 10.0, IterationCount=3, LaunchCount=1, WarmupCount=3) [source=\r\n, destination=Char[18]]
Runtime = .NET 10.0.4 (10.0.4, 10.0.426.12010), X64 RyuJIT x86-64-v3; GC = Concurrent Workstation
Mean = 4.649 ns, StdErr = 0.026 ns (0.57%), N = 3, StdDev = 0.046 ns
Min = 4.598 ns, Q1 = 4.631 ns, Median = 4.663 ns, Q3 = 4.675 ns, Max = 4.687 ns
IQR = 0.044 ns, LowerFence = 4.565 ns, UpperFence = 4.741 ns
ConfidenceInterval = [3.814 ns; 5.485 ns] (CI 99.9%), Margin = 0.835 ns (17.97% of Mean)
Skewness = -0.28, Kurtosis = 0.67, MValue = 2
-------------------- Histogram --------------------
[4.557 ns ; 4.728 ns) | @@@
---------------------------------------------------

StringCopyToCharArrayBenchmarks.AsSpanCopyToAsSpan: ShortRun(Runtime=.NET 10.0, IterationCount=3, LaunchCount=1, WarmupCount=3) [source=\r\n, destination=Char[18]]
Runtime = .NET 10.0.4 (10.0.4, 10.0.426.12010), X64 RyuJIT x86-64-v3; GC = Concurrent Workstation
Mean = 4.916 ns, StdErr = 0.013 ns (0.27%), N = 3, StdDev = 0.023 ns
Min = 4.894 ns, Q1 = 4.904 ns, Median = 4.915 ns, Q3 = 4.928 ns, Max = 4.940 ns
IQR = 0.023 ns, LowerFence = 4.870 ns, UpperFence = 4.962 ns
ConfidenceInterval = [4.494 ns; 5.339 ns] (CI 99.9%), Margin = 0.422 ns (8.59% of Mean)
Skewness = 0.07, Kurtosis = 0.67, MValue = 2
-------------------- Histogram --------------------
[4.873 ns ; 4.962 ns) | @@@
---------------------------------------------------

StringCopyToCharArrayBenchmarks.Unsafe_CopyBlock: ShortRun(Runtime=.NET 10.0, IterationCount=3, LaunchCount=1, WarmupCount=3) [source=\r\n, destination=Char[18]]
Runtime = .NET 10.0.4 (10.0.4, 10.0.426.12010), X64 RyuJIT x86-64-v3; GC = Concurrent Workstation
Mean = 5.666 ns, StdErr = 0.028 ns (0.50%), N = 3, StdDev = 0.049 ns
Min = 5.635 ns, Q1 = 5.638 ns, Median = 5.640 ns, Q3 = 5.682 ns, Max = 5.723 ns
IQR = 0.044 ns, LowerFence = 5.572 ns, UpperFence = 5.748 ns
ConfidenceInterval = [4.766 ns; 6.567 ns] (CI 99.9%), Margin = 0.901 ns (15.89% of Mean)
Skewness = 0.38, Kurtosis = 0.67, MValue = 2
-------------------- Histogram --------------------
[5.634 ns ; 5.724 ns) | @@@
---------------------------------------------------

StringCopyToCharArrayBenchmarks.Buffer_MemoryCopy: ShortRun(Runtime=.NET 10.0, IterationCount=3, LaunchCount=1, WarmupCount=3) [source=\r\n, destination=Char[18]]
Runtime = .NET 10.0.4 (10.0.4, 10.0.426.12010), X64 RyuJIT x86-64-v3; GC = Concurrent Workstation
Mean = 5.903 ns, StdErr = 0.017 ns (0.29%), N = 3, StdDev = 0.029 ns
Min = 5.874 ns, Q1 = 5.888 ns, Median = 5.903 ns, Q3 = 5.918 ns, Max = 5.932 ns
IQR = 0.029 ns, LowerFence = 5.844 ns, UpperFence = 5.961 ns
ConfidenceInterval = [5.370 ns; 6.436 ns] (CI 99.9%), Margin = 0.533 ns (9.03% of Mean)
Skewness = -0.01, Kurtosis = 0.67, MValue = 2
-------------------- Histogram --------------------
[5.847 ns ; 5.959 ns) | @@@
---------------------------------------------------

StringCopyToCharArrayBenchmarks.DllImport_Memcpy: ShortRun(Runtime=.NET 10.0, IterationCount=3, LaunchCount=1, WarmupCount=3) [source=\r\n, destination=Char[18]]
Runtime = .NET 10.0.4 (10.0.4, 10.0.426.12010), X64 RyuJIT x86-64-v3; GC = Concurrent Workstation
Mean = 10.871 ns, StdErr = 0.011 ns (0.10%), N = 3, StdDev = 0.020 ns
Min = 10.858 ns, Q1 = 10.860 ns, Median = 10.862 ns, Q3 = 10.878 ns, Max = 10.894 ns
IQR = 0.018 ns, LowerFence = 10.833 ns, UpperFence = 10.904 ns
ConfidenceInterval = [10.514 ns; 11.228 ns] (CI 99.9%), Margin = 0.357 ns (3.29% of Mean)
Skewness = 0.37, Kurtosis = 0.67, MValue = 2
-------------------- Histogram --------------------
[10.858 ns ; 10.894 ns) | @@@
---------------------------------------------------

StringCopyToCharArrayBenchmarks.DllImport_Memmove: ShortRun(Runtime=.NET 10.0, IterationCount=3, LaunchCount=1, WarmupCount=3) [source=\r\n, destination=Char[18]]
Runtime = .NET 10.0.4 (10.0.4, 10.0.426.12010), X64 RyuJIT x86-64-v3; GC = Concurrent Workstation
Mean = 10.966 ns, StdErr = 0.056 ns (0.51%), N = 3, StdDev = 0.097 ns
Min = 10.901 ns, Q1 = 10.910 ns, Median = 10.919 ns, Q3 = 10.998 ns, Max = 11.077 ns
IQR = 0.088 ns, LowerFence = 10.779 ns, UpperFence = 11.129 ns
ConfidenceInterval = [9.204 ns; 12.727 ns] (CI 99.9%), Margin = 1.761 ns (16.06% of Mean)
Skewness = 0.37, Kurtosis = 0.67, MValue = 2
-------------------- Histogram --------------------
[10.901 ns ; 11.077 ns) | @@@
---------------------------------------------------

StringCopyToCharArrayBenchmarks.CopyToCharArray: ShortRun(Runtime=.NET 10.0, IterationCount=3, LaunchCount=1, WarmupCount=3) [source=Sphin(...) vow! [37], destination=Char[53]]
Runtime = .NET 10.0.4 (10.0.4, 10.0.426.12010), X64 RyuJIT x86-64-v3; GC = Concurrent Workstation
Mean = 5.764 ns, StdErr = 0.010 ns (0.17%), N = 3, StdDev = 0.017 ns
Min = 5.746 ns, Q1 = 5.756 ns, Median = 5.766 ns, Q3 = 5.773 ns, Max = 5.780 ns
IQR = 0.017 ns, LowerFence = 5.731 ns, UpperFence = 5.798 ns
ConfidenceInterval = [5.455 ns; 6.073 ns] (CI 99.9%), Margin = 0.309 ns (5.36% of Mean)
Skewness = -0.12, Kurtosis = 0.67, MValue = 2
-------------------- Histogram --------------------
[5.731 ns ; 5.796 ns) | @@@
---------------------------------------------------

StringCopyToCharArrayBenchmarks.Emit_Cpblk: ShortRun(Runtime=.NET 10.0, IterationCount=3, LaunchCount=1, WarmupCount=3) [source=Sphin(...) vow! [37], destination=Char[53]]
Runtime = .NET 10.0.4 (10.0.4, 10.0.426.12010), X64 RyuJIT x86-64-v3; GC = Concurrent Workstation
Mean = 5.782 ns, StdErr = 0.037 ns (0.64%), N = 3, StdDev = 0.064 ns
Min = 5.717 ns, Q1 = 5.751 ns, Median = 5.785 ns, Q3 = 5.815 ns, Max = 5.844 ns
IQR = 0.064 ns, LowerFence = 5.655 ns, UpperFence = 5.911 ns
ConfidenceInterval = [4.614 ns; 6.950 ns] (CI 99.9%), Margin = 1.168 ns (20.20% of Mean)
Skewness = -0.05, Kurtosis = 0.67, MValue = 2
-------------------- Histogram --------------------
[5.658 ns ; 5.873 ns) | @@@
---------------------------------------------------

StringCopyToCharArrayBenchmarks.AsSpanCopyToAsSpan: ShortRun(Runtime=.NET 10.0, IterationCount=3, LaunchCount=1, WarmupCount=3) [source=Sphin(...) vow! [37], destination=Char[53]]
Runtime = .NET 10.0.4 (10.0.4, 10.0.426.12010), X64 RyuJIT x86-64-v3; GC = Concurrent Workstation
Mean = 6.241 ns, StdErr = 0.016 ns (0.26%), N = 3, StdDev = 0.028 ns
Min = 6.222 ns, Q1 = 6.224 ns, Median = 6.227 ns, Q3 = 6.250 ns, Max = 6.273 ns
IQR = 0.026 ns, LowerFence = 6.186 ns, UpperFence = 6.289 ns
ConfidenceInterval = [5.722 ns; 6.760 ns] (CI 99.9%), Margin = 0.519 ns (8.31% of Mean)
Skewness = 0.37, Kurtosis = 0.67, MValue = 2
-------------------- Histogram --------------------
[6.222 ns ; 6.273 ns) | @@@
---------------------------------------------------

StringCopyToCharArrayBenchmarks.Unsafe_CopyBlock: ShortRun(Runtime=.NET 10.0, IterationCount=3, LaunchCount=1, WarmupCount=3) [source=Sphin(...) vow! [37], destination=Char[53]]
Runtime = .NET 10.0.4 (10.0.4, 10.0.426.12010), X64 RyuJIT x86-64-v3; GC = Concurrent Workstation
Mean = 7.398 ns, StdErr = 0.033 ns (0.45%), N = 3, StdDev = 0.057 ns
Min = 7.332 ns, Q1 = 7.379 ns, Median = 7.425 ns, Q3 = 7.431 ns, Max = 7.436 ns
IQR = 0.052 ns, LowerFence = 7.300 ns, UpperFence = 7.509 ns
ConfidenceInterval = [6.351 ns; 8.444 ns] (CI 99.9%), Margin = 1.046 ns (14.15% of Mean)
Skewness = -0.37, Kurtosis = 0.67, MValue = 2
-------------------- Histogram --------------------
[7.332 ns ; 7.436 ns) | @@@
---------------------------------------------------

StringCopyToCharArrayBenchmarks.Buffer_MemoryCopy: ShortRun(Runtime=.NET 10.0, IterationCount=3, LaunchCount=1, WarmupCount=3) [source=Sphin(...) vow! [37], destination=Char[53]]
Runtime = .NET 10.0.4 (10.0.4, 10.0.426.12010), X64 RyuJIT x86-64-v3; GC = Concurrent Workstation
Mean = 7.598 ns, StdErr = 0.039 ns (0.51%), N = 3, StdDev = 0.068 ns
Min = 7.523 ns, Q1 = 7.570 ns, Median = 7.618 ns, Q3 = 7.636 ns, Max = 7.654 ns
IQR = 0.066 ns, LowerFence = 7.472 ns, UpperFence = 7.734 ns
ConfidenceInterval = [6.363 ns; 8.833 ns] (CI 99.9%), Margin = 1.235 ns (16.25% of Mean)
Skewness = -0.27, Kurtosis = 0.67, MValue = 2
-------------------- Histogram --------------------
[7.461 ns ; 7.715 ns) | @@@
---------------------------------------------------

StringCopyToCharArrayBenchmarks.DllImport_Memmove: ShortRun(Runtime=.NET 10.0, IterationCount=3, LaunchCount=1, WarmupCount=3) [source=Sphin(...) vow! [37], destination=Char[53]]
Runtime = .NET 10.0.4 (10.0.4, 10.0.426.12010), X64 RyuJIT x86-64-v3; GC = Concurrent Workstation
Mean = 12.893 ns, StdErr = 0.016 ns (0.12%), N = 3, StdDev = 0.027 ns
Min = 12.875 ns, Q1 = 12.877 ns, Median = 12.880 ns, Q3 = 12.902 ns, Max = 12.925 ns
IQR = 0.025 ns, LowerFence = 12.840 ns, UpperFence = 12.939 ns
ConfidenceInterval = [12.392 ns; 13.394 ns] (CI 99.9%), Margin = 0.501 ns (3.88% of Mean)
Skewness = 0.37, Kurtosis = 0.67, MValue = 2
-------------------- Histogram --------------------
[12.875 ns ; 12.925 ns) | @@@
---------------------------------------------------

StringCopyToCharArrayBenchmarks.DllImport_Memcpy: ShortRun(Runtime=.NET 10.0, IterationCount=3, LaunchCount=1, WarmupCount=3) [source=Sphin(...) vow! [37], destination=Char[53]]
Runtime = .NET 10.0.4 (10.0.4, 10.0.426.12010), X64 RyuJIT x86-64-v3; GC = Concurrent Workstation
Mean = 13.321 ns, StdErr = 0.027 ns (0.21%), N = 3, StdDev = 0.047 ns
Min = 13.273 ns, Q1 = 13.298 ns, Median = 13.324 ns, Q3 = 13.346 ns, Max = 13.368 ns
IQR = 0.047 ns, LowerFence = 13.227 ns, UpperFence = 13.417 ns
ConfidenceInterval = [12.457 ns; 14.186 ns] (CI 99.9%), Margin = 0.865 ns (6.49% of Mean)
Skewness = -0.05, Kurtosis = 0.67, MValue = 2
-------------------- Histogram --------------------
[13.230 ns ; 13.411 ns) | @@@
---------------------------------------------------

StringCopyToCharArrayBenchmarks.CopyToCharArray: ShortRun(Runtime=.NET 10.0, IterationCount=3, LaunchCount=1, WarmupCount=3) [source='"\\\0(...){]}\\ [512], destination=Char[528]]
Runtime = .NET 10.0.4 (10.0.4, 10.0.426.12010), X64 RyuJIT x86-64-v3; GC = Concurrent Workstation
Mean = 15.267 ns, StdErr = 0.140 ns (0.92%), N = 3, StdDev = 0.243 ns
Min = 14.987 ns, Q1 = 15.197 ns, Median = 15.406 ns, Q3 = 15.407 ns, Max = 15.409 ns
IQR = 0.211 ns, LowerFence = 14.880 ns, UpperFence = 15.724 ns
ConfidenceInterval = [10.843 ns; 19.692 ns] (CI 99.9%), Margin = 4.424 ns (28.98% of Mean)
Skewness = -0.38, Kurtosis = 0.67, MValue = 2
-------------------- Histogram --------------------
[14.977 ns ; 15.419 ns) | @@@
---------------------------------------------------

StringCopyToCharArrayBenchmarks.Buffer_MemoryCopy: ShortRun(Runtime=.NET 10.0, IterationCount=3, LaunchCount=1, WarmupCount=3) [source='"\\\0(...){]}\\ [512], destination=Char[528]]
Runtime = .NET 10.0.4 (10.0.4, 10.0.426.12010), X64 RyuJIT x86-64-v3; GC = Concurrent Workstation
Mean = 15.951 ns, StdErr = 0.065 ns (0.41%), N = 3, StdDev = 0.112 ns
Min = 15.862 ns, Q1 = 15.887 ns, Median = 15.912 ns, Q3 = 15.995 ns, Max = 16.077 ns
IQR = 0.107 ns, LowerFence = 15.726 ns, UpperFence = 16.156 ns
ConfidenceInterval = [13.902 ns; 18.000 ns] (CI 99.9%), Margin = 2.049 ns (12.85% of Mean)
Skewness = 0.3, Kurtosis = 0.67, MValue = 2
-------------------- Histogram --------------------
[15.760 ns ; 16.179 ns) | @@@
---------------------------------------------------

StringCopyToCharArrayBenchmarks.Emit_Cpblk: ShortRun(Runtime=.NET 10.0, IterationCount=3, LaunchCount=1, WarmupCount=3) [source='"\\\0(...){]}\\ [512], destination=Char[528]]
Runtime = .NET 10.0.4 (10.0.4, 10.0.426.12010), X64 RyuJIT x86-64-v3; GC = Concurrent Workstation
Mean = 16.357 ns, StdErr = 0.056 ns (0.34%), N = 3, StdDev = 0.097 ns
Min = 16.300 ns, Q1 = 16.301 ns, Median = 16.303 ns, Q3 = 16.386 ns, Max = 16.469 ns
IQR = 0.084 ns, LowerFence = 16.175 ns, UpperFence = 16.513 ns
ConfidenceInterval = [14.591 ns; 18.123 ns] (CI 99.9%), Margin = 1.766 ns (10.80% of Mean)
Skewness = 0.38, Kurtosis = 0.67, MValue = 2
-------------------- Histogram --------------------
[16.297 ns ; 16.473 ns) | @@@
---------------------------------------------------

StringCopyToCharArrayBenchmarks.Unsafe_CopyBlock: ShortRun(Runtime=.NET 10.0, IterationCount=3, LaunchCount=1, WarmupCount=3) [source='"\\\0(...){]}\\ [512], destination=Char[528]]
Runtime = .NET 10.0.4 (10.0.4, 10.0.426.12010), X64 RyuJIT x86-64-v3; GC = Concurrent Workstation
Mean = 16.591 ns, StdErr = 0.051 ns (0.31%), N = 3, StdDev = 0.089 ns
Min = 16.536 ns, Q1 = 16.539 ns, Median = 16.542 ns, Q3 = 16.618 ns, Max = 16.693 ns
IQR = 0.079 ns, LowerFence = 16.421 ns, UpperFence = 16.735 ns
ConfidenceInterval = [14.963 ns; 18.218 ns] (CI 99.9%), Margin = 1.627 ns (9.81% of Mean)
Skewness = 0.38, Kurtosis = 0.67, MValue = 2
-------------------- Histogram --------------------
[16.534 ns ; 16.696 ns) | @@@
---------------------------------------------------

StringCopyToCharArrayBenchmarks.AsSpanCopyToAsSpan: ShortRun(Runtime=.NET 10.0, IterationCount=3, LaunchCount=1, WarmupCount=3) [source='"\\\0(...){]}\\ [512], destination=Char[528]]
Runtime = .NET 10.0.4 (10.0.4, 10.0.426.12010), X64 RyuJIT x86-64-v3; GC = Concurrent Workstation
Mean = 17.052 ns, StdErr = 0.052 ns (0.31%), N = 3, StdDev = 0.091 ns
Min = 16.958 ns, Q1 = 17.009 ns, Median = 17.059 ns, Q3 = 17.099 ns, Max = 17.139 ns
IQR = 0.090 ns, LowerFence = 16.873 ns, UpperFence = 17.235 ns
ConfidenceInterval = [15.400 ns; 18.705 ns] (CI 99.9%), Margin = 1.652 ns (9.69% of Mean)
Skewness = -0.08, Kurtosis = 0.67, MValue = 2
-------------------- Histogram --------------------
[16.928 ns ; 17.222 ns) | @@@
---------------------------------------------------

StringCopyToCharArrayBenchmarks.DllImport_Memcpy: ShortRun(Runtime=.NET 10.0, IterationCount=3, LaunchCount=1, WarmupCount=3) [source='"\\\0(...){]}\\ [512], destination=Char[528]]
Runtime = .NET 10.0.4 (10.0.4, 10.0.426.12010), X64 RyuJIT x86-64-v3; GC = Concurrent Workstation
Mean = 28.788 ns, StdErr = 0.131 ns (0.46%), N = 3, StdDev = 0.227 ns
Min = 28.566 ns, Q1 = 28.672 ns, Median = 28.779 ns, Q3 = 28.900 ns, Max = 29.020 ns
IQR = 0.227 ns, LowerFence = 28.332 ns, UpperFence = 29.240 ns
ConfidenceInterval = [24.641 ns; 32.936 ns] (CI 99.9%), Margin = 4.148 ns (14.41% of Mean)
Skewness = 0.04, Kurtosis = 0.67, MValue = 2
-------------------- Histogram --------------------
[28.359 ns ; 29.227 ns) | @@@
---------------------------------------------------

StringCopyToCharArrayBenchmarks.DllImport_Memmove: ShortRun(Runtime=.NET 10.0, IterationCount=3, LaunchCount=1, WarmupCount=3) [source='"\\\0(...){]}\\ [512], destination=Char[528]]
Runtime = .NET 10.0.4 (10.0.4, 10.0.426.12010), X64 RyuJIT x86-64-v3; GC = Concurrent Workstation
Mean = 29.695 ns, StdErr = 0.034 ns (0.11%), N = 3, StdDev = 0.058 ns
Min = 29.651 ns, Q1 = 29.662 ns, Median = 29.672 ns, Q3 = 29.716 ns, Max = 29.761 ns
IQR = 0.055 ns, LowerFence = 29.580 ns, UpperFence = 29.798 ns
ConfidenceInterval = [28.635 ns; 30.754 ns] (CI 99.9%), Margin = 1.060 ns (3.57% of Mean)
Skewness = 0.33, Kurtosis = 0.67, MValue = 2
-------------------- Histogram --------------------
[29.598 ns ; 29.814 ns) | @@@
---------------------------------------------------

StringCopyToCharArrayBenchmarks.AsSpanCopyToAsSpan: ShortRun(Runtime=.NET 10.0, IterationCount=3, LaunchCount=1, WarmupCount=3) [source='"\\\0(...)~!@# [4096], destination=Char[4112]]
Runtime = .NET 10.0.4 (10.0.4, 10.0.426.12010), X64 RyuJIT x86-64-v3; GC = Concurrent Workstation
Mean = 92.300 ns, StdErr = 0.620 ns (0.67%), N = 3, StdDev = 1.074 ns
Min = 91.219 ns, Q1 = 91.766 ns, Median = 92.314 ns, Q3 = 92.840 ns, Max = 93.366 ns
IQR = 1.074 ns, LowerFence = 90.155 ns, UpperFence = 94.451 ns
ConfidenceInterval = [72.706 ns; 111.893 ns] (CI 99.9%), Margin = 19.593 ns (21.23% of Mean)
Skewness = -0.01, Kurtosis = 0.67, MValue = 2
-------------------- Histogram --------------------
[90.241 ns ; 93.818 ns) | @@@
---------------------------------------------------

StringCopyToCharArrayBenchmarks.Emit_Cpblk: ShortRun(Runtime=.NET 10.0, IterationCount=3, LaunchCount=1, WarmupCount=3) [source='"\\\0(...)~!@# [4096], destination=Char[4112]]
Runtime = .NET 10.0.4 (10.0.4, 10.0.426.12010), X64 RyuJIT x86-64-v3; GC = Concurrent Workstation
Mean = 92.588 ns, StdErr = 0.050 ns (0.05%), N = 3, StdDev = 0.087 ns
Min = 92.487 ns, Q1 = 92.562 ns, Median = 92.637 ns, Q3 = 92.638 ns, Max = 92.639 ns
IQR = 0.076 ns, LowerFence = 92.448 ns, UpperFence = 92.753 ns
ConfidenceInterval = [90.993 ns; 94.182 ns] (CI 99.9%), Margin = 1.594 ns (1.72% of Mean)
Skewness = -0.38, Kurtosis = 0.67, MValue = 2
-------------------- Histogram --------------------
[92.483 ns ; 92.643 ns) | @@@
---------------------------------------------------

StringCopyToCharArrayBenchmarks.Buffer_MemoryCopy: ShortRun(Runtime=.NET 10.0, IterationCount=3, LaunchCount=1, WarmupCount=3) [source='"\\\0(...)~!@# [4096], destination=Char[4112]]
Runtime = .NET 10.0.4 (10.0.4, 10.0.426.12010), X64 RyuJIT x86-64-v3; GC = Concurrent Workstation
Mean = 92.648 ns, StdErr = 0.211 ns (0.23%), N = 3, StdDev = 0.366 ns
Min = 92.339 ns, Q1 = 92.446 ns, Median = 92.553 ns, Q3 = 92.803 ns, Max = 93.052 ns
IQR = 0.357 ns, LowerFence = 91.911 ns, UpperFence = 93.338 ns
ConfidenceInterval = [85.971 ns; 99.326 ns] (CI 99.9%), Margin = 6.677 ns (7.21% of Mean)
Skewness = 0.24, Kurtosis = 0.67, MValue = 2
-------------------- Histogram --------------------
[92.006 ns ; 93.386 ns) | @@@
---------------------------------------------------

StringCopyToCharArrayBenchmarks.Unsafe_CopyBlock: ShortRun(Runtime=.NET 10.0, IterationCount=3, LaunchCount=1, WarmupCount=3) [source='"\\\0(...)~!@# [4096], destination=Char[4112]]
Runtime = .NET 10.0.4 (10.0.4, 10.0.426.12010), X64 RyuJIT x86-64-v3; GC = Concurrent Workstation
Mean = 92.696 ns, StdErr = 0.046 ns (0.05%), N = 3, StdDev = 0.081 ns
Min = 92.650 ns, Q1 = 92.650 ns, Median = 92.650 ns, Q3 = 92.720 ns, Max = 92.789 ns
IQR = 0.070 ns, LowerFence = 92.545 ns, UpperFence = 92.824 ns
ConfidenceInterval = [91.227 ns; 94.165 ns] (CI 99.9%), Margin = 1.469 ns (1.58% of Mean)
Skewness = 0.38, Kurtosis = 0.67, MValue = 2
-------------------- Histogram --------------------
[92.646 ns ; 92.793 ns) | @@@
---------------------------------------------------

StringCopyToCharArrayBenchmarks.CopyToCharArray: ShortRun(Runtime=.NET 10.0, IterationCount=3, LaunchCount=1, WarmupCount=3) [source='"\\\0(...)~!@# [4096], destination=Char[4112]]
Runtime = .NET 10.0.4 (10.0.4, 10.0.426.12010), X64 RyuJIT x86-64-v3; GC = Concurrent Workstation
Mean = 96.343 ns, StdErr = 1.587 ns (1.65%), N = 3, StdDev = 2.748 ns
Min = 93.954 ns, Q1 = 94.842 ns, Median = 95.729 ns, Q3 = 97.538 ns, Max = 99.346 ns
IQR = 2.696 ns, LowerFence = 90.797 ns, UpperFence = 101.583 ns
ConfidenceInterval = [46.205 ns; 146.482 ns] (CI 99.9%), Margin = 50.139 ns (52.04% of Mean)
Skewness = 0.21, Kurtosis = 0.67, MValue = 2
-------------------- Histogram --------------------
[92.341 ns ;  97.343 ns) | @@
[97.343 ns ; 101.848 ns) | @
---------------------------------------------------

StringCopyToCharArrayBenchmarks.DllImport_Memcpy: ShortRun(Runtime=.NET 10.0, IterationCount=3, LaunchCount=1, WarmupCount=3) [source='"\\\0(...)~!@# [4096], destination=Char[4112]]
Runtime = .NET 10.0.4 (10.0.4, 10.0.426.12010), X64 RyuJIT x86-64-v3; GC = Concurrent Workstation
Mean = 172.899 ns, StdErr = 0.248 ns (0.14%), N = 3, StdDev = 0.430 ns
Min = 172.402 ns, Q1 = 172.774 ns, Median = 173.145 ns, Q3 = 173.148 ns, Max = 173.150 ns
IQR = 0.374 ns, LowerFence = 172.213 ns, UpperFence = 173.708 ns
ConfidenceInterval = [165.051 ns; 180.747 ns] (CI 99.9%), Margin = 7.848 ns (4.54% of Mean)
Skewness = -0.38, Kurtosis = 0.67, MValue = 2
-------------------- Histogram --------------------
[172.385 ns ; 173.168 ns) | @@@
---------------------------------------------------

StringCopyToCharArrayBenchmarks.DllImport_Memmove: ShortRun(Runtime=.NET 10.0, IterationCount=3, LaunchCount=1, WarmupCount=3) [source='"\\\0(...)~!@# [4096], destination=Char[4112]]
Runtime = .NET 10.0.4 (10.0.4, 10.0.426.12010), X64 RyuJIT x86-64-v3; GC = Concurrent Workstation
Mean = 173.126 ns, StdErr = 0.211 ns (0.12%), N = 3, StdDev = 0.366 ns
Min = 172.750 ns, Q1 = 172.948 ns, Median = 173.145 ns, Q3 = 173.313 ns, Max = 173.481 ns
IQR = 0.366 ns, LowerFence = 172.399 ns, UpperFence = 173.862 ns
ConfidenceInterval = [166.446 ns; 179.805 ns] (CI 99.9%), Margin = 6.679 ns (3.86% of Mean)
Skewness = -0.05, Kurtosis = 0.67, MValue = 2
-------------------- Histogram --------------------
[172.417 ns ; 173.815 ns) | @@@
---------------------------------------------------

// * Summary *

BenchmarkDotNet v0.15.8, Windows 10 (10.0.19045.6466/22H2/2022Update)
Intel Core i7-7700HQ CPU 2.80GHz (Kaby Lake), 1 CPU, 8 logical and 4 physical cores
.NET SDK 10.0.104
  [Host]   : .NET 10.0.4 (10.0.4, 10.0.426.12010), X64 RyuJIT x86-64-v3
  ShortRun : .NET 6.0.36 (6.0.36, 6.0.3624.51421), X64 RyuJIT x86-64-v3

Job=ShortRun  IterationCount=3  LaunchCount=1  
WarmupCount=3  

| Method             | Runtime   | source                 | destination | Mean       | Error      | StdDev    | Allocated |
|------------------- |---------- |----------------------- |------------ |-----------:|-----------:|----------:|----------:|
| Emit_Cpblk         | .NET 6.0  | ,                      | Char[17]    |   3.958 ns |  0.3374 ns | 0.0185 ns |         - |
| AsSpanCopyToAsSpan | .NET 6.0  | ,                      | Char[17]    |   5.261 ns |  1.1661 ns | 0.0639 ns |         - |
| Unsafe_CopyBlock   | .NET 6.0  | ,                      | Char[17]    |   5.771 ns |  0.3315 ns | 0.0182 ns |         - |
| Buffer_MemoryCopy  | .NET 6.0  | ,                      | Char[17]    |   7.342 ns |  0.4677 ns | 0.0256 ns |         - |
| CopyToCharArray    | .NET 6.0  | ,                      | Char[17]    |   8.554 ns |  0.4211 ns | 0.0231 ns |         - |
| DllImport_Memmove  | .NET 6.0  | ,                      | Char[17]    |  10.591 ns |  0.3625 ns | 0.0199 ns |         - |
| DllImport_Memcpy   | .NET 6.0  | ,                      | Char[17]    |  11.379 ns |  0.7863 ns | 0.0431 ns |         - |
|                    |           |                        |             |            |            |           |           |
| Emit_Cpblk         | .NET 6.0  | \r\n                   | Char[18]    |   3.910 ns |  0.3133 ns | 0.0172 ns |         - |
| AsSpanCopyToAsSpan | .NET 6.0  | \r\n                   | Char[18]    |   5.445 ns |  0.6053 ns | 0.0332 ns |         - |
| Unsafe_CopyBlock   | .NET 6.0  | \r\n                   | Char[18]    |   5.662 ns |  0.2051 ns | 0.0112 ns |         - |
| Buffer_MemoryCopy  | .NET 6.0  | \r\n                   | Char[18]    |   6.975 ns |  0.3452 ns | 0.0189 ns |         - |
| CopyToCharArray    | .NET 6.0  | \r\n                   | Char[18]    |   8.195 ns |  0.7017 ns | 0.0385 ns |         - |
| DllImport_Memcpy   | .NET 6.0  | \r\n                   | Char[18]    |  10.810 ns |  1.4862 ns | 0.0815 ns |         - |
| DllImport_Memmove  | .NET 6.0  | \r\n                   | Char[18]    |  10.897 ns |  0.6958 ns | 0.0381 ns |         - |
|                    |           |                        |             |            |            |           |           |
| AsSpanCopyToAsSpan | .NET 6.0  | Sphin(...) vow! [37]   | Char[53]    |   6.148 ns |  0.4575 ns | 0.0251 ns |         - |
| Emit_Cpblk         | .NET 6.0  | Sphin(...) vow! [37]   | Char[53]    |   6.275 ns |  4.2751 ns | 0.2343 ns |         - |
| Unsafe_CopyBlock   | .NET 6.0  | Sphin(...) vow! [37]   | Char[53]    |   8.119 ns |  0.2863 ns | 0.0157 ns |         - |
| Buffer_MemoryCopy  | .NET 6.0  | Sphin(...) vow! [37]   | Char[53]    |   8.208 ns |  0.3355 ns | 0.0184 ns |         - |
| CopyToCharArray    | .NET 6.0  | Sphin(...) vow! [37]   | Char[53]    |   9.485 ns |  0.0859 ns | 0.0047 ns |         - |
| DllImport_Memmove  | .NET 6.0  | Sphin(...) vow! [37]   | Char[53]    |  12.243 ns |  4.7271 ns | 0.2591 ns |         - |
| DllImport_Memcpy   | .NET 6.0  | Sphin(...) vow! [37]   | Char[53]    |  32.778 ns |  3.4620 ns | 0.1898 ns |         - |
|                    |           |                        |             |            |            |           |           |
| Emit_Cpblk         | .NET 6.0  | '"\\\0(...){]}\\ [512] | Char[528]   |  14.707 ns |  0.5348 ns | 0.0293 ns |         - |
| Unsafe_CopyBlock   | .NET 6.0  | '"\\\0(...){]}\\ [512] | Char[528]   |  16.852 ns |  2.5286 ns | 0.1386 ns |         - |
| AsSpanCopyToAsSpan | .NET 6.0  | '"\\\0(...){]}\\ [512] | Char[528]   |  23.793 ns |  2.3796 ns | 0.1304 ns |         - |
| Buffer_MemoryCopy  | .NET 6.0  | '"\\\0(...){]}\\ [512] | Char[528]   |  26.342 ns |  3.0521 ns | 0.1673 ns |         - |
| CopyToCharArray    | .NET 6.0  | '"\\\0(...){]}\\ [512] | Char[528]   |  28.552 ns |  3.3212 ns | 0.1820 ns |         - |
| DllImport_Memcpy   | .NET 6.0  | '"\\\0(...){]}\\ [512] | Char[528]   |  31.635 ns |  1.3946 ns | 0.0764 ns |         - |
| DllImport_Memmove  | .NET 6.0  | '"\\\0(...){]}\\ [512] | Char[528]   |  31.691 ns | 10.5548 ns | 0.5785 ns |         - |
|                    |           |                        |             |            |            |           |           |
| Emit_Cpblk         | .NET 6.0  | '"\\\0(...)~!@# [4096] | Char[4112]  |  79.532 ns | 11.0315 ns | 0.6047 ns |         - |
| Unsafe_CopyBlock   | .NET 6.0  | '"\\\0(...)~!@# [4096] | Char[4112]  |  84.629 ns |  2.0385 ns | 0.1117 ns |         - |
| AsSpanCopyToAsSpan | .NET 6.0  | '"\\\0(...)~!@# [4096] | Char[4112]  |  88.197 ns | 17.8478 ns | 0.9783 ns |         - |
| Buffer_MemoryCopy  | .NET 6.0  | '"\\\0(...)~!@# [4096] | Char[4112]  |  90.245 ns |  2.7891 ns | 0.1529 ns |         - |
| CopyToCharArray    | .NET 6.0  | '"\\\0(...)~!@# [4096] | Char[4112]  |  90.384 ns | 37.1901 ns | 2.0385 ns |         - |
| DllImport_Memmove  | .NET 6.0  | '"\\\0(...)~!@# [4096] | Char[4112]  | 173.184 ns | 21.9320 ns | 1.2022 ns |         - |
| DllImport_Memcpy   | .NET 6.0  | '"\\\0(...)~!@# [4096] | Char[4112]  | 174.204 ns | 17.3335 ns | 0.9501 ns |         - |
|                    |           |                        |             |            |            |           |           |
| CopyToCharArray    | .NET 10.0 | ,                      | Char[17]    |   4.456 ns |  0.3228 ns | 0.0177 ns |         - |
| Emit_Cpblk         | .NET 10.0 | ,                      | Char[17]    |   4.777 ns |  0.2010 ns | 0.0110 ns |         - |
| AsSpanCopyToAsSpan | .NET 10.0 | ,                      | Char[17]    |   5.192 ns |  1.0970 ns | 0.0601 ns |         - |
| Unsafe_CopyBlock   | .NET 10.0 | ,                      | Char[17]    |   5.794 ns |  0.8129 ns | 0.0446 ns |         - |
| Buffer_MemoryCopy  | .NET 10.0 | ,                      | Char[17]    |   6.088 ns |  0.9763 ns | 0.0535 ns |         - |
| DllImport_Memcpy   | .NET 10.0 | ,                      | Char[17]    |  10.033 ns |  0.7222 ns | 0.0396 ns |         - |
| DllImport_Memmove  | .NET 10.0 | ,                      | Char[17]    |  10.084 ns |  0.8957 ns | 0.0491 ns |         - |
|                    |           |                        |             |            |            |           |           |
| CopyToCharArray    | .NET 10.0 | \r\n                   | Char[18]    |   4.431 ns |  2.1216 ns | 0.1163 ns |         - |
| Emit_Cpblk         | .NET 10.0 | \r\n                   | Char[18]    |   4.649 ns |  0.8354 ns | 0.0458 ns |         - |
| AsSpanCopyToAsSpan | .NET 10.0 | \r\n                   | Char[18]    |   4.916 ns |  0.4222 ns | 0.0231 ns |         - |
| Unsafe_CopyBlock   | .NET 10.0 | \r\n                   | Char[18]    |   5.666 ns |  0.9005 ns | 0.0494 ns |         - |
| Buffer_MemoryCopy  | .NET 10.0 | \r\n                   | Char[18]    |   5.903 ns |  0.5330 ns | 0.0292 ns |         - |
| DllImport_Memcpy   | .NET 10.0 | \r\n                   | Char[18]    |  10.871 ns |  0.3571 ns | 0.0196 ns |         - |
| DllImport_Memmove  | .NET 10.0 | \r\n                   | Char[18]    |  10.966 ns |  1.7615 ns | 0.0966 ns |         - |
|                    |           |                        |             |            |            |           |           |
| CopyToCharArray    | .NET 10.0 | Sphin(...) vow! [37]   | Char[53]    |   5.764 ns |  0.3087 ns | 0.0169 ns |         - |
| Emit_Cpblk         | .NET 10.0 | Sphin(...) vow! [37]   | Char[53]    |   5.782 ns |  1.1678 ns | 0.0640 ns |         - |
| AsSpanCopyToAsSpan | .NET 10.0 | Sphin(...) vow! [37]   | Char[53]    |   6.241 ns |  0.5189 ns | 0.0284 ns |         - |
| Unsafe_CopyBlock   | .NET 10.0 | Sphin(...) vow! [37]   | Char[53]    |   7.398 ns |  1.0465 ns | 0.0574 ns |         - |
| Buffer_MemoryCopy  | .NET 10.0 | Sphin(...) vow! [37]   | Char[53]    |   7.598 ns |  1.2349 ns | 0.0677 ns |         - |
| DllImport_Memmove  | .NET 10.0 | Sphin(...) vow! [37]   | Char[53]    |  12.893 ns |  0.5006 ns | 0.0274 ns |         - |
| DllImport_Memcpy   | .NET 10.0 | Sphin(...) vow! [37]   | Char[53]    |  13.321 ns |  0.8648 ns | 0.0474 ns |         - |
|                    |           |                        |             |            |            |           |           |
| CopyToCharArray    | .NET 10.0 | '"\\\0(...){]}\\ [512] | Char[528]   |  15.267 ns |  4.4244 ns | 0.2425 ns |         - |
| Buffer_MemoryCopy  | .NET 10.0 | '"\\\0(...){]}\\ [512] | Char[528]   |  15.951 ns |  2.0490 ns | 0.1123 ns |         - |
| Emit_Cpblk         | .NET 10.0 | '"\\\0(...){]}\\ [512] | Char[528]   |  16.357 ns |  1.7659 ns | 0.0968 ns |         - |
| Unsafe_CopyBlock   | .NET 10.0 | '"\\\0(...){]}\\ [512] | Char[528]   |  16.591 ns |  1.6273 ns | 0.0892 ns |         - |
| AsSpanCopyToAsSpan | .NET 10.0 | '"\\\0(...){]}\\ [512] | Char[528]   |  17.052 ns |  1.6523 ns | 0.0906 ns |         - |
| DllImport_Memcpy   | .NET 10.0 | '"\\\0(...){]}\\ [512] | Char[528]   |  28.788 ns |  4.1478 ns | 0.2274 ns |         - |
| DllImport_Memmove  | .NET 10.0 | '"\\\0(...){]}\\ [512] | Char[528]   |  29.695 ns |  1.0596 ns | 0.0581 ns |         - |
|                    |           |                        |             |            |            |           |           |
| AsSpanCopyToAsSpan | .NET 10.0 | '"\\\0(...)~!@# [4096] | Char[4112]  |  92.300 ns | 19.5935 ns | 1.0740 ns |         - |
| Emit_Cpblk         | .NET 10.0 | '"\\\0(...)~!@# [4096] | Char[4112]  |  92.588 ns |  1.5945 ns | 0.0874 ns |         - |
| Buffer_MemoryCopy  | .NET 10.0 | '"\\\0(...)~!@# [4096] | Char[4112]  |  92.648 ns |  6.6775 ns | 0.3660 ns |         - |
| Unsafe_CopyBlock   | .NET 10.0 | '"\\\0(...)~!@# [4096] | Char[4112]  |  92.696 ns |  1.4690 ns | 0.0805 ns |         - |
| CopyToCharArray    | .NET 10.0 | '"\\\0(...)~!@# [4096] | Char[4112]  |  96.343 ns | 50.1387 ns | 2.7483 ns |         - |
| DllImport_Memcpy   | .NET 10.0 | '"\\\0(...)~!@# [4096] | Char[4112]  | 172.899 ns |  7.8483 ns | 0.4302 ns |         - |
| DllImport_Memmove  | .NET 10.0 | '"\\\0(...)~!@# [4096] | Char[4112]  | 173.126 ns |  6.6793 ns | 0.3661 ns |         - |

// * Legends *
  source      : Value of the 'source' parameter
  destination : Value of the 'destination' parameter
  Mean        : Arithmetic mean of all measurements
  Error       : Half of 99.9% confidence interval
  StdDev      : Standard deviation of all measurements
  Allocated   : Allocated memory per single operation (managed only, inclusive, 1KB = 1024B)
  1 ns        : 1 Nanosecond (0.000000001 sec)

// * Diagnostic Output - MemoryDiagnoser *


// ***** BenchmarkRunner: End *****
Run time: 00:11:20 (680.27 sec), executed benchmarks: 70

Global total time: 00:12:15 (735.78 sec), executed benchmarks: 70
// * Artifacts cleanup *
Artifacts cleanup is finished
